2025/09/30 21:21:36 Running tools for the specified file(s)...
2025/09/30 21:21:36 Running pylint...
[
    {
        "type": "convention",
        "module": "examples.parallel_examples",
        "obj": "",
        "line": 19,
        "column": 0,
        "endLine": null,
        "endColumn": null,
        "path": "examples/parallel_examples.py",
        "symbol": "trailing-whitespace",
        "message": "Trailing whitespace",
        "message-id": "C0303"
    },
    {
        "type": "convention",
        "module": "examples.parallel_examples",
        "obj": "",
        "line": 25,
        "column": 0,
        "endLine": null,
        "endColumn": null,
        "path": "examples/parallel_examples.py",
        "symbol": "trailing-whitespace",
        "message": "Trailing whitespace",
        "message-id": "C0303"
    },
    {
        "type": "convention",
        "module": "examples.parallel_examples",
        "obj": "",
        "line": 36,
        "column": 0,
        "endLine": null,
        "endColumn": null,
        "path": "examples/parallel_examples.py",
        "symbol": "trailing-whitespace",
        "message": "Trailing whitespace",
        "message-id": "C0303"
    },
    {
        "type": "convention",
        "module": "examples.parallel_examples",
        "obj": "",
        "line": 47,
        "column": 0,
        "endLine": null,
        "endColumn": null,
        "path": "examples/parallel_examples.py",
        "symbol": "trailing-whitespace",
        "message": "Trailing whitespace",
        "message-id": "C0303"
    },
    {
        "type": "convention",
        "module": "examples.parallel_examples",
        "obj": "",
        "line": 50,
        "column": 0,
        "endLine": null,
        "endColumn": null,
        "path": "examples/parallel_examples.py",
        "symbol": "trailing-whitespace",
        "message": "Trailing whitespace",
        "message-id": "C0303"
    },
    {
        "type": "convention",
        "module": "examples.parallel_examples",
        "obj": "",
        "line": 53,
        "column": 0,
        "endLine": null,
        "endColumn": null,
        "path": "examples/parallel_examples.py",
        "symbol": "trailing-whitespace",
        "message": "Trailing whitespace",
        "message-id": "C0303"
    },
    {
        "type": "convention",
        "module": "examples.parallel_examples",
        "obj": "",
        "line": 67,
        "column": 0,
        "endLine": null,
        "endColumn": null,
        "path": "examples/parallel_examples.py",
        "symbol": "trailing-whitespace",
        "message": "Trailing whitespace",
        "message-id": "C0303"
    },
    {
        "type": "convention",
        "module": "examples.parallel_examples",
        "obj": "",
        "line": 70,
        "column": 0,
        "endLine": null,
        "endColumn": null,
        "path": "examples/parallel_examples.py",
        "symbol": "trailing-whitespace",
        "message": "Trailing whitespace",
        "message-id": "C0303"
    },
    {
        "type": "convention",
        "module": "examples.parallel_examples",
        "obj": "",
        "line": 73,
        "column": 0,
        "endLine": null,
        "endColumn": null,
        "path": "examples/parallel_examples.py",
        "symbol": "trailing-whitespace",
        "message": "Trailing whitespace",
        "message-id": "C0303"
    },
    {
        "type": "convention",
        "module": "examples.parallel_examples",
        "obj": "",
        "line": 77,
        "column": 0,
        "endLine": null,
        "endColumn": null,
        "path": "examples/parallel_examples.py",
        "symbol": "trailing-whitespace",
        "message": "Trailing whitespace",
        "message-id": "C0303"
    },
    {
        "type": "convention",
        "module": "examples.parallel_examples",
        "obj": "",
        "line": 81,
        "column": 0,
        "endLine": null,
        "endColumn": null,
        "path": "examples/parallel_examples.py",
        "symbol": "trailing-whitespace",
        "message": "Trailing whitespace",
        "message-id": "C0303"
    },
    {
        "type": "convention",
        "module": "examples.parallel_examples",
        "obj": "",
        "line": 93,
        "column": 0,
        "endLine": null,
        "endColumn": null,
        "path": "examples/parallel_examples.py",
        "symbol": "trailing-whitespace",
        "message": "Trailing whitespace",
        "message-id": "C0303"
    },
    {
        "type": "convention",
        "module": "examples.parallel_examples",
        "obj": "",
        "line": 99,
        "column": 0,
        "endLine": null,
        "endColumn": null,
        "path": "examples/parallel_examples.py",
        "symbol": "trailing-whitespace",
        "message": "Trailing whitespace",
        "message-id": "C0303"
    },
    {
        "type": "convention",
        "module": "examples.parallel_examples",
        "obj": "",
        "line": 104,
        "column": 0,
        "endLine": null,
        "endColumn": null,
        "path": "examples/parallel_examples.py",
        "symbol": "trailing-whitespace",
        "message": "Trailing whitespace",
        "message-id": "C0303"
    },
    {
        "type": "convention",
        "module": "examples.parallel_examples",
        "obj": "",
        "line": 109,
        "column": 0,
        "endLine": null,
        "endColumn": null,
        "path": "examples/parallel_examples.py",
        "symbol": "trailing-whitespace",
        "message": "Trailing whitespace",
        "message-id": "C0303"
    },
    {
        "type": "convention",
        "module": "examples.parallel_examples",
        "obj": "",
        "line": 116,
        "column": 0,
        "endLine": null,
        "endColumn": null,
        "path": "examples/parallel_examples.py",
        "symbol": "trailing-whitespace",
        "message": "Trailing whitespace",
        "message-id": "C0303"
    },
    {
        "type": "convention",
        "module": "examples.parallel_examples",
        "obj": "",
        "line": 119,
        "column": 0,
        "endLine": null,
        "endColumn": null,
        "path": "examples/parallel_examples.py",
        "symbol": "trailing-whitespace",
        "message": "Trailing whitespace",
        "message-id": "C0303"
    },
    {
        "type": "convention",
        "module": "examples.parallel_examples",
        "obj": "",
        "line": 122,
        "column": 0,
        "endLine": null,
        "endColumn": null,
        "path": "examples/parallel_examples.py",
        "symbol": "trailing-whitespace",
        "message": "Trailing whitespace",
        "message-id": "C0303"
    },
    {
        "type": "convention",
        "module": "examples.parallel_examples",
        "obj": "",
        "line": 126,
        "column": 0,
        "endLine": null,
        "endColumn": null,
        "path": "examples/parallel_examples.py",
        "symbol": "trailing-whitespace",
        "message": "Trailing whitespace",
        "message-id": "C0303"
    },
    {
        "type": "convention",
        "module": "examples.parallel_examples",
        "obj": "",
        "line": 135,
        "column": 0,
        "endLine": null,
        "endColumn": null,
        "path": "examples/parallel_examples.py",
        "symbol": "trailing-whitespace",
        "message": "Trailing whitespace",
        "message-id": "C0303"
    },
    {
        "type": "convention",
        "module": "examples.parallel_examples",
        "obj": "",
        "line": 148,
        "column": 0,
        "endLine": null,
        "endColumn": null,
        "path": "examples/parallel_examples.py",
        "symbol": "trailing-whitespace",
        "message": "Trailing whitespace",
        "message-id": "C0303"
    },
    {
        "type": "convention",
        "module": "examples.parallel_examples",
        "obj": "",
        "line": 154,
        "column": 0,
        "endLine": null,
        "endColumn": null,
        "path": "examples/parallel_examples.py",
        "symbol": "trailing-whitespace",
        "message": "Trailing whitespace",
        "message-id": "C0303"
    },
    {
        "type": "convention",
        "module": "examples.parallel_examples",
        "obj": "",
        "line": 159,
        "column": 0,
        "endLine": null,
        "endColumn": null,
        "path": "examples/parallel_examples.py",
        "symbol": "trailing-whitespace",
        "message": "Trailing whitespace",
        "message-id": "C0303"
    },
    {
        "type": "convention",
        "module": "examples.parallel_examples",
        "obj": "",
        "line": 164,
        "column": 0,
        "endLine": null,
        "endColumn": null,
        "path": "examples/parallel_examples.py",
        "symbol": "trailing-whitespace",
        "message": "Trailing whitespace",
        "message-id": "C0303"
    },
    {
        "type": "convention",
        "module": "examples.parallel_examples",
        "obj": "",
        "line": 186,
        "column": 0,
        "endLine": null,
        "endColumn": null,
        "path": "examples/parallel_examples.py",
        "symbol": "trailing-whitespace",
        "message": "Trailing whitespace",
        "message-id": "C0303"
    },
    {
        "type": "convention",
        "module": "examples.parallel_examples",
        "obj": "",
        "line": 189,
        "column": 0,
        "endLine": null,
        "endColumn": null,
        "path": "examples/parallel_examples.py",
        "symbol": "trailing-whitespace",
        "message": "Trailing whitespace",
        "message-id": "C0303"
    },
    {
        "type": "convention",
        "module": "examples.parallel_examples",
        "obj": "",
        "line": 194,
        "column": 0,
        "endLine": null,
        "endColumn": null,
        "path": "examples/parallel_examples.py",
        "symbol": "trailing-whitespace",
        "message": "Trailing whitespace",
        "message-id": "C0303"
    },
    {
        "type": "convention",
        "module": "examples.parallel_examples",
        "obj": "",
        "line": 202,
        "column": 0,
        "endLine": null,
        "endColumn": null,
        "path": "examples/parallel_examples.py",
        "symbol": "trailing-whitespace",
        "message": "Trailing whitespace",
        "message-id": "C0303"
    },
    {
        "type": "convention",
        "module": "examples.parallel_examples",
        "obj": "",
        "line": 215,
        "column": 0,
        "endLine": null,
        "endColumn": null,
        "path": "examples/parallel_examples.py",
        "symbol": "trailing-whitespace",
        "message": "Trailing whitespace",
        "message-id": "C0303"
    },
    {
        "type": "convention",
        "module": "examples.parallel_examples",
        "obj": "",
        "line": 217,
        "column": 0,
        "endLine": null,
        "endColumn": null,
        "path": "examples/parallel_examples.py",
        "symbol": "trailing-whitespace",
        "message": "Trailing whitespace",
        "message-id": "C0303"
    },
    {
        "type": "convention",
        "module": "examples.parallel_examples",
        "obj": "",
        "line": 222,
        "column": 0,
        "endLine": null,
        "endColumn": null,
        "path": "examples/parallel_examples.py",
        "symbol": "trailing-whitespace",
        "message": "Trailing whitespace",
        "message-id": "C0303"
    },
    {
        "type": "convention",
        "module": "examples.parallel_examples",
        "obj": "",
        "line": 225,
        "column": 0,
        "endLine": null,
        "endColumn": null,
        "path": "examples/parallel_examples.py",
        "symbol": "trailing-whitespace",
        "message": "Trailing whitespace",
        "message-id": "C0303"
    },
    {
        "type": "convention",
        "module": "examples.parallel_examples",
        "obj": "",
        "line": 234,
        "column": 0,
        "endLine": null,
        "endColumn": null,
        "path": "examples/parallel_examples.py",
        "symbol": "trailing-whitespace",
        "message": "Trailing whitespace",
        "message-id": "C0303"
    },
    {
        "type": "convention",
        "module": "examples.parallel_examples",
        "obj": "",
        "line": 237,
        "column": 0,
        "endLine": null,
        "endColumn": null,
        "path": "examples/parallel_examples.py",
        "symbol": "trailing-whitespace",
        "message": "Trailing whitespace",
        "message-id": "C0303"
    },
    {
        "type": "convention",
        "module": "examples.parallel_examples",
        "obj": "",
        "line": 248,
        "column": 0,
        "endLine": null,
        "endColumn": null,
        "path": "examples/parallel_examples.py",
        "symbol": "trailing-whitespace",
        "message": "Trailing whitespace",
        "message-id": "C0303"
    },
    {
        "type": "convention",
        "module": "examples.parallel_examples",
        "obj": "",
        "line": 254,
        "column": 0,
        "endLine": null,
        "endColumn": null,
        "path": "examples/parallel_examples.py",
        "symbol": "trailing-whitespace",
        "message": "Trailing whitespace",
        "message-id": "C0303"
    },
    {
        "type": "convention",
        "module": "examples.parallel_examples",
        "obj": "",
        "line": 258,
        "column": 0,
        "endLine": null,
        "endColumn": null,
        "path": "examples/parallel_examples.py",
        "symbol": "trailing-whitespace",
        "message": "Trailing whitespace",
        "message-id": "C0303"
    },
    {
        "type": "convention",
        "module": "examples.parallel_examples",
        "obj": "",
        "line": 273,
        "column": 0,
        "endLine": null,
        "endColumn": null,
        "path": "examples/parallel_examples.py",
        "symbol": "trailing-whitespace",
        "message": "Trailing whitespace",
        "message-id": "C0303"
    },
    {
        "type": "convention",
        "module": "examples.parallel_examples",
        "obj": "",
        "line": 276,
        "column": 0,
        "endLine": null,
        "endColumn": null,
        "path": "examples/parallel_examples.py",
        "symbol": "trailing-whitespace",
        "message": "Trailing whitespace",
        "message-id": "C0303"
    },
    {
        "type": "convention",
        "module": "examples.parallel_examples",
        "obj": "",
        "line": 282,
        "column": 0,
        "endLine": null,
        "endColumn": null,
        "path": "examples/parallel_examples.py",
        "symbol": "trailing-whitespace",
        "message": "Trailing whitespace",
        "message-id": "C0303"
    },
    {
        "type": "convention",
        "module": "examples.parallel_examples",
        "obj": "",
        "line": 285,
        "column": 0,
        "endLine": null,
        "endColumn": null,
        "path": "examples/parallel_examples.py",
        "symbol": "trailing-whitespace",
        "message": "Trailing whitespace",
        "message-id": "C0303"
    },
    {
        "type": "convention",
        "module": "examples.parallel_examples",
        "obj": "",
        "line": 291,
        "column": 0,
        "endLine": null,
        "endColumn": null,
        "path": "examples/parallel_examples.py",
        "symbol": "trailing-whitespace",
        "message": "Trailing whitespace",
        "message-id": "C0303"
    },
    {
        "type": "convention",
        "module": "examples.parallel_examples",
        "obj": "",
        "line": 297,
        "column": 0,
        "endLine": null,
        "endColumn": null,
        "path": "examples/parallel_examples.py",
        "symbol": "trailing-whitespace",
        "message": "Trailing whitespace",
        "message-id": "C0303"
    },
    {
        "type": "convention",
        "module": "examples.parallel_examples",
        "obj": "",
        "line": 313,
        "column": 0,
        "endLine": null,
        "endColumn": null,
        "path": "examples/parallel_examples.py",
        "symbol": "trailing-whitespace",
        "message": "Trailing whitespace",
        "message-id": "C0303"
    },
    {
        "type": "convention",
        "module": "examples.parallel_examples",
        "obj": "",
        "line": 316,
        "column": 0,
        "endLine": null,
        "endColumn": null,
        "path": "examples/parallel_examples.py",
        "symbol": "trailing-whitespace",
        "message": "Trailing whitespace",
        "message-id": "C0303"
    },
    {
        "type": "convention",
        "module": "examples.parallel_examples",
        "obj": "",
        "line": 322,
        "column": 0,
        "endLine": null,
        "endColumn": null,
        "path": "examples/parallel_examples.py",
        "symbol": "trailing-whitespace",
        "message": "Trailing whitespace",
        "message-id": "C0303"
    },
    {
        "type": "warning",
        "module": "examples.parallel_examples",
        "obj": "benchmark_performance",
        "line": 252,
        "column": 4,
        "endLine": 252,
        "endColumn": 20,
        "path": "examples/parallel_examples.py",
        "symbol": "unused-variable",
        "message": "Unused variable 'parallel_results'",
        "message-id": "W0612"
    },
    {
        "type": "warning",
        "module": "examples.parallel_examples",
        "obj": "",
        "line": 10,
        "column": 0,
        "endLine": 10,
        "endColumn": 28,
        "path": "examples/parallel_examples.py",
        "symbol": "unused-import",
        "message": "Unused Dict imported from typing",
        "message-id": "W0611"
    },
    {
        "type": "warning",
        "module": "examples.parallel_examples",
        "obj": "",
        "line": 16,
        "column": 4,
        "endLine": 16,
        "endColumn": 104,
        "path": "examples/parallel_examples.py",
        "symbol": "unused-import",
        "message": "Unused ParallelConfig imported from Oraculo.core.parallel_engine",
        "message-id": "W0611"
    },
    {
        "type": "convention",
        "module": "Oraculo.lottery_orchestrator",
        "obj": "",
        "line": 40,
        "column": 0,
        "endLine": null,
        "endColumn": null,
        "path": "Oraculo/lottery_orchestrator.py",
        "symbol": "trailing-whitespace",
        "message": "Trailing whitespace",
        "message-id": "C0303"
    },
    {
        "type": "convention",
        "module": "Oraculo.lottery_orchestrator",
        "obj": "",
        "line": 59,
        "column": 0,
        "endLine": null,
        "endColumn": null,
        "path": "Oraculo/lottery_orchestrator.py",
        "symbol": "trailing-whitespace",
        "message": "Trailing whitespace",
        "message-id": "C0303"
    },
    {
        "type": "convention",
        "module": "Oraculo.lottery_orchestrator",
        "obj": "",
        "line": 65,
        "column": 0,
        "endLine": null,
        "endColumn": null,
        "path": "Oraculo/lottery_orchestrator.py",
        "symbol": "trailing-whitespace",
        "message": "Trailing whitespace",
        "message-id": "C0303"
    },
    {
        "type": "convention",
        "module": "Oraculo.lottery_orchestrator",
        "obj": "",
        "line": 68,
        "column": 0,
        "endLine": null,
        "endColumn": null,
        "path": "Oraculo/lottery_orchestrator.py",
        "symbol": "trailing-whitespace",
        "message": "Trailing whitespace",
        "message-id": "C0303"
    },
    {
        "type": "convention",
        "module": "Oraculo.lottery_orchestrator",
        "obj": "",
        "line": 75,
        "column": 0,
        "endLine": null,
        "endColumn": null,
        "path": "Oraculo/lottery_orchestrator.py",
        "symbol": "trailing-whitespace",
        "message": "Trailing whitespace",
        "message-id": "C0303"
    },
    {
        "type": "convention",
        "module": "Oraculo.lottery_orchestrator",
        "obj": "",
        "line": 97,
        "column": 0,
        "endLine": null,
        "endColumn": null,
        "path": "Oraculo/lottery_orchestrator.py",
        "symbol": "trailing-whitespace",
        "message": "Trailing whitespace",
        "message-id": "C0303"
    },
    {
        "type": "convention",
        "module": "Oraculo.lottery_orchestrator",
        "obj": "",
        "line": 100,
        "column": 0,
        "endLine": null,
        "endColumn": null,
        "path": "Oraculo/lottery_orchestrator.py",
        "symbol": "trailing-whitespace",
        "message": "Trailing whitespace",
        "message-id": "C0303"
    },
    {
        "type": "convention",
        "module": "Oraculo.lottery_orchestrator",
        "obj": "",
        "line": 104,
        "column": 0,
        "endLine": null,
        "endColumn": null,
        "path": "Oraculo/lottery_orchestrator.py",
        "symbol": "trailing-whitespace",
        "message": "Trailing whitespace",
        "message-id": "C0303"
    },
    {
        "type": "convention",
        "module": "Oraculo.lottery_orchestrator",
        "obj": "",
        "line": 108,
        "column": 0,
        "endLine": null,
        "endColumn": null,
        "path": "Oraculo/lottery_orchestrator.py",
        "symbol": "trailing-whitespace",
        "message": "Trailing whitespace",
        "message-id": "C0303"
    },
    {
        "type": "convention",
        "module": "Oraculo.lottery_orchestrator",
        "obj": "",
        "line": 112,
        "column": 0,
        "endLine": null,
        "endColumn": null,
        "path": "Oraculo/lottery_orchestrator.py",
        "symbol": "trailing-whitespace",
        "message": "Trailing whitespace",
        "message-id": "C0303"
    },
    {
        "type": "convention",
        "module": "Oraculo.lottery_orchestrator",
        "obj": "",
        "line": 116,
        "column": 0,
        "endLine": null,
        "endColumn": null,
        "path": "Oraculo/lottery_orchestrator.py",
        "symbol": "trailing-whitespace",
        "message": "Trailing whitespace",
        "message-id": "C0303"
    },
    {
        "type": "convention",
        "module": "Oraculo.lottery_orchestrator",
        "obj": "",
        "line": 124,
        "column": 0,
        "endLine": null,
        "endColumn": null,
        "path": "Oraculo/lottery_orchestrator.py",
        "symbol": "trailing-whitespace",
        "message": "Trailing whitespace",
        "message-id": "C0303"
    },
    {
        "type": "convention",
        "module": "Oraculo.lottery_orchestrator",
        "obj": "",
        "line": 126,
        "column": 0,
        "endLine": null,
        "endColumn": null,
        "path": "Oraculo/lottery_orchestrator.py",
        "symbol": "trailing-whitespace",
        "message": "Trailing whitespace",
        "message-id": "C0303"
    },
    {
        "type": "convention",
        "module": "Oraculo.lottery_orchestrator",
        "obj": "",
        "line": 144,
        "column": 0,
        "endLine": null,
        "endColumn": null,
        "path": "Oraculo/lottery_orchestrator.py",
        "symbol": "trailing-whitespace",
        "message": "Trailing whitespace",
        "message-id": "C0303"
    },
    {
        "type": "convention",
        "module": "Oraculo.lottery_orchestrator",
        "obj": "",
        "line": 150,
        "column": 0,
        "endLine": null,
        "endColumn": null,
        "path": "Oraculo/lottery_orchestrator.py",
        "symbol": "trailing-whitespace",
        "message": "Trailing whitespace",
        "message-id": "C0303"
    },
    {
        "type": "convention",
        "module": "Oraculo.lottery_orchestrator",
        "obj": "",
        "line": 156,
        "column": 0,
        "endLine": null,
        "endColumn": null,
        "path": "Oraculo/lottery_orchestrator.py",
        "symbol": "trailing-whitespace",
        "message": "Trailing whitespace",
        "message-id": "C0303"
    },
    {
        "type": "convention",
        "module": "Oraculo.lottery_orchestrator",
        "obj": "",
        "line": 162,
        "column": 0,
        "endLine": null,
        "endColumn": null,
        "path": "Oraculo/lottery_orchestrator.py",
        "symbol": "trailing-whitespace",
        "message": "Trailing whitespace",
        "message-id": "C0303"
    },
    {
        "type": "convention",
        "module": "Oraculo.lottery_orchestrator",
        "obj": "",
        "line": 168,
        "column": 0,
        "endLine": null,
        "endColumn": null,
        "path": "Oraculo/lottery_orchestrator.py",
        "symbol": "trailing-whitespace",
        "message": "Trailing whitespace",
        "message-id": "C0303"
    },
    {
        "type": "convention",
        "module": "Oraculo.lottery_orchestrator",
        "obj": "",
        "line": 170,
        "column": 0,
        "endLine": null,
        "endColumn": null,
        "path": "Oraculo/lottery_orchestrator.py",
        "symbol": "trailing-whitespace",
        "message": "Trailing whitespace",
        "message-id": "C0303"
    },
    {
        "type": "convention",
        "module": "Oraculo.lottery_orchestrator",
        "obj": "",
        "line": 179,
        "column": 0,
        "endLine": null,
        "endColumn": null,
        "path": "Oraculo/lottery_orchestrator.py",
        "symbol": "trailing-whitespace",
        "message": "Trailing whitespace",
        "message-id": "C0303"
    },
    {
        "type": "convention",
        "module": "Oraculo.lottery_orchestrator",
        "obj": "",
        "line": 182,
        "column": 78,
        "endLine": null,
        "endColumn": null,
        "path": "Oraculo/lottery_orchestrator.py",
        "symbol": "trailing-whitespace",
        "message": "Trailing whitespace",
        "message-id": "C0303"
    },
    {
        "type": "convention",
        "module": "Oraculo.lottery_orchestrator",
        "obj": "",
        "line": 187,
        "column": 0,
        "endLine": null,
        "endColumn": null,
        "path": "Oraculo/lottery_orchestrator.py",
        "symbol": "trailing-whitespace",
        "message": "Trailing whitespace",
        "message-id": "C0303"
    },
    {
        "type": "convention",
        "module": "Oraculo.lottery_orchestrator",
        "obj": "",
        "line": 191,
        "column": 0,
        "endLine": null,
        "endColumn": null,
        "path": "Oraculo/lottery_orchestrator.py",
        "symbol": "trailing-whitespace",
        "message": "Trailing whitespace",
        "message-id": "C0303"
    },
    {
        "type": "convention",
        "module": "Oraculo.lottery_orchestrator",
        "obj": "",
        "line": 197,
        "column": 0,
        "endLine": null,
        "endColumn": null,
        "path": "Oraculo/lottery_orchestrator.py",
        "symbol": "trailing-whitespace",
        "message": "Trailing whitespace",
        "message-id": "C0303"
    },
    {
        "type": "convention",
        "module": "Oraculo.lottery_orchestrator",
        "obj": "",
        "line": 204,
        "column": 0,
        "endLine": null,
        "endColumn": null,
        "path": "Oraculo/lottery_orchestrator.py",
        "symbol": "trailing-whitespace",
        "message": "Trailing whitespace",
        "message-id": "C0303"
    },
    {
        "type": "warning",
        "module": "Oraculo.common.models.evolutionary",
        "obj": "evolve_population",
        "line": 38,
        "column": 8,
        "endLine": 38,
        "endColumn": 11,
        "path": "Oraculo/common/models/evolutionary.py",
        "symbol": "unused-variable",
        "message": "Unused variable 'gen'",
        "message-id": "W0612"
    },
    {
        "type": "convention",
        "module": "Oraculo.common.models.monte_carlo",
        "obj": "",
        "line": 18,
        "column": 0,
        "endLine": null,
        "endColumn": null,
        "path": "Oraculo/common/models/monte_carlo.py",
        "symbol": "trailing-whitespace",
        "message": "Trailing whitespace",
        "message-id": "C0303"
    },
    {
        "type": "convention",
        "module": "Oraculo.common.models.monte_carlo",
        "obj": "",
        "line": 33,
        "column": 0,
        "endLine": null,
        "endColumn": null,
        "path": "Oraculo/common/models/monte_carlo.py",
        "symbol": "trailing-whitespace",
        "message": "Trailing whitespace",
        "message-id": "C0303"
    },
    {
        "type": "convention",
        "module": "Oraculo.common.models.monte_carlo",
        "obj": "",
        "line": 41,
        "column": 0,
        "endLine": null,
        "endColumn": null,
        "path": "Oraculo/common/models/monte_carlo.py",
        "symbol": "trailing-whitespace",
        "message": "Trailing whitespace",
        "message-id": "C0303"
    },
    {
        "type": "convention",
        "module": "Oraculo.common.models.monte_carlo",
        "obj": "",
        "line": 56,
        "column": 0,
        "endLine": null,
        "endColumn": null,
        "path": "Oraculo/common/models/monte_carlo.py",
        "symbol": "trailing-whitespace",
        "message": "Trailing whitespace",
        "message-id": "C0303"
    },
    {
        "type": "convention",
        "module": "Oraculo.common.models.monte_carlo",
        "obj": "",
        "line": 61,
        "column": 0,
        "endLine": null,
        "endColumn": null,
        "path": "Oraculo/common/models/monte_carlo.py",
        "symbol": "trailing-whitespace",
        "message": "Trailing whitespace",
        "message-id": "C0303"
    },
    {
        "type": "convention",
        "module": "Oraculo.common.models.monte_carlo",
        "obj": "",
        "line": 65,
        "column": 0,
        "endLine": null,
        "endColumn": null,
        "path": "Oraculo/common/models/monte_carlo.py",
        "symbol": "trailing-whitespace",
        "message": "Trailing whitespace",
        "message-id": "C0303"
    },
    {
        "type": "convention",
        "module": "Oraculo.common.models.monte_carlo",
        "obj": "",
        "line": 70,
        "column": 0,
        "endLine": null,
        "endColumn": null,
        "path": "Oraculo/common/models/monte_carlo.py",
        "symbol": "trailing-whitespace",
        "message": "Trailing whitespace",
        "message-id": "C0303"
    },
    {
        "type": "convention",
        "module": "Oraculo.common.models.monte_carlo",
        "obj": "",
        "line": 75,
        "column": 0,
        "endLine": null,
        "endColumn": null,
        "path": "Oraculo/common/models/monte_carlo.py",
        "symbol": "trailing-whitespace",
        "message": "Trailing whitespace",
        "message-id": "C0303"
    },
    {
        "type": "convention",
        "module": "Oraculo.common.models.monte_carlo",
        "obj": "",
        "line": 86,
        "column": 0,
        "endLine": null,
        "endColumn": null,
        "path": "Oraculo/common/models/monte_carlo.py",
        "symbol": "trailing-whitespace",
        "message": "Trailing whitespace",
        "message-id": "C0303"
    },
    {
        "type": "convention",
        "module": "Oraculo.common.models.monte_carlo",
        "obj": "",
        "line": 93,
        "column": 0,
        "endLine": null,
        "endColumn": null,
        "path": "Oraculo/common/models/monte_carlo.py",
        "symbol": "trailing-whitespace",
        "message": "Trailing whitespace",
        "message-id": "C0303"
    },
    {
        "type": "convention",
        "module": "Oraculo.common.models.monte_carlo",
        "obj": "",
        "line": 99,
        "column": 0,
        "endLine": null,
        "endColumn": null,
        "path": "Oraculo/common/models/monte_carlo.py",
        "symbol": "trailing-whitespace",
        "message": "Trailing whitespace",
        "message-id": "C0303"
    },
    {
        "type": "convention",
        "module": "Oraculo.common.models.monte_carlo",
        "obj": "",
        "line": 104,
        "column": 0,
        "endLine": null,
        "endColumn": null,
        "path": "Oraculo/common/models/monte_carlo.py",
        "symbol": "trailing-whitespace",
        "message": "Trailing whitespace",
        "message-id": "C0303"
    },
    {
        "type": "convention",
        "module": "Oraculo.common.models.monte_carlo",
        "obj": "",
        "line": 114,
        "column": 0,
        "endLine": null,
        "endColumn": null,
        "path": "Oraculo/common/models/monte_carlo.py",
        "symbol": "trailing-whitespace",
        "message": "Trailing whitespace",
        "message-id": "C0303"
    },
    {
        "type": "convention",
        "module": "Oraculo.common.models.monte_carlo",
        "obj": "",
        "line": 116,
        "column": 0,
        "endLine": null,
        "endColumn": null,
        "path": "Oraculo/common/models/monte_carlo.py",
        "symbol": "trailing-whitespace",
        "message": "Trailing whitespace",
        "message-id": "C0303"
    },
    {
        "type": "convention",
        "module": "Oraculo.common.models.monte_carlo",
        "obj": "",
        "line": 120,
        "column": 0,
        "endLine": null,
        "endColumn": null,
        "path": "Oraculo/common/models/monte_carlo.py",
        "symbol": "trailing-whitespace",
        "message": "Trailing whitespace",
        "message-id": "C0303"
    },
    {
        "type": "convention",
        "module": "Oraculo.common.models.monte_carlo",
        "obj": "",
        "line": 125,
        "column": 0,
        "endLine": null,
        "endColumn": null,
        "path": "Oraculo/common/models/monte_carlo.py",
        "symbol": "trailing-whitespace",
        "message": "Trailing whitespace",
        "message-id": "C0303"
    },
    {
        "type": "convention",
        "module": "Oraculo.common.models.monte_carlo",
        "obj": "",
        "line": 128,
        "column": 31,
        "endLine": null,
        "endColumn": null,
        "path": "Oraculo/common/models/monte_carlo.py",
        "symbol": "trailing-whitespace",
        "message": "Trailing whitespace",
        "message-id": "C0303"
    },
    {
        "type": "convention",
        "module": "Oraculo.common.models.monte_carlo",
        "obj": "",
        "line": 129,
        "column": 39,
        "endLine": null,
        "endColumn": null,
        "path": "Oraculo/common/models/monte_carlo.py",
        "symbol": "trailing-whitespace",
        "message": "Trailing whitespace",
        "message-id": "C0303"
    },
    {
        "type": "convention",
        "module": "Oraculo.common.models.monte_carlo",
        "obj": "",
        "line": 130,
        "column": 26,
        "endLine": null,
        "endColumn": null,
        "path": "Oraculo/common/models/monte_carlo.py",
        "symbol": "trailing-whitespace",
        "message": "Trailing whitespace",
        "message-id": "C0303"
    },
    {
        "type": "convention",
        "module": "Oraculo.common.models.monte_carlo",
        "obj": "",
        "line": 134,
        "column": 0,
        "endLine": null,
        "endColumn": null,
        "path": "Oraculo/common/models/monte_carlo.py",
        "symbol": "trailing-whitespace",
        "message": "Trailing whitespace",
        "message-id": "C0303"
    },
    {
        "type": "convention",
        "module": "Oraculo.common.models.monte_carlo",
        "obj": "",
        "line": 139,
        "column": 0,
        "endLine": null,
        "endColumn": null,
        "path": "Oraculo/common/models/monte_carlo.py",
        "symbol": "trailing-whitespace",
        "message": "Trailing whitespace",
        "message-id": "C0303"
    },
    {
        "type": "convention",
        "module": "Oraculo.common.models.monte_carlo",
        "obj": "",
        "line": 149,
        "column": 0,
        "endLine": null,
        "endColumn": null,
        "path": "Oraculo/common/models/monte_carlo.py",
        "symbol": "trailing-whitespace",
        "message": "Trailing whitespace",
        "message-id": "C0303"
    },
    {
        "type": "convention",
        "module": "Oraculo.common.models.monte_carlo",
        "obj": "",
        "line": 154,
        "column": 0,
        "endLine": null,
        "endColumn": null,
        "path": "Oraculo/common/models/monte_carlo.py",
        "symbol": "trailing-whitespace",
        "message": "Trailing whitespace",
        "message-id": "C0303"
    },
    {
        "type": "convention",
        "module": "Oraculo.common.models.monte_carlo",
        "obj": "",
        "line": 163,
        "column": 0,
        "endLine": null,
        "endColumn": null,
        "path": "Oraculo/common/models/monte_carlo.py",
        "symbol": "trailing-whitespace",
        "message": "Trailing whitespace",
        "message-id": "C0303"
    },
    {
        "type": "convention",
        "module": "Oraculo.common.models.monte_carlo",
        "obj": "",
        "line": 168,
        "column": 0,
        "endLine": null,
        "endColumn": null,
        "path": "Oraculo/common/models/monte_carlo.py",
        "symbol": "trailing-whitespace",
        "message": "Trailing whitespace",
        "message-id": "C0303"
    },
    {
        "type": "convention",
        "module": "Oraculo.common.models.monte_carlo",
        "obj": "",
        "line": 173,
        "column": 0,
        "endLine": null,
        "endColumn": null,
        "path": "Oraculo/common/models/monte_carlo.py",
        "symbol": "trailing-whitespace",
        "message": "Trailing whitespace",
        "message-id": "C0303"
    },
    {
        "type": "convention",
        "module": "Oraculo.common.models.monte_carlo",
        "obj": "",
        "line": 177,
        "column": 0,
        "endLine": null,
        "endColumn": null,
        "path": "Oraculo/common/models/monte_carlo.py",
        "symbol": "trailing-whitespace",
        "message": "Trailing whitespace",
        "message-id": "C0303"
    },
    {
        "type": "convention",
        "module": "Oraculo.common.models.monte_carlo",
        "obj": "",
        "line": 179,
        "column": 72,
        "endLine": null,
        "endColumn": null,
        "path": "Oraculo/common/models/monte_carlo.py",
        "symbol": "trailing-whitespace",
        "message": "Trailing whitespace",
        "message-id": "C0303"
    },
    {
        "type": "convention",
        "module": "Oraculo.common.models.monte_carlo",
        "obj": "",
        "line": 182,
        "column": 0,
        "endLine": null,
        "endColumn": null,
        "path": "Oraculo/common/models/monte_carlo.py",
        "symbol": "trailing-whitespace",
        "message": "Trailing whitespace",
        "message-id": "C0303"
    },
    {
        "type": "convention",
        "module": "Oraculo.common.models.monte_carlo",
        "obj": "",
        "line": 188,
        "column": 0,
        "endLine": null,
        "endColumn": null,
        "path": "Oraculo/common/models/monte_carlo.py",
        "symbol": "trailing-whitespace",
        "message": "Trailing whitespace",
        "message-id": "C0303"
    },
    {
        "type": "convention",
        "module": "Oraculo.common.models.monte_carlo",
        "obj": "",
        "line": 191,
        "column": 0,
        "endLine": null,
        "endColumn": null,
        "path": "Oraculo/common/models/monte_carlo.py",
        "symbol": "trailing-whitespace",
        "message": "Trailing whitespace",
        "message-id": "C0303"
    },
    {
        "type": "convention",
        "module": "Oraculo.common.models.monte_carlo",
        "obj": "",
        "line": 195,
        "column": 0,
        "endLine": null,
        "endColumn": null,
        "path": "Oraculo/common/models/monte_carlo.py",
        "symbol": "trailing-whitespace",
        "message": "Trailing whitespace",
        "message-id": "C0303"
    },
    {
        "type": "convention",
        "module": "Oraculo.common.models.monte_carlo",
        "obj": "",
        "line": 200,
        "column": 0,
        "endLine": null,
        "endColumn": null,
        "path": "Oraculo/common/models/monte_carlo.py",
        "symbol": "trailing-whitespace",
        "message": "Trailing whitespace",
        "message-id": "C0303"
    },
    {
        "type": "convention",
        "module": "Oraculo.common.models.monte_carlo",
        "obj": "",
        "line": 203,
        "column": 0,
        "endLine": null,
        "endColumn": null,
        "path": "Oraculo/common/models/monte_carlo.py",
        "symbol": "trailing-whitespace",
        "message": "Trailing whitespace",
        "message-id": "C0303"
    },
    {
        "type": "convention",
        "module": "Oraculo.common.models.monte_carlo",
        "obj": "",
        "line": 206,
        "column": 0,
        "endLine": null,
        "endColumn": null,
        "path": "Oraculo/common/models/monte_carlo.py",
        "symbol": "trailing-whitespace",
        "message": "Trailing whitespace",
        "message-id": "C0303"
    },
    {
        "type": "convention",
        "module": "Oraculo.common.models.monte_carlo",
        "obj": "",
        "line": 209,
        "column": 0,
        "endLine": null,
        "endColumn": null,
        "path": "Oraculo/common/models/monte_carlo.py",
        "symbol": "trailing-whitespace",
        "message": "Trailing whitespace",
        "message-id": "C0303"
    },
    {
        "type": "convention",
        "module": "Oraculo.common.models.monte_carlo",
        "obj": "",
        "line": 213,
        "column": 0,
        "endLine": null,
        "endColumn": null,
        "path": "Oraculo/common/models/monte_carlo.py",
        "symbol": "trailing-whitespace",
        "message": "Trailing whitespace",
        "message-id": "C0303"
    },
    {
        "type": "convention",
        "module": "Oraculo.common.models.monte_carlo",
        "obj": "",
        "line": 217,
        "column": 0,
        "endLine": null,
        "endColumn": null,
        "path": "Oraculo/common/models/monte_carlo.py",
        "symbol": "trailing-whitespace",
        "message": "Trailing whitespace",
        "message-id": "C0303"
    },
    {
        "type": "convention",
        "module": "Oraculo.common.models.monte_carlo",
        "obj": "",
        "line": 220,
        "column": 0,
        "endLine": null,
        "endColumn": null,
        "path": "Oraculo/common/models/monte_carlo.py",
        "symbol": "trailing-whitespace",
        "message": "Trailing whitespace",
        "message-id": "C0303"
    },
    {
        "type": "convention",
        "module": "Oraculo.common.models.monte_carlo",
        "obj": "",
        "line": 224,
        "column": 0,
        "endLine": null,
        "endColumn": null,
        "path": "Oraculo/common/models/monte_carlo.py",
        "symbol": "trailing-whitespace",
        "message": "Trailing whitespace",
        "message-id": "C0303"
    },
    {
        "type": "convention",
        "module": "Oraculo.common.models.monte_carlo",
        "obj": "",
        "line": 231,
        "column": 0,
        "endLine": null,
        "endColumn": null,
        "path": "Oraculo/common/models/monte_carlo.py",
        "symbol": "trailing-whitespace",
        "message": "Trailing whitespace",
        "message-id": "C0303"
    },
    {
        "type": "convention",
        "module": "Oraculo.common.models.monte_carlo",
        "obj": "",
        "line": 233,
        "column": 0,
        "endLine": null,
        "endColumn": null,
        "path": "Oraculo/common/models/monte_carlo.py",
        "symbol": "trailing-whitespace",
        "message": "Trailing whitespace",
        "message-id": "C0303"
    },
    {
        "type": "convention",
        "module": "Oraculo.common.models.monte_carlo",
        "obj": "",
        "line": 246,
        "column": 0,
        "endLine": null,
        "endColumn": null,
        "path": "Oraculo/common/models/monte_carlo.py",
        "symbol": "trailing-whitespace",
        "message": "Trailing whitespace",
        "message-id": "C0303"
    },
    {
        "type": "convention",
        "module": "Oraculo.common.models.monte_carlo",
        "obj": "",
        "line": 248,
        "column": 0,
        "endLine": null,
        "endColumn": null,
        "path": "Oraculo/common/models/monte_carlo.py",
        "symbol": "trailing-whitespace",
        "message": "Trailing whitespace",
        "message-id": "C0303"
    },
    {
        "type": "convention",
        "module": "Oraculo.common.models.monte_carlo",
        "obj": "",
        "line": 252,
        "column": 0,
        "endLine": null,
        "endColumn": null,
        "path": "Oraculo/common/models/monte_carlo.py",
        "symbol": "trailing-whitespace",
        "message": "Trailing whitespace",
        "message-id": "C0303"
    },
    {
        "type": "convention",
        "module": "Oraculo.common.models.monte_carlo",
        "obj": "",
        "line": 255,
        "column": 0,
        "endLine": null,
        "endColumn": null,
        "path": "Oraculo/common/models/monte_carlo.py",
        "symbol": "trailing-whitespace",
        "message": "Trailing whitespace",
        "message-id": "C0303"
    },
    {
        "type": "convention",
        "module": "Oraculo.common.models.monte_carlo",
        "obj": "",
        "line": 259,
        "column": 0,
        "endLine": null,
        "endColumn": null,
        "path": "Oraculo/common/models/monte_carlo.py",
        "symbol": "trailing-whitespace",
        "message": "Trailing whitespace",
        "message-id": "C0303"
    },
    {
        "type": "convention",
        "module": "Oraculo.common.models.monte_carlo",
        "obj": "",
        "line": 262,
        "column": 0,
        "endLine": null,
        "endColumn": null,
        "path": "Oraculo/common/models/monte_carlo.py",
        "symbol": "trailing-whitespace",
        "message": "Trailing whitespace",
        "message-id": "C0303"
    },
    {
        "type": "convention",
        "module": "Oraculo.common.models.monte_carlo",
        "obj": "",
        "line": 266,
        "column": 0,
        "endLine": null,
        "endColumn": null,
        "path": "Oraculo/common/models/monte_carlo.py",
        "symbol": "trailing-whitespace",
        "message": "Trailing whitespace",
        "message-id": "C0303"
    },
    {
        "type": "convention",
        "module": "Oraculo.common.models.monte_carlo",
        "obj": "",
        "line": 269,
        "column": 43,
        "endLine": null,
        "endColumn": null,
        "path": "Oraculo/common/models/monte_carlo.py",
        "symbol": "trailing-whitespace",
        "message": "Trailing whitespace",
        "message-id": "C0303"
    },
    {
        "type": "convention",
        "module": "Oraculo.common.models.monte_carlo",
        "obj": "",
        "line": 272,
        "column": 0,
        "endLine": null,
        "endColumn": null,
        "path": "Oraculo/common/models/monte_carlo.py",
        "symbol": "trailing-whitespace",
        "message": "Trailing whitespace",
        "message-id": "C0303"
    },
    {
        "type": "convention",
        "module": "Oraculo.common.models.monte_carlo",
        "obj": "",
        "line": 277,
        "column": 0,
        "endLine": null,
        "endColumn": null,
        "path": "Oraculo/common/models/monte_carlo.py",
        "symbol": "trailing-whitespace",
        "message": "Trailing whitespace",
        "message-id": "C0303"
    },
    {
        "type": "convention",
        "module": "Oraculo.common.models.monte_carlo",
        "obj": "",
        "line": 279,
        "column": 64,
        "endLine": null,
        "endColumn": null,
        "path": "Oraculo/common/models/monte_carlo.py",
        "symbol": "trailing-whitespace",
        "message": "Trailing whitespace",
        "message-id": "C0303"
    },
    {
        "type": "convention",
        "module": "Oraculo.common.models.monte_carlo",
        "obj": "",
        "line": 282,
        "column": 0,
        "endLine": null,
        "endColumn": null,
        "path": "Oraculo/common/models/monte_carlo.py",
        "symbol": "trailing-whitespace",
        "message": "Trailing whitespace",
        "message-id": "C0303"
    },
    {
        "type": "convention",
        "module": "Oraculo.common.models.monte_carlo",
        "obj": "",
        "line": 287,
        "column": 0,
        "endLine": null,
        "endColumn": null,
        "path": "Oraculo/common/models/monte_carlo.py",
        "symbol": "trailing-whitespace",
        "message": "Trailing whitespace",
        "message-id": "C0303"
    },
    {
        "type": "convention",
        "module": "Oraculo.common.models.monte_carlo",
        "obj": "",
        "line": 297,
        "column": 0,
        "endLine": null,
        "endColumn": null,
        "path": "Oraculo/common/models/monte_carlo.py",
        "symbol": "trailing-whitespace",
        "message": "Trailing whitespace",
        "message-id": "C0303"
    },
    {
        "type": "convention",
        "module": "Oraculo.common.models.monte_carlo",
        "obj": "",
        "line": 306,
        "column": 0,
        "endLine": null,
        "endColumn": null,
        "path": "Oraculo/common/models/monte_carlo.py",
        "symbol": "trailing-whitespace",
        "message": "Trailing whitespace",
        "message-id": "C0303"
    },
    {
        "type": "convention",
        "module": "Oraculo.common.models.monte_carlo",
        "obj": "",
        "line": 317,
        "column": 0,
        "endLine": null,
        "endColumn": null,
        "path": "Oraculo/common/models/monte_carlo.py",
        "symbol": "trailing-whitespace",
        "message": "Trailing whitespace",
        "message-id": "C0303"
    },
    {
        "type": "convention",
        "module": "Oraculo.common.models.monte_carlo",
        "obj": "",
        "line": 322,
        "column": 0,
        "endLine": null,
        "endColumn": null,
        "path": "Oraculo/common/models/monte_carlo.py",
        "symbol": "trailing-whitespace",
        "message": "Trailing whitespace",
        "message-id": "C0303"
    },
    {
        "type": "convention",
        "module": "Oraculo.common.models.monte_carlo",
        "obj": "",
        "line": 326,
        "column": 0,
        "endLine": null,
        "endColumn": null,
        "path": "Oraculo/common/models/monte_carlo.py",
        "symbol": "trailing-whitespace",
        "message": "Trailing whitespace",
        "message-id": "C0303"
    },
    {
        "type": "convention",
        "module": "Oraculo.common.models.monte_carlo",
        "obj": "",
        "line": 340,
        "column": 0,
        "endLine": null,
        "endColumn": null,
        "path": "Oraculo/common/models/monte_carlo.py",
        "symbol": "trailing-whitespace",
        "message": "Trailing whitespace",
        "message-id": "C0303"
    },
    {
        "type": "convention",
        "module": "Oraculo.common.models.monte_carlo",
        "obj": "",
        "line": 346,
        "column": 0,
        "endLine": null,
        "endColumn": null,
        "path": "Oraculo/common/models/monte_carlo.py",
        "symbol": "trailing-whitespace",
        "message": "Trailing whitespace",
        "message-id": "C0303"
    },
    {
        "type": "convention",
        "module": "Oraculo.common.models.monte_carlo",
        "obj": "",
        "line": 353,
        "column": 0,
        "endLine": null,
        "endColumn": null,
        "path": "Oraculo/common/models/monte_carlo.py",
        "symbol": "trailing-whitespace",
        "message": "Trailing whitespace",
        "message-id": "C0303"
    },
    {
        "type": "convention",
        "module": "Oraculo.common.models.monte_carlo",
        "obj": "",
        "line": 357,
        "column": 0,
        "endLine": null,
        "endColumn": null,
        "path": "Oraculo/common/models/monte_carlo.py",
        "symbol": "trailing-whitespace",
        "message": "Trailing whitespace",
        "message-id": "C0303"
    },
    {
        "type": "convention",
        "module": "Oraculo.common.models.monte_carlo",
        "obj": "",
        "line": 363,
        "column": 0,
        "endLine": null,
        "endColumn": null,
        "path": "Oraculo/common/models/monte_carlo.py",
        "symbol": "trailing-whitespace",
        "message": "Trailing whitespace",
        "message-id": "C0303"
    },
    {
        "type": "convention",
        "module": "Oraculo.common.models.monte_carlo",
        "obj": "",
        "line": 366,
        "column": 0,
        "endLine": null,
        "endColumn": null,
        "path": "Oraculo/common/models/monte_carlo.py",
        "symbol": "trailing-whitespace",
        "message": "Trailing whitespace",
        "message-id": "C0303"
    },
    {
        "type": "convention",
        "module": "Oraculo.common.models.monte_carlo",
        "obj": "",
        "line": 368,
        "column": 0,
        "endLine": null,
        "endColumn": null,
        "path": "Oraculo/common/models/monte_carlo.py",
        "symbol": "trailing-whitespace",
        "message": "Trailing whitespace",
        "message-id": "C0303"
    },
    {
        "type": "convention",
        "module": "Oraculo.common.models.monte_carlo",
        "obj": "",
        "line": 372,
        "column": 0,
        "endLine": null,
        "endColumn": null,
        "path": "Oraculo/common/models/monte_carlo.py",
        "symbol": "trailing-whitespace",
        "message": "Trailing whitespace",
        "message-id": "C0303"
    },
    {
        "type": "convention",
        "module": "Oraculo.common.models.monte_carlo",
        "obj": "",
        "line": 375,
        "column": 0,
        "endLine": null,
        "endColumn": null,
        "path": "Oraculo/common/models/monte_carlo.py",
        "symbol": "trailing-whitespace",
        "message": "Trailing whitespace",
        "message-id": "C0303"
    },
    {
        "type": "convention",
        "module": "Oraculo.common.models.monte_carlo",
        "obj": "",
        "line": 382,
        "column": 0,
        "endLine": null,
        "endColumn": null,
        "path": "Oraculo/common/models/monte_carlo.py",
        "symbol": "trailing-whitespace",
        "message": "Trailing whitespace",
        "message-id": "C0303"
    },
    {
        "type": "convention",
        "module": "Oraculo.common.models.monte_carlo",
        "obj": "",
        "line": 384,
        "column": 0,
        "endLine": null,
        "endColumn": null,
        "path": "Oraculo/common/models/monte_carlo.py",
        "symbol": "trailing-whitespace",
        "message": "Trailing whitespace",
        "message-id": "C0303"
    },
    {
        "type": "convention",
        "module": "Oraculo.common.models.monte_carlo",
        "obj": "",
        "line": 386,
        "column": 62,
        "endLine": null,
        "endColumn": null,
        "path": "Oraculo/common/models/monte_carlo.py",
        "symbol": "trailing-whitespace",
        "message": "Trailing whitespace",
        "message-id": "C0303"
    },
    {
        "type": "convention",
        "module": "Oraculo.common.models.monte_carlo",
        "obj": "",
        "line": 392,
        "column": 0,
        "endLine": null,
        "endColumn": null,
        "path": "Oraculo/common/models/monte_carlo.py",
        "symbol": "trailing-whitespace",
        "message": "Trailing whitespace",
        "message-id": "C0303"
    },
    {
        "type": "convention",
        "module": "Oraculo.common.models.monte_carlo",
        "obj": "",
        "line": 394,
        "column": 0,
        "endLine": null,
        "endColumn": null,
        "path": "Oraculo/common/models/monte_carlo.py",
        "symbol": "trailing-whitespace",
        "message": "Trailing whitespace",
        "message-id": "C0303"
    },
    {
        "type": "convention",
        "module": "Oraculo.common.models.monte_carlo",
        "obj": "",
        "line": 395,
        "column": 63,
        "endLine": null,
        "endColumn": null,
        "path": "Oraculo/common/models/monte_carlo.py",
        "symbol": "trailing-whitespace",
        "message": "Trailing whitespace",
        "message-id": "C0303"
    },
    {
        "type": "convention",
        "module": "Oraculo.common.models.monte_carlo",
        "obj": "",
        "line": 403,
        "column": 0,
        "endLine": null,
        "endColumn": null,
        "path": "Oraculo/common/models/monte_carlo.py",
        "symbol": "trailing-whitespace",
        "message": "Trailing whitespace",
        "message-id": "C0303"
    },
    {
        "type": "convention",
        "module": "Oraculo.common.models.monte_carlo",
        "obj": "",
        "line": 407,
        "column": 0,
        "endLine": null,
        "endColumn": null,
        "path": "Oraculo/common/models/monte_carlo.py",
        "symbol": "trailing-whitespace",
        "message": "Trailing whitespace",
        "message-id": "C0303"
    },
    {
        "type": "convention",
        "module": "Oraculo.common.models.monte_carlo",
        "obj": "",
        "line": 411,
        "column": 0,
        "endLine": null,
        "endColumn": null,
        "path": "Oraculo/common/models/monte_carlo.py",
        "symbol": "trailing-whitespace",
        "message": "Trailing whitespace",
        "message-id": "C0303"
    },
    {
        "type": "convention",
        "module": "Oraculo.common.models.monte_carlo",
        "obj": "",
        "line": 419,
        "column": 0,
        "endLine": null,
        "endColumn": null,
        "path": "Oraculo/common/models/monte_carlo.py",
        "symbol": "trailing-whitespace",
        "message": "Trailing whitespace",
        "message-id": "C0303"
    },
    {
        "type": "convention",
        "module": "Oraculo.common.models.monte_carlo",
        "obj": "",
        "line": 420,
        "column": 71,
        "endLine": null,
        "endColumn": null,
        "path": "Oraculo/common/models/monte_carlo.py",
        "symbol": "trailing-whitespace",
        "message": "Trailing whitespace",
        "message-id": "C0303"
    },
    {
        "type": "convention",
        "module": "Oraculo.common.models.monte_carlo",
        "obj": "",
        "line": 433,
        "column": 0,
        "endLine": null,
        "endColumn": null,
        "path": "Oraculo/common/models/monte_carlo.py",
        "symbol": "trailing-whitespace",
        "message": "Trailing whitespace",
        "message-id": "C0303"
    },
    {
        "type": "convention",
        "module": "Oraculo.common.models.monte_carlo",
        "obj": "",
        "line": 436,
        "column": 0,
        "endLine": null,
        "endColumn": null,
        "path": "Oraculo/common/models/monte_carlo.py",
        "symbol": "trailing-whitespace",
        "message": "Trailing whitespace",
        "message-id": "C0303"
    },
    {
        "type": "convention",
        "module": "Oraculo.common.models.monte_carlo",
        "obj": "",
        "line": 438,
        "column": 0,
        "endLine": null,
        "endColumn": null,
        "path": "Oraculo/common/models/monte_carlo.py",
        "symbol": "trailing-whitespace",
        "message": "Trailing whitespace",
        "message-id": "C0303"
    },
    {
        "type": "convention",
        "module": "Oraculo.common.models.monte_carlo",
        "obj": "",
        "line": 443,
        "column": 0,
        "endLine": null,
        "endColumn": null,
        "path": "Oraculo/common/models/monte_carlo.py",
        "symbol": "trailing-whitespace",
        "message": "Trailing whitespace",
        "message-id": "C0303"
    },
    {
        "type": "convention",
        "module": "Oraculo.common.models.monte_carlo",
        "obj": "",
        "line": 447,
        "column": 61,
        "endLine": null,
        "endColumn": null,
        "path": "Oraculo/common/models/monte_carlo.py",
        "symbol": "trailing-whitespace",
        "message": "Trailing whitespace",
        "message-id": "C0303"
    },
    {
        "type": "convention",
        "module": "Oraculo.common.models.monte_carlo",
        "obj": "",
        "line": 450,
        "column": 0,
        "endLine": null,
        "endColumn": null,
        "path": "Oraculo/common/models/monte_carlo.py",
        "symbol": "trailing-whitespace",
        "message": "Trailing whitespace",
        "message-id": "C0303"
    },
    {
        "type": "convention",
        "module": "Oraculo.common.models.monte_carlo",
        "obj": "",
        "line": 457,
        "column": 0,
        "endLine": null,
        "endColumn": null,
        "path": "Oraculo/common/models/monte_carlo.py",
        "symbol": "trailing-whitespace",
        "message": "Trailing whitespace",
        "message-id": "C0303"
    },
    {
        "type": "convention",
        "module": "Oraculo.common.models.monte_carlo",
        "obj": "",
        "line": 459,
        "column": 0,
        "endLine": null,
        "endColumn": null,
        "path": "Oraculo/common/models/monte_carlo.py",
        "symbol": "trailing-whitespace",
        "message": "Trailing whitespace",
        "message-id": "C0303"
    },
    {
        "type": "convention",
        "module": "Oraculo.common.models.monte_carlo",
        "obj": "",
        "line": 474,
        "column": 54,
        "endLine": null,
        "endColumn": null,
        "path": "Oraculo/common/models/monte_carlo.py",
        "symbol": "trailing-whitespace",
        "message": "Trailing whitespace",
        "message-id": "C0303"
    },
    {
        "type": "convention",
        "module": "Oraculo.common.models.monte_carlo",
        "obj": "",
        "line": 490,
        "column": 0,
        "endLine": null,
        "endColumn": null,
        "path": "Oraculo/common/models/monte_carlo.py",
        "symbol": "trailing-whitespace",
        "message": "Trailing whitespace",
        "message-id": "C0303"
    },
    {
        "type": "convention",
        "module": "Oraculo.common.models.monte_carlo",
        "obj": "",
        "line": 495,
        "column": 0,
        "endLine": null,
        "endColumn": null,
        "path": "Oraculo/common/models/monte_carlo.py",
        "symbol": "trailing-whitespace",
        "message": "Trailing whitespace",
        "message-id": "C0303"
    },
    {
        "type": "convention",
        "module": "Oraculo.common.models.monte_carlo",
        "obj": "",
        "line": 501,
        "column": 0,
        "endLine": null,
        "endColumn": null,
        "path": "Oraculo/common/models/monte_carlo.py",
        "symbol": "trailing-whitespace",
        "message": "Trailing whitespace",
        "message-id": "C0303"
    },
    {
        "type": "convention",
        "module": "Oraculo.common.models.monte_carlo",
        "obj": "",
        "line": 505,
        "column": 0,
        "endLine": null,
        "endColumn": null,
        "path": "Oraculo/common/models/monte_carlo.py",
        "symbol": "trailing-whitespace",
        "message": "Trailing whitespace",
        "message-id": "C0303"
    },
    {
        "type": "convention",
        "module": "Oraculo.common.models.monte_carlo",
        "obj": "",
        "line": 508,
        "column": 0,
        "endLine": null,
        "endColumn": null,
        "path": "Oraculo/common/models/monte_carlo.py",
        "symbol": "trailing-whitespace",
        "message": "Trailing whitespace",
        "message-id": "C0303"
    },
    {
        "type": "convention",
        "module": "Oraculo.common.models.monte_carlo",
        "obj": "",
        "line": 512,
        "column": 0,
        "endLine": null,
        "endColumn": null,
        "path": "Oraculo/common/models/monte_carlo.py",
        "symbol": "trailing-whitespace",
        "message": "Trailing whitespace",
        "message-id": "C0303"
    },
    {
        "type": "convention",
        "module": "Oraculo.common.models.monte_carlo",
        "obj": "",
        "line": 516,
        "column": 0,
        "endLine": null,
        "endColumn": null,
        "path": "Oraculo/common/models/monte_carlo.py",
        "symbol": "trailing-whitespace",
        "message": "Trailing whitespace",
        "message-id": "C0303"
    },
    {
        "type": "warning",
        "module": "Oraculo.common.models.monte_carlo",
        "obj": "",
        "line": 4,
        "column": 0,
        "endLine": 4,
        "endColumn": 41,
        "path": "Oraculo/common/models/monte_carlo.py",
        "symbol": "unused-import",
        "message": "Unused Tuple imported from typing",
        "message-id": "W0611"
    },
    {
        "type": "convention",
        "module": "Oraculo.common.models.mutation",
        "obj": "mutar",
        "line": 22,
        "column": 4,
        "endLine": 28,
        "endColumn": 30,
        "path": "Oraculo/common/models/mutation.py",
        "symbol": "consider-using-enumerate",
        "message": "Consider using enumerate instead of iterating with range and len",
        "message-id": "C0200"
    },
    {
        "type": "convention",
        "module": "Oraculo.common.models.neural_ensemble",
        "obj": "",
        "line": 30,
        "column": 0,
        "endLine": null,
        "endColumn": null,
        "path": "Oraculo/common/models/neural_ensemble.py",
        "symbol": "trailing-whitespace",
        "message": "Trailing whitespace",
        "message-id": "C0303"
    },
    {
        "type": "convention",
        "module": "Oraculo.common.models.neural_ensemble",
        "obj": "",
        "line": 45,
        "column": 0,
        "endLine": null,
        "endColumn": null,
        "path": "Oraculo/common/models/neural_ensemble.py",
        "symbol": "trailing-whitespace",
        "message": "Trailing whitespace",
        "message-id": "C0303"
    },
    {
        "type": "convention",
        "module": "Oraculo.common.models.neural_ensemble",
        "obj": "",
        "line": 49,
        "column": 0,
        "endLine": null,
        "endColumn": null,
        "path": "Oraculo/common/models/neural_ensemble.py",
        "symbol": "trailing-whitespace",
        "message": "Trailing whitespace",
        "message-id": "C0303"
    },
    {
        "type": "convention",
        "module": "Oraculo.common.models.neural_ensemble",
        "obj": "",
        "line": 66,
        "column": 0,
        "endLine": null,
        "endColumn": null,
        "path": "Oraculo/common/models/neural_ensemble.py",
        "symbol": "trailing-whitespace",
        "message": "Trailing whitespace",
        "message-id": "C0303"
    },
    {
        "type": "convention",
        "module": "Oraculo.common.models.neural_ensemble",
        "obj": "",
        "line": 70,
        "column": 0,
        "endLine": null,
        "endColumn": null,
        "path": "Oraculo/common/models/neural_ensemble.py",
        "symbol": "trailing-whitespace",
        "message": "Trailing whitespace",
        "message-id": "C0303"
    },
    {
        "type": "convention",
        "module": "Oraculo.common.models.neural_ensemble",
        "obj": "",
        "line": 83,
        "column": 0,
        "endLine": null,
        "endColumn": null,
        "path": "Oraculo/common/models/neural_ensemble.py",
        "symbol": "trailing-whitespace",
        "message": "Trailing whitespace",
        "message-id": "C0303"
    },
    {
        "type": "convention",
        "module": "Oraculo.common.models.neural_ensemble",
        "obj": "",
        "line": 92,
        "column": 0,
        "endLine": null,
        "endColumn": null,
        "path": "Oraculo/common/models/neural_ensemble.py",
        "symbol": "trailing-whitespace",
        "message": "Trailing whitespace",
        "message-id": "C0303"
    },
    {
        "type": "convention",
        "module": "Oraculo.common.models.neural_ensemble",
        "obj": "",
        "line": 98,
        "column": 0,
        "endLine": null,
        "endColumn": null,
        "path": "Oraculo/common/models/neural_ensemble.py",
        "symbol": "trailing-whitespace",
        "message": "Trailing whitespace",
        "message-id": "C0303"
    },
    {
        "type": "convention",
        "module": "Oraculo.common.models.neural_ensemble",
        "obj": "",
        "line": 107,
        "column": 0,
        "endLine": null,
        "endColumn": null,
        "path": "Oraculo/common/models/neural_ensemble.py",
        "symbol": "trailing-whitespace",
        "message": "Trailing whitespace",
        "message-id": "C0303"
    },
    {
        "type": "convention",
        "module": "Oraculo.common.models.neural_ensemble",
        "obj": "",
        "line": 117,
        "column": 0,
        "endLine": null,
        "endColumn": null,
        "path": "Oraculo/common/models/neural_ensemble.py",
        "symbol": "trailing-whitespace",
        "message": "Trailing whitespace",
        "message-id": "C0303"
    },
    {
        "type": "convention",
        "module": "Oraculo.common.models.neural_ensemble",
        "obj": "",
        "line": 127,
        "column": 0,
        "endLine": null,
        "endColumn": null,
        "path": "Oraculo/common/models/neural_ensemble.py",
        "symbol": "trailing-whitespace",
        "message": "Trailing whitespace",
        "message-id": "C0303"
    },
    {
        "type": "convention",
        "module": "Oraculo.common.models.neural_ensemble",
        "obj": "",
        "line": 132,
        "column": 0,
        "endLine": null,
        "endColumn": null,
        "path": "Oraculo/common/models/neural_ensemble.py",
        "symbol": "trailing-whitespace",
        "message": "Trailing whitespace",
        "message-id": "C0303"
    },
    {
        "type": "convention",
        "module": "Oraculo.common.models.neural_ensemble",
        "obj": "",
        "line": 139,
        "column": 0,
        "endLine": null,
        "endColumn": null,
        "path": "Oraculo/common/models/neural_ensemble.py",
        "symbol": "trailing-whitespace",
        "message": "Trailing whitespace",
        "message-id": "C0303"
    },
    {
        "type": "convention",
        "module": "Oraculo.common.models.neural_ensemble",
        "obj": "",
        "line": 145,
        "column": 0,
        "endLine": null,
        "endColumn": null,
        "path": "Oraculo/common/models/neural_ensemble.py",
        "symbol": "trailing-whitespace",
        "message": "Trailing whitespace",
        "message-id": "C0303"
    },
    {
        "type": "convention",
        "module": "Oraculo.common.models.neural_ensemble",
        "obj": "",
        "line": 147,
        "column": 0,
        "endLine": null,
        "endColumn": null,
        "path": "Oraculo/common/models/neural_ensemble.py",
        "symbol": "trailing-whitespace",
        "message": "Trailing whitespace",
        "message-id": "C0303"
    },
    {
        "type": "convention",
        "module": "Oraculo.common.models.neural_ensemble",
        "obj": "",
        "line": 149,
        "column": 0,
        "endLine": null,
        "endColumn": null,
        "path": "Oraculo/common/models/neural_ensemble.py",
        "symbol": "trailing-whitespace",
        "message": "Trailing whitespace",
        "message-id": "C0303"
    },
    {
        "type": "convention",
        "module": "Oraculo.common.models.neural_ensemble",
        "obj": "",
        "line": 162,
        "column": 0,
        "endLine": null,
        "endColumn": null,
        "path": "Oraculo/common/models/neural_ensemble.py",
        "symbol": "trailing-whitespace",
        "message": "Trailing whitespace",
        "message-id": "C0303"
    },
    {
        "type": "convention",
        "module": "Oraculo.common.models.neural_ensemble",
        "obj": "",
        "line": 170,
        "column": 0,
        "endLine": null,
        "endColumn": null,
        "path": "Oraculo/common/models/neural_ensemble.py",
        "symbol": "trailing-whitespace",
        "message": "Trailing whitespace",
        "message-id": "C0303"
    },
    {
        "type": "convention",
        "module": "Oraculo.common.models.neural_ensemble",
        "obj": "",
        "line": 172,
        "column": 0,
        "endLine": null,
        "endColumn": null,
        "path": "Oraculo/common/models/neural_ensemble.py",
        "symbol": "trailing-whitespace",
        "message": "Trailing whitespace",
        "message-id": "C0303"
    },
    {
        "type": "convention",
        "module": "Oraculo.common.models.neural_ensemble",
        "obj": "",
        "line": 184,
        "column": 0,
        "endLine": null,
        "endColumn": null,
        "path": "Oraculo/common/models/neural_ensemble.py",
        "symbol": "trailing-whitespace",
        "message": "Trailing whitespace",
        "message-id": "C0303"
    },
    {
        "type": "convention",
        "module": "Oraculo.common.models.neural_ensemble",
        "obj": "",
        "line": 186,
        "column": 0,
        "endLine": null,
        "endColumn": null,
        "path": "Oraculo/common/models/neural_ensemble.py",
        "symbol": "trailing-whitespace",
        "message": "Trailing whitespace",
        "message-id": "C0303"
    },
    {
        "type": "convention",
        "module": "Oraculo.common.models.neural_ensemble",
        "obj": "",
        "line": 190,
        "column": 0,
        "endLine": null,
        "endColumn": null,
        "path": "Oraculo/common/models/neural_ensemble.py",
        "symbol": "trailing-whitespace",
        "message": "Trailing whitespace",
        "message-id": "C0303"
    },
    {
        "type": "convention",
        "module": "Oraculo.common.models.neural_ensemble",
        "obj": "",
        "line": 192,
        "column": 0,
        "endLine": null,
        "endColumn": null,
        "path": "Oraculo/common/models/neural_ensemble.py",
        "symbol": "trailing-whitespace",
        "message": "Trailing whitespace",
        "message-id": "C0303"
    },
    {
        "type": "convention",
        "module": "Oraculo.common.models.neural_ensemble",
        "obj": "",
        "line": 200,
        "column": 0,
        "endLine": null,
        "endColumn": null,
        "path": "Oraculo/common/models/neural_ensemble.py",
        "symbol": "trailing-whitespace",
        "message": "Trailing whitespace",
        "message-id": "C0303"
    },
    {
        "type": "convention",
        "module": "Oraculo.common.models.neural_ensemble",
        "obj": "",
        "line": 203,
        "column": 0,
        "endLine": null,
        "endColumn": null,
        "path": "Oraculo/common/models/neural_ensemble.py",
        "symbol": "trailing-whitespace",
        "message": "Trailing whitespace",
        "message-id": "C0303"
    },
    {
        "type": "convention",
        "module": "Oraculo.common.models.neural_ensemble",
        "obj": "",
        "line": 214,
        "column": 0,
        "endLine": null,
        "endColumn": null,
        "path": "Oraculo/common/models/neural_ensemble.py",
        "symbol": "trailing-whitespace",
        "message": "Trailing whitespace",
        "message-id": "C0303"
    },
    {
        "type": "convention",
        "module": "Oraculo.common.models.neural_ensemble",
        "obj": "",
        "line": 219,
        "column": 0,
        "endLine": null,
        "endColumn": null,
        "path": "Oraculo/common/models/neural_ensemble.py",
        "symbol": "trailing-whitespace",
        "message": "Trailing whitespace",
        "message-id": "C0303"
    },
    {
        "type": "convention",
        "module": "Oraculo.common.models.neural_ensemble",
        "obj": "",
        "line": 223,
        "column": 0,
        "endLine": null,
        "endColumn": null,
        "path": "Oraculo/common/models/neural_ensemble.py",
        "symbol": "trailing-whitespace",
        "message": "Trailing whitespace",
        "message-id": "C0303"
    },
    {
        "type": "convention",
        "module": "Oraculo.common.models.neural_ensemble",
        "obj": "",
        "line": 238,
        "column": 0,
        "endLine": null,
        "endColumn": null,
        "path": "Oraculo/common/models/neural_ensemble.py",
        "symbol": "trailing-whitespace",
        "message": "Trailing whitespace",
        "message-id": "C0303"
    },
    {
        "type": "convention",
        "module": "Oraculo.common.models.neural_ensemble",
        "obj": "",
        "line": 244,
        "column": 0,
        "endLine": null,
        "endColumn": null,
        "path": "Oraculo/common/models/neural_ensemble.py",
        "symbol": "trailing-whitespace",
        "message": "Trailing whitespace",
        "message-id": "C0303"
    },
    {
        "type": "convention",
        "module": "Oraculo.common.models.neural_ensemble",
        "obj": "",
        "line": 251,
        "column": 0,
        "endLine": null,
        "endColumn": null,
        "path": "Oraculo/common/models/neural_ensemble.py",
        "symbol": "trailing-whitespace",
        "message": "Trailing whitespace",
        "message-id": "C0303"
    },
    {
        "type": "convention",
        "module": "Oraculo.common.models.neural_ensemble",
        "obj": "",
        "line": 256,
        "column": 0,
        "endLine": null,
        "endColumn": null,
        "path": "Oraculo/common/models/neural_ensemble.py",
        "symbol": "trailing-whitespace",
        "message": "Trailing whitespace",
        "message-id": "C0303"
    },
    {
        "type": "convention",
        "module": "Oraculo.common.models.neural_ensemble",
        "obj": "",
        "line": 265,
        "column": 0,
        "endLine": null,
        "endColumn": null,
        "path": "Oraculo/common/models/neural_ensemble.py",
        "symbol": "trailing-whitespace",
        "message": "Trailing whitespace",
        "message-id": "C0303"
    },
    {
        "type": "convention",
        "module": "Oraculo.common.models.neural_ensemble",
        "obj": "",
        "line": 269,
        "column": 0,
        "endLine": null,
        "endColumn": null,
        "path": "Oraculo/common/models/neural_ensemble.py",
        "symbol": "trailing-whitespace",
        "message": "Trailing whitespace",
        "message-id": "C0303"
    },
    {
        "type": "convention",
        "module": "Oraculo.common.models.neural_ensemble",
        "obj": "",
        "line": 273,
        "column": 0,
        "endLine": null,
        "endColumn": null,
        "path": "Oraculo/common/models/neural_ensemble.py",
        "symbol": "trailing-whitespace",
        "message": "Trailing whitespace",
        "message-id": "C0303"
    },
    {
        "type": "convention",
        "module": "Oraculo.common.models.neural_ensemble",
        "obj": "",
        "line": 276,
        "column": 0,
        "endLine": null,
        "endColumn": null,
        "path": "Oraculo/common/models/neural_ensemble.py",
        "symbol": "trailing-whitespace",
        "message": "Trailing whitespace",
        "message-id": "C0303"
    },
    {
        "type": "convention",
        "module": "Oraculo.common.models.neural_ensemble",
        "obj": "",
        "line": 280,
        "column": 0,
        "endLine": null,
        "endColumn": null,
        "path": "Oraculo/common/models/neural_ensemble.py",
        "symbol": "trailing-whitespace",
        "message": "Trailing whitespace",
        "message-id": "C0303"
    },
    {
        "type": "convention",
        "module": "Oraculo.common.models.neural_ensemble",
        "obj": "",
        "line": 284,
        "column": 0,
        "endLine": null,
        "endColumn": null,
        "path": "Oraculo/common/models/neural_ensemble.py",
        "symbol": "trailing-whitespace",
        "message": "Trailing whitespace",
        "message-id": "C0303"
    },
    {
        "type": "convention",
        "module": "Oraculo.common.models.neural_ensemble",
        "obj": "",
        "line": 290,
        "column": 0,
        "endLine": null,
        "endColumn": null,
        "path": "Oraculo/common/models/neural_ensemble.py",
        "symbol": "trailing-whitespace",
        "message": "Trailing whitespace",
        "message-id": "C0303"
    },
    {
        "type": "convention",
        "module": "Oraculo.common.models.neural_ensemble",
        "obj": "",
        "line": 294,
        "column": 0,
        "endLine": null,
        "endColumn": null,
        "path": "Oraculo/common/models/neural_ensemble.py",
        "symbol": "trailing-whitespace",
        "message": "Trailing whitespace",
        "message-id": "C0303"
    },
    {
        "type": "convention",
        "module": "Oraculo.common.models.neural_ensemble",
        "obj": "",
        "line": 297,
        "column": 38,
        "endLine": null,
        "endColumn": null,
        "path": "Oraculo/common/models/neural_ensemble.py",
        "symbol": "trailing-whitespace",
        "message": "Trailing whitespace",
        "message-id": "C0303"
    },
    {
        "type": "convention",
        "module": "Oraculo.common.models.neural_ensemble",
        "obj": "",
        "line": 298,
        "column": 32,
        "endLine": null,
        "endColumn": null,
        "path": "Oraculo/common/models/neural_ensemble.py",
        "symbol": "trailing-whitespace",
        "message": "Trailing whitespace",
        "message-id": "C0303"
    },
    {
        "type": "convention",
        "module": "Oraculo.common.models.neural_ensemble",
        "obj": "",
        "line": 299,
        "column": 34,
        "endLine": null,
        "endColumn": null,
        "path": "Oraculo/common/models/neural_ensemble.py",
        "symbol": "trailing-whitespace",
        "message": "Trailing whitespace",
        "message-id": "C0303"
    },
    {
        "type": "convention",
        "module": "Oraculo.common.models.neural_ensemble",
        "obj": "",
        "line": 306,
        "column": 0,
        "endLine": null,
        "endColumn": null,
        "path": "Oraculo/common/models/neural_ensemble.py",
        "symbol": "trailing-whitespace",
        "message": "Trailing whitespace",
        "message-id": "C0303"
    },
    {
        "type": "convention",
        "module": "Oraculo.common.models.neural_ensemble",
        "obj": "",
        "line": 309,
        "column": 0,
        "endLine": null,
        "endColumn": null,
        "path": "Oraculo/common/models/neural_ensemble.py",
        "symbol": "trailing-whitespace",
        "message": "Trailing whitespace",
        "message-id": "C0303"
    },
    {
        "type": "convention",
        "module": "Oraculo.common.models.neural_ensemble",
        "obj": "",
        "line": 311,
        "column": 64,
        "endLine": null,
        "endColumn": null,
        "path": "Oraculo/common/models/neural_ensemble.py",
        "symbol": "trailing-whitespace",
        "message": "Trailing whitespace",
        "message-id": "C0303"
    },
    {
        "type": "convention",
        "module": "Oraculo.common.models.neural_ensemble",
        "obj": "",
        "line": 315,
        "column": 0,
        "endLine": null,
        "endColumn": null,
        "path": "Oraculo/common/models/neural_ensemble.py",
        "symbol": "trailing-whitespace",
        "message": "Trailing whitespace",
        "message-id": "C0303"
    },
    {
        "type": "convention",
        "module": "Oraculo.common.models.neural_ensemble",
        "obj": "",
        "line": 318,
        "column": 0,
        "endLine": null,
        "endColumn": null,
        "path": "Oraculo/common/models/neural_ensemble.py",
        "symbol": "trailing-whitespace",
        "message": "Trailing whitespace",
        "message-id": "C0303"
    },
    {
        "type": "convention",
        "module": "Oraculo.common.models.neural_ensemble",
        "obj": "",
        "line": 322,
        "column": 0,
        "endLine": null,
        "endColumn": null,
        "path": "Oraculo/common/models/neural_ensemble.py",
        "symbol": "trailing-whitespace",
        "message": "Trailing whitespace",
        "message-id": "C0303"
    },
    {
        "type": "convention",
        "module": "Oraculo.common.models.neural_ensemble",
        "obj": "",
        "line": 330,
        "column": 0,
        "endLine": null,
        "endColumn": null,
        "path": "Oraculo/common/models/neural_ensemble.py",
        "symbol": "trailing-whitespace",
        "message": "Trailing whitespace",
        "message-id": "C0303"
    },
    {
        "type": "convention",
        "module": "Oraculo.common.models.neural_ensemble",
        "obj": "",
        "line": 336,
        "column": 0,
        "endLine": null,
        "endColumn": null,
        "path": "Oraculo/common/models/neural_ensemble.py",
        "symbol": "trailing-whitespace",
        "message": "Trailing whitespace",
        "message-id": "C0303"
    },
    {
        "type": "convention",
        "module": "Oraculo.common.models.neural_ensemble",
        "obj": "",
        "line": 343,
        "column": 0,
        "endLine": null,
        "endColumn": null,
        "path": "Oraculo/common/models/neural_ensemble.py",
        "symbol": "trailing-whitespace",
        "message": "Trailing whitespace",
        "message-id": "C0303"
    },
    {
        "type": "convention",
        "module": "Oraculo.common.models.neural_ensemble",
        "obj": "",
        "line": 348,
        "column": 0,
        "endLine": null,
        "endColumn": null,
        "path": "Oraculo/common/models/neural_ensemble.py",
        "symbol": "trailing-whitespace",
        "message": "Trailing whitespace",
        "message-id": "C0303"
    },
    {
        "type": "convention",
        "module": "Oraculo.common.models.neural_ensemble",
        "obj": "",
        "line": 351,
        "column": 0,
        "endLine": null,
        "endColumn": null,
        "path": "Oraculo/common/models/neural_ensemble.py",
        "symbol": "trailing-whitespace",
        "message": "Trailing whitespace",
        "message-id": "C0303"
    },
    {
        "type": "convention",
        "module": "Oraculo.common.models.neural_ensemble",
        "obj": "",
        "line": 353,
        "column": 0,
        "endLine": null,
        "endColumn": null,
        "path": "Oraculo/common/models/neural_ensemble.py",
        "symbol": "trailing-whitespace",
        "message": "Trailing whitespace",
        "message-id": "C0303"
    },
    {
        "type": "convention",
        "module": "Oraculo.common.models.neural_ensemble",
        "obj": "",
        "line": 361,
        "column": 0,
        "endLine": null,
        "endColumn": null,
        "path": "Oraculo/common/models/neural_ensemble.py",
        "symbol": "trailing-whitespace",
        "message": "Trailing whitespace",
        "message-id": "C0303"
    },
    {
        "type": "convention",
        "module": "Oraculo.common.models.neural_ensemble",
        "obj": "",
        "line": 379,
        "column": 0,
        "endLine": null,
        "endColumn": null,
        "path": "Oraculo/common/models/neural_ensemble.py",
        "symbol": "trailing-whitespace",
        "message": "Trailing whitespace",
        "message-id": "C0303"
    },
    {
        "type": "convention",
        "module": "Oraculo.common.models.neural_ensemble",
        "obj": "",
        "line": 385,
        "column": 0,
        "endLine": null,
        "endColumn": null,
        "path": "Oraculo/common/models/neural_ensemble.py",
        "symbol": "trailing-whitespace",
        "message": "Trailing whitespace",
        "message-id": "C0303"
    },
    {
        "type": "convention",
        "module": "Oraculo.common.models.neural_ensemble",
        "obj": "",
        "line": 389,
        "column": 0,
        "endLine": null,
        "endColumn": null,
        "path": "Oraculo/common/models/neural_ensemble.py",
        "symbol": "trailing-whitespace",
        "message": "Trailing whitespace",
        "message-id": "C0303"
    },
    {
        "type": "convention",
        "module": "Oraculo.common.models.neural_ensemble",
        "obj": "",
        "line": 395,
        "column": 0,
        "endLine": null,
        "endColumn": null,
        "path": "Oraculo/common/models/neural_ensemble.py",
        "symbol": "trailing-whitespace",
        "message": "Trailing whitespace",
        "message-id": "C0303"
    },
    {
        "type": "convention",
        "module": "Oraculo.common.models.neural_ensemble",
        "obj": "",
        "line": 397,
        "column": 0,
        "endLine": null,
        "endColumn": null,
        "path": "Oraculo/common/models/neural_ensemble.py",
        "symbol": "trailing-whitespace",
        "message": "Trailing whitespace",
        "message-id": "C0303"
    },
    {
        "type": "convention",
        "module": "Oraculo.common.models.neural_ensemble",
        "obj": "",
        "line": 405,
        "column": 0,
        "endLine": null,
        "endColumn": null,
        "path": "Oraculo/common/models/neural_ensemble.py",
        "symbol": "trailing-whitespace",
        "message": "Trailing whitespace",
        "message-id": "C0303"
    },
    {
        "type": "convention",
        "module": "Oraculo.common.models.neural_ensemble",
        "obj": "",
        "line": 408,
        "column": 0,
        "endLine": null,
        "endColumn": null,
        "path": "Oraculo/common/models/neural_ensemble.py",
        "symbol": "trailing-whitespace",
        "message": "Trailing whitespace",
        "message-id": "C0303"
    },
    {
        "type": "convention",
        "module": "Oraculo.common.models.neural_ensemble",
        "obj": "",
        "line": 412,
        "column": 0,
        "endLine": null,
        "endColumn": null,
        "path": "Oraculo/common/models/neural_ensemble.py",
        "symbol": "trailing-whitespace",
        "message": "Trailing whitespace",
        "message-id": "C0303"
    },
    {
        "type": "convention",
        "module": "Oraculo.common.models.neural_ensemble",
        "obj": "",
        "line": 419,
        "column": 0,
        "endLine": null,
        "endColumn": null,
        "path": "Oraculo/common/models/neural_ensemble.py",
        "symbol": "trailing-whitespace",
        "message": "Trailing whitespace",
        "message-id": "C0303"
    },
    {
        "type": "convention",
        "module": "Oraculo.common.models.neural_ensemble",
        "obj": "",
        "line": 422,
        "column": 0,
        "endLine": null,
        "endColumn": null,
        "path": "Oraculo/common/models/neural_ensemble.py",
        "symbol": "trailing-whitespace",
        "message": "Trailing whitespace",
        "message-id": "C0303"
    },
    {
        "type": "convention",
        "module": "Oraculo.common.models.neural_ensemble",
        "obj": "",
        "line": 427,
        "column": 0,
        "endLine": null,
        "endColumn": null,
        "path": "Oraculo/common/models/neural_ensemble.py",
        "symbol": "trailing-whitespace",
        "message": "Trailing whitespace",
        "message-id": "C0303"
    },
    {
        "type": "convention",
        "module": "Oraculo.common.models.neural_ensemble",
        "obj": "",
        "line": 434,
        "column": 0,
        "endLine": null,
        "endColumn": null,
        "path": "Oraculo/common/models/neural_ensemble.py",
        "symbol": "trailing-whitespace",
        "message": "Trailing whitespace",
        "message-id": "C0303"
    },
    {
        "type": "convention",
        "module": "Oraculo.common.models.neural_ensemble",
        "obj": "",
        "line": 439,
        "column": 0,
        "endLine": null,
        "endColumn": null,
        "path": "Oraculo/common/models/neural_ensemble.py",
        "symbol": "trailing-whitespace",
        "message": "Trailing whitespace",
        "message-id": "C0303"
    },
    {
        "type": "convention",
        "module": "Oraculo.common.models.neural_ensemble",
        "obj": "",
        "line": 441,
        "column": 0,
        "endLine": null,
        "endColumn": null,
        "path": "Oraculo/common/models/neural_ensemble.py",
        "symbol": "trailing-whitespace",
        "message": "Trailing whitespace",
        "message-id": "C0303"
    },
    {
        "type": "convention",
        "module": "Oraculo.common.models.neural_ensemble",
        "obj": "",
        "line": 522,
        "column": 0,
        "endLine": null,
        "endColumn": null,
        "path": "Oraculo/common/models/neural_ensemble.py",
        "symbol": "trailing-whitespace",
        "message": "Trailing whitespace",
        "message-id": "C0303"
    },
    {
        "type": "convention",
        "module": "Oraculo.common.models.neural_ensemble",
        "obj": "",
        "line": 528,
        "column": 0,
        "endLine": null,
        "endColumn": null,
        "path": "Oraculo/common/models/neural_ensemble.py",
        "symbol": "trailing-whitespace",
        "message": "Trailing whitespace",
        "message-id": "C0303"
    },
    {
        "type": "convention",
        "module": "Oraculo.common.models.neural_ensemble",
        "obj": "",
        "line": 532,
        "column": 0,
        "endLine": null,
        "endColumn": null,
        "path": "Oraculo/common/models/neural_ensemble.py",
        "symbol": "trailing-whitespace",
        "message": "Trailing whitespace",
        "message-id": "C0303"
    },
    {
        "type": "convention",
        "module": "Oraculo.common.models.neural_ensemble",
        "obj": "",
        "line": 535,
        "column": 0,
        "endLine": null,
        "endColumn": null,
        "path": "Oraculo/common/models/neural_ensemble.py",
        "symbol": "trailing-whitespace",
        "message": "Trailing whitespace",
        "message-id": "C0303"
    },
    {
        "type": "convention",
        "module": "Oraculo.common.models.neural_ensemble",
        "obj": "",
        "line": 539,
        "column": 0,
        "endLine": null,
        "endColumn": null,
        "path": "Oraculo/common/models/neural_ensemble.py",
        "symbol": "trailing-whitespace",
        "message": "Trailing whitespace",
        "message-id": "C0303"
    },
    {
        "type": "convention",
        "module": "Oraculo.common.models.neural_ensemble",
        "obj": "",
        "line": 542,
        "column": 0,
        "endLine": null,
        "endColumn": null,
        "path": "Oraculo/common/models/neural_ensemble.py",
        "symbol": "trailing-whitespace",
        "message": "Trailing whitespace",
        "message-id": "C0303"
    },
    {
        "type": "convention",
        "module": "Oraculo.common.models.neural_ensemble",
        "obj": "",
        "line": 546,
        "column": 0,
        "endLine": null,
        "endColumn": null,
        "path": "Oraculo/common/models/neural_ensemble.py",
        "symbol": "trailing-whitespace",
        "message": "Trailing whitespace",
        "message-id": "C0303"
    },
    {
        "type": "warning",
        "module": "Oraculo.common.models.neural_ensemble",
        "obj": "NeuralEnsembleLotofacil._train_sequential",
        "line": 296,
        "column": 16,
        "endLine": 296,
        "endColumn": 29,
        "path": "Oraculo/common/models/neural_ensemble.py",
        "symbol": "unused-variable",
        "message": "Unused variable 'trained_model'",
        "message-id": "W0612"
    },
    {
        "type": "warning",
        "module": "Oraculo.common.models.neural_ensemble",
        "obj": "NeuralEnsembleLotofacil.predict_probabilities",
        "line": 409,
        "column": 12,
        "endLine": 411,
        "endColumn": 24,
        "path": "Oraculo/common/models/neural_ensemble.py",
        "symbol": "unused-variable",
        "message": "Unused variable 'e'",
        "message-id": "W0612"
    },
    {
        "type": "warning",
        "module": "Oraculo.common.models.neural_ensemble",
        "obj": "",
        "line": 18,
        "column": 4,
        "endLine": 18,
        "endColumn": 46,
        "path": "Oraculo/common/models/neural_ensemble.py",
        "symbol": "unused-import",
        "message": "Unused accuracy_score imported from sklearn.metrics",
        "message-id": "W0611"
    },
    {
        "type": "convention",
        "module": "Oraculo.common.models.time_series",
        "obj": "",
        "line": 14,
        "column": 0,
        "endLine": null,
        "endColumn": null,
        "path": "Oraculo/common/models/time_series.py",
        "symbol": "trailing-whitespace",
        "message": "Trailing whitespace",
        "message-id": "C0303"
    },
    {
        "type": "convention",
        "module": "Oraculo.common.models.time_series",
        "obj": "",
        "line": 26,
        "column": 0,
        "endLine": null,
        "endColumn": null,
        "path": "Oraculo/common/models/time_series.py",
        "symbol": "trailing-whitespace",
        "message": "Trailing whitespace",
        "message-id": "C0303"
    },
    {
        "type": "convention",
        "module": "Oraculo.common.models.time_series",
        "obj": "",
        "line": 32,
        "column": 0,
        "endLine": null,
        "endColumn": null,
        "path": "Oraculo/common/models/time_series.py",
        "symbol": "trailing-whitespace",
        "message": "Trailing whitespace",
        "message-id": "C0303"
    },
    {
        "type": "convention",
        "module": "Oraculo.common.models.time_series",
        "obj": "",
        "line": 38,
        "column": 0,
        "endLine": null,
        "endColumn": null,
        "path": "Oraculo/common/models/time_series.py",
        "symbol": "trailing-whitespace",
        "message": "Trailing whitespace",
        "message-id": "C0303"
    },
    {
        "type": "convention",
        "module": "Oraculo.common.models.time_series",
        "obj": "",
        "line": 43,
        "column": 0,
        "endLine": null,
        "endColumn": null,
        "path": "Oraculo/common/models/time_series.py",
        "symbol": "trailing-whitespace",
        "message": "Trailing whitespace",
        "message-id": "C0303"
    },
    {
        "type": "convention",
        "module": "Oraculo.common.models.time_series",
        "obj": "",
        "line": 48,
        "column": 0,
        "endLine": null,
        "endColumn": null,
        "path": "Oraculo/common/models/time_series.py",
        "symbol": "trailing-whitespace",
        "message": "Trailing whitespace",
        "message-id": "C0303"
    },
    {
        "type": "convention",
        "module": "Oraculo.common.models.time_series",
        "obj": "",
        "line": 54,
        "column": 0,
        "endLine": null,
        "endColumn": null,
        "path": "Oraculo/common/models/time_series.py",
        "symbol": "trailing-whitespace",
        "message": "Trailing whitespace",
        "message-id": "C0303"
    },
    {
        "type": "convention",
        "module": "Oraculo.common.models.time_series",
        "obj": "",
        "line": 57,
        "column": 0,
        "endLine": null,
        "endColumn": null,
        "path": "Oraculo/common/models/time_series.py",
        "symbol": "trailing-whitespace",
        "message": "Trailing whitespace",
        "message-id": "C0303"
    },
    {
        "type": "convention",
        "module": "Oraculo.common.models.time_series",
        "obj": "",
        "line": 59,
        "column": 68,
        "endLine": null,
        "endColumn": null,
        "path": "Oraculo/common/models/time_series.py",
        "symbol": "trailing-whitespace",
        "message": "Trailing whitespace",
        "message-id": "C0303"
    },
    {
        "type": "convention",
        "module": "Oraculo.common.models.time_series",
        "obj": "",
        "line": 62,
        "column": 0,
        "endLine": null,
        "endColumn": null,
        "path": "Oraculo/common/models/time_series.py",
        "symbol": "trailing-whitespace",
        "message": "Trailing whitespace",
        "message-id": "C0303"
    },
    {
        "type": "convention",
        "module": "Oraculo.common.models.time_series",
        "obj": "",
        "line": 66,
        "column": 0,
        "endLine": null,
        "endColumn": null,
        "path": "Oraculo/common/models/time_series.py",
        "symbol": "trailing-whitespace",
        "message": "Trailing whitespace",
        "message-id": "C0303"
    },
    {
        "type": "convention",
        "module": "Oraculo.common.models.time_series",
        "obj": "",
        "line": 70,
        "column": 0,
        "endLine": null,
        "endColumn": null,
        "path": "Oraculo/common/models/time_series.py",
        "symbol": "trailing-whitespace",
        "message": "Trailing whitespace",
        "message-id": "C0303"
    },
    {
        "type": "convention",
        "module": "Oraculo.common.models.time_series",
        "obj": "",
        "line": 74,
        "column": 0,
        "endLine": null,
        "endColumn": null,
        "path": "Oraculo/common/models/time_series.py",
        "symbol": "trailing-whitespace",
        "message": "Trailing whitespace",
        "message-id": "C0303"
    },
    {
        "type": "convention",
        "module": "Oraculo.common.models.time_series",
        "obj": "",
        "line": 79,
        "column": 0,
        "endLine": null,
        "endColumn": null,
        "path": "Oraculo/common/models/time_series.py",
        "symbol": "trailing-whitespace",
        "message": "Trailing whitespace",
        "message-id": "C0303"
    },
    {
        "type": "convention",
        "module": "Oraculo.common.models.time_series",
        "obj": "",
        "line": 82,
        "column": 0,
        "endLine": null,
        "endColumn": null,
        "path": "Oraculo/common/models/time_series.py",
        "symbol": "trailing-whitespace",
        "message": "Trailing whitespace",
        "message-id": "C0303"
    },
    {
        "type": "convention",
        "module": "Oraculo.common.models.time_series",
        "obj": "",
        "line": 86,
        "column": 0,
        "endLine": null,
        "endColumn": null,
        "path": "Oraculo/common/models/time_series.py",
        "symbol": "trailing-whitespace",
        "message": "Trailing whitespace",
        "message-id": "C0303"
    },
    {
        "type": "convention",
        "module": "Oraculo.common.models.time_series",
        "obj": "",
        "line": 89,
        "column": 0,
        "endLine": null,
        "endColumn": null,
        "path": "Oraculo/common/models/time_series.py",
        "symbol": "trailing-whitespace",
        "message": "Trailing whitespace",
        "message-id": "C0303"
    },
    {
        "type": "convention",
        "module": "Oraculo.common.models.time_series",
        "obj": "",
        "line": 97,
        "column": 0,
        "endLine": null,
        "endColumn": null,
        "path": "Oraculo/common/models/time_series.py",
        "symbol": "trailing-whitespace",
        "message": "Trailing whitespace",
        "message-id": "C0303"
    },
    {
        "type": "convention",
        "module": "Oraculo.common.models.time_series",
        "obj": "",
        "line": 103,
        "column": 0,
        "endLine": null,
        "endColumn": null,
        "path": "Oraculo/common/models/time_series.py",
        "symbol": "trailing-whitespace",
        "message": "Trailing whitespace",
        "message-id": "C0303"
    },
    {
        "type": "convention",
        "module": "Oraculo.common.models.time_series",
        "obj": "",
        "line": 112,
        "column": 0,
        "endLine": null,
        "endColumn": null,
        "path": "Oraculo/common/models/time_series.py",
        "symbol": "trailing-whitespace",
        "message": "Trailing whitespace",
        "message-id": "C0303"
    },
    {
        "type": "convention",
        "module": "Oraculo.common.models.time_series",
        "obj": "",
        "line": 117,
        "column": 0,
        "endLine": null,
        "endColumn": null,
        "path": "Oraculo/common/models/time_series.py",
        "symbol": "trailing-whitespace",
        "message": "Trailing whitespace",
        "message-id": "C0303"
    },
    {
        "type": "convention",
        "module": "Oraculo.common.models.time_series",
        "obj": "",
        "line": 125,
        "column": 0,
        "endLine": null,
        "endColumn": null,
        "path": "Oraculo/common/models/time_series.py",
        "symbol": "trailing-whitespace",
        "message": "Trailing whitespace",
        "message-id": "C0303"
    },
    {
        "type": "convention",
        "module": "Oraculo.common.models.time_series",
        "obj": "",
        "line": 127,
        "column": 0,
        "endLine": null,
        "endColumn": null,
        "path": "Oraculo/common/models/time_series.py",
        "symbol": "trailing-whitespace",
        "message": "Trailing whitespace",
        "message-id": "C0303"
    },
    {
        "type": "convention",
        "module": "Oraculo.common.models.time_series",
        "obj": "",
        "line": 131,
        "column": 0,
        "endLine": null,
        "endColumn": null,
        "path": "Oraculo/common/models/time_series.py",
        "symbol": "trailing-whitespace",
        "message": "Trailing whitespace",
        "message-id": "C0303"
    },
    {
        "type": "convention",
        "module": "Oraculo.common.models.time_series",
        "obj": "",
        "line": 134,
        "column": 0,
        "endLine": null,
        "endColumn": null,
        "path": "Oraculo/common/models/time_series.py",
        "symbol": "trailing-whitespace",
        "message": "Trailing whitespace",
        "message-id": "C0303"
    },
    {
        "type": "convention",
        "module": "Oraculo.common.models.time_series",
        "obj": "",
        "line": 140,
        "column": 0,
        "endLine": null,
        "endColumn": null,
        "path": "Oraculo/common/models/time_series.py",
        "symbol": "trailing-whitespace",
        "message": "Trailing whitespace",
        "message-id": "C0303"
    },
    {
        "type": "convention",
        "module": "Oraculo.common.models.time_series",
        "obj": "",
        "line": 143,
        "column": 0,
        "endLine": null,
        "endColumn": null,
        "path": "Oraculo/common/models/time_series.py",
        "symbol": "trailing-whitespace",
        "message": "Trailing whitespace",
        "message-id": "C0303"
    },
    {
        "type": "convention",
        "module": "Oraculo.common.models.time_series",
        "obj": "",
        "line": 145,
        "column": 0,
        "endLine": null,
        "endColumn": null,
        "path": "Oraculo/common/models/time_series.py",
        "symbol": "trailing-whitespace",
        "message": "Trailing whitespace",
        "message-id": "C0303"
    },
    {
        "type": "convention",
        "module": "Oraculo.common.models.time_series",
        "obj": "",
        "line": 151,
        "column": 0,
        "endLine": null,
        "endColumn": null,
        "path": "Oraculo/common/models/time_series.py",
        "symbol": "trailing-whitespace",
        "message": "Trailing whitespace",
        "message-id": "C0303"
    },
    {
        "type": "convention",
        "module": "Oraculo.common.models.time_series",
        "obj": "",
        "line": 152,
        "column": 83,
        "endLine": null,
        "endColumn": null,
        "path": "Oraculo/common/models/time_series.py",
        "symbol": "trailing-whitespace",
        "message": "Trailing whitespace",
        "message-id": "C0303"
    },
    {
        "type": "convention",
        "module": "Oraculo.common.models.time_series",
        "obj": "",
        "line": 155,
        "column": 0,
        "endLine": null,
        "endColumn": null,
        "path": "Oraculo/common/models/time_series.py",
        "symbol": "trailing-whitespace",
        "message": "Trailing whitespace",
        "message-id": "C0303"
    },
    {
        "type": "convention",
        "module": "Oraculo.common.models.time_series",
        "obj": "",
        "line": 158,
        "column": 0,
        "endLine": null,
        "endColumn": null,
        "path": "Oraculo/common/models/time_series.py",
        "symbol": "trailing-whitespace",
        "message": "Trailing whitespace",
        "message-id": "C0303"
    },
    {
        "type": "convention",
        "module": "Oraculo.common.models.time_series",
        "obj": "",
        "line": 160,
        "column": 0,
        "endLine": null,
        "endColumn": null,
        "path": "Oraculo/common/models/time_series.py",
        "symbol": "trailing-whitespace",
        "message": "Trailing whitespace",
        "message-id": "C0303"
    },
    {
        "type": "convention",
        "module": "Oraculo.common.models.time_series",
        "obj": "",
        "line": 162,
        "column": 0,
        "endLine": null,
        "endColumn": null,
        "path": "Oraculo/common/models/time_series.py",
        "symbol": "trailing-whitespace",
        "message": "Trailing whitespace",
        "message-id": "C0303"
    },
    {
        "type": "convention",
        "module": "Oraculo.common.models.time_series",
        "obj": "",
        "line": 166,
        "column": 0,
        "endLine": null,
        "endColumn": null,
        "path": "Oraculo/common/models/time_series.py",
        "symbol": "trailing-whitespace",
        "message": "Trailing whitespace",
        "message-id": "C0303"
    },
    {
        "type": "convention",
        "module": "Oraculo.common.models.time_series",
        "obj": "",
        "line": 169,
        "column": 0,
        "endLine": null,
        "endColumn": null,
        "path": "Oraculo/common/models/time_series.py",
        "symbol": "trailing-whitespace",
        "message": "Trailing whitespace",
        "message-id": "C0303"
    },
    {
        "type": "convention",
        "module": "Oraculo.common.models.time_series",
        "obj": "",
        "line": 176,
        "column": 0,
        "endLine": null,
        "endColumn": null,
        "path": "Oraculo/common/models/time_series.py",
        "symbol": "trailing-whitespace",
        "message": "Trailing whitespace",
        "message-id": "C0303"
    },
    {
        "type": "convention",
        "module": "Oraculo.common.models.time_series",
        "obj": "",
        "line": 185,
        "column": 0,
        "endLine": null,
        "endColumn": null,
        "path": "Oraculo/common/models/time_series.py",
        "symbol": "trailing-whitespace",
        "message": "Trailing whitespace",
        "message-id": "C0303"
    },
    {
        "type": "convention",
        "module": "Oraculo.common.models.time_series",
        "obj": "",
        "line": 187,
        "column": 0,
        "endLine": null,
        "endColumn": null,
        "path": "Oraculo/common/models/time_series.py",
        "symbol": "trailing-whitespace",
        "message": "Trailing whitespace",
        "message-id": "C0303"
    },
    {
        "type": "convention",
        "module": "Oraculo.common.models.time_series",
        "obj": "",
        "line": 191,
        "column": 0,
        "endLine": null,
        "endColumn": null,
        "path": "Oraculo/common/models/time_series.py",
        "symbol": "trailing-whitespace",
        "message": "Trailing whitespace",
        "message-id": "C0303"
    },
    {
        "type": "convention",
        "module": "Oraculo.common.models.time_series",
        "obj": "",
        "line": 194,
        "column": 0,
        "endLine": null,
        "endColumn": null,
        "path": "Oraculo/common/models/time_series.py",
        "symbol": "trailing-whitespace",
        "message": "Trailing whitespace",
        "message-id": "C0303"
    },
    {
        "type": "convention",
        "module": "Oraculo.common.models.time_series",
        "obj": "",
        "line": 201,
        "column": 0,
        "endLine": null,
        "endColumn": null,
        "path": "Oraculo/common/models/time_series.py",
        "symbol": "trailing-whitespace",
        "message": "Trailing whitespace",
        "message-id": "C0303"
    },
    {
        "type": "convention",
        "module": "Oraculo.common.models.time_series",
        "obj": "",
        "line": 203,
        "column": 0,
        "endLine": null,
        "endColumn": null,
        "path": "Oraculo/common/models/time_series.py",
        "symbol": "trailing-whitespace",
        "message": "Trailing whitespace",
        "message-id": "C0303"
    },
    {
        "type": "convention",
        "module": "Oraculo.common.models.time_series",
        "obj": "",
        "line": 207,
        "column": 0,
        "endLine": null,
        "endColumn": null,
        "path": "Oraculo/common/models/time_series.py",
        "symbol": "trailing-whitespace",
        "message": "Trailing whitespace",
        "message-id": "C0303"
    },
    {
        "type": "convention",
        "module": "Oraculo.common.models.time_series",
        "obj": "",
        "line": 210,
        "column": 0,
        "endLine": null,
        "endColumn": null,
        "path": "Oraculo/common/models/time_series.py",
        "symbol": "trailing-whitespace",
        "message": "Trailing whitespace",
        "message-id": "C0303"
    },
    {
        "type": "convention",
        "module": "Oraculo.common.models.time_series",
        "obj": "",
        "line": 214,
        "column": 0,
        "endLine": null,
        "endColumn": null,
        "path": "Oraculo/common/models/time_series.py",
        "symbol": "trailing-whitespace",
        "message": "Trailing whitespace",
        "message-id": "C0303"
    },
    {
        "type": "convention",
        "module": "Oraculo.common.models.time_series",
        "obj": "",
        "line": 218,
        "column": 0,
        "endLine": null,
        "endColumn": null,
        "path": "Oraculo/common/models/time_series.py",
        "symbol": "trailing-whitespace",
        "message": "Trailing whitespace",
        "message-id": "C0303"
    },
    {
        "type": "convention",
        "module": "Oraculo.common.models.time_series",
        "obj": "",
        "line": 223,
        "column": 0,
        "endLine": null,
        "endColumn": null,
        "path": "Oraculo/common/models/time_series.py",
        "symbol": "trailing-whitespace",
        "message": "Trailing whitespace",
        "message-id": "C0303"
    },
    {
        "type": "convention",
        "module": "Oraculo.common.models.time_series",
        "obj": "",
        "line": 225,
        "column": 0,
        "endLine": null,
        "endColumn": null,
        "path": "Oraculo/common/models/time_series.py",
        "symbol": "trailing-whitespace",
        "message": "Trailing whitespace",
        "message-id": "C0303"
    },
    {
        "type": "convention",
        "module": "Oraculo.common.models.time_series",
        "obj": "",
        "line": 229,
        "column": 0,
        "endLine": null,
        "endColumn": null,
        "path": "Oraculo/common/models/time_series.py",
        "symbol": "trailing-whitespace",
        "message": "Trailing whitespace",
        "message-id": "C0303"
    },
    {
        "type": "convention",
        "module": "Oraculo.common.models.time_series",
        "obj": "",
        "line": 232,
        "column": 0,
        "endLine": null,
        "endColumn": null,
        "path": "Oraculo/common/models/time_series.py",
        "symbol": "trailing-whitespace",
        "message": "Trailing whitespace",
        "message-id": "C0303"
    },
    {
        "type": "convention",
        "module": "Oraculo.common.models.time_series",
        "obj": "",
        "line": 236,
        "column": 0,
        "endLine": null,
        "endColumn": null,
        "path": "Oraculo/common/models/time_series.py",
        "symbol": "trailing-whitespace",
        "message": "Trailing whitespace",
        "message-id": "C0303"
    },
    {
        "type": "convention",
        "module": "Oraculo.common.models.time_series",
        "obj": "",
        "line": 240,
        "column": 0,
        "endLine": null,
        "endColumn": null,
        "path": "Oraculo/common/models/time_series.py",
        "symbol": "trailing-whitespace",
        "message": "Trailing whitespace",
        "message-id": "C0303"
    },
    {
        "type": "convention",
        "module": "Oraculo.common.models.time_series",
        "obj": "",
        "line": 245,
        "column": 0,
        "endLine": null,
        "endColumn": null,
        "path": "Oraculo/common/models/time_series.py",
        "symbol": "trailing-whitespace",
        "message": "Trailing whitespace",
        "message-id": "C0303"
    },
    {
        "type": "convention",
        "module": "Oraculo.common.models.time_series",
        "obj": "",
        "line": 247,
        "column": 0,
        "endLine": null,
        "endColumn": null,
        "path": "Oraculo/common/models/time_series.py",
        "symbol": "trailing-whitespace",
        "message": "Trailing whitespace",
        "message-id": "C0303"
    },
    {
        "type": "convention",
        "module": "Oraculo.common.models.time_series",
        "obj": "",
        "line": 266,
        "column": 0,
        "endLine": null,
        "endColumn": null,
        "path": "Oraculo/common/models/time_series.py",
        "symbol": "trailing-whitespace",
        "message": "Trailing whitespace",
        "message-id": "C0303"
    },
    {
        "type": "convention",
        "module": "Oraculo.common.models.time_series",
        "obj": "",
        "line": 272,
        "column": 0,
        "endLine": null,
        "endColumn": null,
        "path": "Oraculo/common/models/time_series.py",
        "symbol": "trailing-whitespace",
        "message": "Trailing whitespace",
        "message-id": "C0303"
    },
    {
        "type": "convention",
        "module": "Oraculo.common.models.time_series",
        "obj": "",
        "line": 277,
        "column": 73,
        "endLine": null,
        "endColumn": null,
        "path": "Oraculo/common/models/time_series.py",
        "symbol": "trailing-whitespace",
        "message": "Trailing whitespace",
        "message-id": "C0303"
    },
    {
        "type": "convention",
        "module": "Oraculo.common.models.time_series",
        "obj": "",
        "line": 279,
        "column": 0,
        "endLine": null,
        "endColumn": null,
        "path": "Oraculo/common/models/time_series.py",
        "symbol": "trailing-whitespace",
        "message": "Trailing whitespace",
        "message-id": "C0303"
    },
    {
        "type": "convention",
        "module": "Oraculo.common.models.time_series",
        "obj": "",
        "line": 291,
        "column": 0,
        "endLine": null,
        "endColumn": null,
        "path": "Oraculo/common/models/time_series.py",
        "symbol": "trailing-whitespace",
        "message": "Trailing whitespace",
        "message-id": "C0303"
    },
    {
        "type": "convention",
        "module": "Oraculo.common.models.time_series",
        "obj": "",
        "line": 296,
        "column": 0,
        "endLine": null,
        "endColumn": null,
        "path": "Oraculo/common/models/time_series.py",
        "symbol": "trailing-whitespace",
        "message": "Trailing whitespace",
        "message-id": "C0303"
    },
    {
        "type": "convention",
        "module": "Oraculo.common.models.time_series",
        "obj": "",
        "line": 300,
        "column": 0,
        "endLine": null,
        "endColumn": null,
        "path": "Oraculo/common/models/time_series.py",
        "symbol": "trailing-whitespace",
        "message": "Trailing whitespace",
        "message-id": "C0303"
    },
    {
        "type": "convention",
        "module": "Oraculo.common.models.time_series",
        "obj": "",
        "line": 304,
        "column": 0,
        "endLine": null,
        "endColumn": null,
        "path": "Oraculo/common/models/time_series.py",
        "symbol": "trailing-whitespace",
        "message": "Trailing whitespace",
        "message-id": "C0303"
    },
    {
        "type": "convention",
        "module": "Oraculo.common.models.time_series",
        "obj": "",
        "line": 307,
        "column": 0,
        "endLine": null,
        "endColumn": null,
        "path": "Oraculo/common/models/time_series.py",
        "symbol": "trailing-whitespace",
        "message": "Trailing whitespace",
        "message-id": "C0303"
    },
    {
        "type": "convention",
        "module": "Oraculo.common.models.time_series",
        "obj": "",
        "line": 323,
        "column": 0,
        "endLine": null,
        "endColumn": null,
        "path": "Oraculo/common/models/time_series.py",
        "symbol": "trailing-whitespace",
        "message": "Trailing whitespace",
        "message-id": "C0303"
    },
    {
        "type": "convention",
        "module": "Oraculo.common.models.time_series",
        "obj": "",
        "line": 327,
        "column": 0,
        "endLine": null,
        "endColumn": null,
        "path": "Oraculo/common/models/time_series.py",
        "symbol": "trailing-whitespace",
        "message": "Trailing whitespace",
        "message-id": "C0303"
    },
    {
        "type": "convention",
        "module": "Oraculo.common.models.time_series",
        "obj": "",
        "line": 330,
        "column": 0,
        "endLine": null,
        "endColumn": null,
        "path": "Oraculo/common/models/time_series.py",
        "symbol": "trailing-whitespace",
        "message": "Trailing whitespace",
        "message-id": "C0303"
    },
    {
        "type": "convention",
        "module": "Oraculo.common.models.time_series",
        "obj": "",
        "line": 336,
        "column": 0,
        "endLine": null,
        "endColumn": null,
        "path": "Oraculo/common/models/time_series.py",
        "symbol": "trailing-whitespace",
        "message": "Trailing whitespace",
        "message-id": "C0303"
    },
    {
        "type": "convention",
        "module": "Oraculo.common.models.time_series",
        "obj": "",
        "line": 341,
        "column": 0,
        "endLine": null,
        "endColumn": null,
        "path": "Oraculo/common/models/time_series.py",
        "symbol": "trailing-whitespace",
        "message": "Trailing whitespace",
        "message-id": "C0303"
    },
    {
        "type": "convention",
        "module": "Oraculo.common.models.time_series",
        "obj": "",
        "line": 343,
        "column": 0,
        "endLine": null,
        "endColumn": null,
        "path": "Oraculo/common/models/time_series.py",
        "symbol": "trailing-whitespace",
        "message": "Trailing whitespace",
        "message-id": "C0303"
    },
    {
        "type": "convention",
        "module": "Oraculo.common.models.time_series",
        "obj": "",
        "line": 346,
        "column": 0,
        "endLine": null,
        "endColumn": null,
        "path": "Oraculo/common/models/time_series.py",
        "symbol": "trailing-whitespace",
        "message": "Trailing whitespace",
        "message-id": "C0303"
    },
    {
        "type": "convention",
        "module": "Oraculo.common.models.time_series",
        "obj": "",
        "line": 358,
        "column": 0,
        "endLine": null,
        "endColumn": null,
        "path": "Oraculo/common/models/time_series.py",
        "symbol": "trailing-whitespace",
        "message": "Trailing whitespace",
        "message-id": "C0303"
    },
    {
        "type": "convention",
        "module": "Oraculo.common.models.time_series",
        "obj": "",
        "line": 385,
        "column": 54,
        "endLine": null,
        "endColumn": null,
        "path": "Oraculo/common/models/time_series.py",
        "symbol": "trailing-whitespace",
        "message": "Trailing whitespace",
        "message-id": "C0303"
    },
    {
        "type": "convention",
        "module": "Oraculo.common.models.time_series",
        "obj": "",
        "line": 401,
        "column": 0,
        "endLine": null,
        "endColumn": null,
        "path": "Oraculo/common/models/time_series.py",
        "symbol": "trailing-whitespace",
        "message": "Trailing whitespace",
        "message-id": "C0303"
    },
    {
        "type": "convention",
        "module": "Oraculo.common.models.time_series",
        "obj": "",
        "line": 403,
        "column": 0,
        "endLine": null,
        "endColumn": null,
        "path": "Oraculo/common/models/time_series.py",
        "symbol": "trailing-whitespace",
        "message": "Trailing whitespace",
        "message-id": "C0303"
    },
    {
        "type": "convention",
        "module": "Oraculo.common.models.time_series",
        "obj": "",
        "line": 406,
        "column": 0,
        "endLine": null,
        "endColumn": null,
        "path": "Oraculo/common/models/time_series.py",
        "symbol": "trailing-whitespace",
        "message": "Trailing whitespace",
        "message-id": "C0303"
    },
    {
        "type": "convention",
        "module": "Oraculo.common.models.time_series",
        "obj": "",
        "line": 412,
        "column": 0,
        "endLine": null,
        "endColumn": null,
        "path": "Oraculo/common/models/time_series.py",
        "symbol": "trailing-whitespace",
        "message": "Trailing whitespace",
        "message-id": "C0303"
    },
    {
        "type": "convention",
        "module": "Oraculo.common.models.time_series",
        "obj": "",
        "line": 416,
        "column": 0,
        "endLine": null,
        "endColumn": null,
        "path": "Oraculo/common/models/time_series.py",
        "symbol": "trailing-whitespace",
        "message": "Trailing whitespace",
        "message-id": "C0303"
    },
    {
        "type": "convention",
        "module": "Oraculo.common.models.time_series",
        "obj": "",
        "line": 419,
        "column": 0,
        "endLine": null,
        "endColumn": null,
        "path": "Oraculo/common/models/time_series.py",
        "symbol": "trailing-whitespace",
        "message": "Trailing whitespace",
        "message-id": "C0303"
    },
    {
        "type": "convention",
        "module": "Oraculo.common.models.time_series",
        "obj": "",
        "line": 423,
        "column": 0,
        "endLine": null,
        "endColumn": null,
        "path": "Oraculo/common/models/time_series.py",
        "symbol": "trailing-whitespace",
        "message": "Trailing whitespace",
        "message-id": "C0303"
    },
    {
        "type": "convention",
        "module": "Oraculo.common.models.time_series",
        "obj": "",
        "line": 427,
        "column": 0,
        "endLine": null,
        "endColumn": null,
        "path": "Oraculo/common/models/time_series.py",
        "symbol": "trailing-whitespace",
        "message": "Trailing whitespace",
        "message-id": "C0303"
    },
    {
        "type": "convention",
        "module": "Oraculo.common.models.time_series",
        "obj": "",
        "line": 431,
        "column": 0,
        "endLine": null,
        "endColumn": null,
        "path": "Oraculo/common/models/time_series.py",
        "symbol": "trailing-whitespace",
        "message": "Trailing whitespace",
        "message-id": "C0303"
    },
    {
        "type": "convention",
        "module": "Oraculo.common.models.time_series",
        "obj": "",
        "line": 438,
        "column": 0,
        "endLine": null,
        "endColumn": null,
        "path": "Oraculo/common/models/time_series.py",
        "symbol": "trailing-whitespace",
        "message": "Trailing whitespace",
        "message-id": "C0303"
    },
    {
        "type": "convention",
        "module": "Oraculo.common.models.time_series",
        "obj": "",
        "line": 441,
        "column": 70,
        "endLine": null,
        "endColumn": null,
        "path": "Oraculo/common/models/time_series.py",
        "symbol": "trailing-whitespace",
        "message": "Trailing whitespace",
        "message-id": "C0303"
    },
    {
        "type": "convention",
        "module": "Oraculo.common.models.time_series",
        "obj": "",
        "line": 442,
        "column": 76,
        "endLine": null,
        "endColumn": null,
        "path": "Oraculo/common/models/time_series.py",
        "symbol": "trailing-whitespace",
        "message": "Trailing whitespace",
        "message-id": "C0303"
    },
    {
        "type": "warning",
        "module": "Oraculo.core.auto_calibrator",
        "obj": "online_models",
        "line": 178,
        "column": 4,
        "endLine": 178,
        "endColumn": 13,
        "path": "Oraculo/core/auto_calibrator.py",
        "symbol": "unused-variable",
        "message": "Unused variable 'predictor'",
        "message-id": "W0612"
    },
    {
        "type": "warning",
        "module": "Oraculo.core.auto_calibrator",
        "obj": "save_weights",
        "line": 267,
        "column": 15,
        "endLine": 267,
        "endColumn": 21,
        "path": "Oraculo/core/auto_calibrator.py",
        "symbol": "unused-variable",
        "message": "Unused variable 'config'",
        "message-id": "W0612"
    },
    {
        "type": "warning",
        "module": "Oraculo.core.auto_calibrator",
        "obj": "",
        "line": 23,
        "column": 0,
        "endLine": 23,
        "endColumn": 41,
        "path": "Oraculo/core/auto_calibrator.py",
        "symbol": "unused-import",
        "message": "Unused Tuple imported from typing",
        "message-id": "W0611"
    },
    {
        "type": "convention",
        "module": "Oraculo.core.base_predictor",
        "obj": "",
        "line": 29,
        "column": 0,
        "endLine": null,
        "endColumn": null,
        "path": "Oraculo/core/base_predictor.py",
        "symbol": "trailing-whitespace",
        "message": "Trailing whitespace",
        "message-id": "C0303"
    },
    {
        "type": "convention",
        "module": "Oraculo.core.base_predictor",
        "obj": "",
        "line": 33,
        "column": 0,
        "endLine": null,
        "endColumn": null,
        "path": "Oraculo/core/base_predictor.py",
        "symbol": "trailing-whitespace",
        "message": "Trailing whitespace",
        "message-id": "C0303"
    },
    {
        "type": "convention",
        "module": "Oraculo.core.base_predictor",
        "obj": "",
        "line": 41,
        "column": 0,
        "endLine": null,
        "endColumn": null,
        "path": "Oraculo/core/base_predictor.py",
        "symbol": "trailing-whitespace",
        "message": "Trailing whitespace",
        "message-id": "C0303"
    },
    {
        "type": "convention",
        "module": "Oraculo.core.base_predictor",
        "obj": "",
        "line": 42,
        "column": 22,
        "endLine": null,
        "endColumn": null,
        "path": "Oraculo/core/base_predictor.py",
        "symbol": "trailing-whitespace",
        "message": "Trailing whitespace",
        "message-id": "C0303"
    },
    {
        "type": "convention",
        "module": "Oraculo.core.base_predictor",
        "obj": "",
        "line": 72,
        "column": 0,
        "endLine": null,
        "endColumn": null,
        "path": "Oraculo/core/base_predictor.py",
        "symbol": "trailing-whitespace",
        "message": "Trailing whitespace",
        "message-id": "C0303"
    },
    {
        "type": "convention",
        "module": "Oraculo.core.base_predictor",
        "obj": "",
        "line": 77,
        "column": 0,
        "endLine": null,
        "endColumn": null,
        "path": "Oraculo/core/base_predictor.py",
        "symbol": "trailing-whitespace",
        "message": "Trailing whitespace",
        "message-id": "C0303"
    },
    {
        "type": "convention",
        "module": "Oraculo.core.base_predictor",
        "obj": "",
        "line": 81,
        "column": 0,
        "endLine": null,
        "endColumn": null,
        "path": "Oraculo/core/base_predictor.py",
        "symbol": "trailing-whitespace",
        "message": "Trailing whitespace",
        "message-id": "C0303"
    },
    {
        "type": "convention",
        "module": "Oraculo.core.base_predictor",
        "obj": "",
        "line": 87,
        "column": 0,
        "endLine": null,
        "endColumn": null,
        "path": "Oraculo/core/base_predictor.py",
        "symbol": "trailing-whitespace",
        "message": "Trailing whitespace",
        "message-id": "C0303"
    },
    {
        "type": "convention",
        "module": "Oraculo.core.base_predictor",
        "obj": "",
        "line": 97,
        "column": 0,
        "endLine": null,
        "endColumn": null,
        "path": "Oraculo/core/base_predictor.py",
        "symbol": "trailing-whitespace",
        "message": "Trailing whitespace",
        "message-id": "C0303"
    },
    {
        "type": "convention",
        "module": "Oraculo.core.base_predictor",
        "obj": "",
        "line": 106,
        "column": 0,
        "endLine": null,
        "endColumn": null,
        "path": "Oraculo/core/base_predictor.py",
        "symbol": "trailing-whitespace",
        "message": "Trailing whitespace",
        "message-id": "C0303"
    },
    {
        "type": "convention",
        "module": "Oraculo.core.base_predictor",
        "obj": "",
        "line": 112,
        "column": 0,
        "endLine": null,
        "endColumn": null,
        "path": "Oraculo/core/base_predictor.py",
        "symbol": "trailing-whitespace",
        "message": "Trailing whitespace",
        "message-id": "C0303"
    },
    {
        "type": "convention",
        "module": "Oraculo.core.base_predictor",
        "obj": "",
        "line": 143,
        "column": 0,
        "endLine": null,
        "endColumn": null,
        "path": "Oraculo/core/base_predictor.py",
        "symbol": "trailing-whitespace",
        "message": "Trailing whitespace",
        "message-id": "C0303"
    },
    {
        "type": "convention",
        "module": "Oraculo.core.base_predictor",
        "obj": "",
        "line": 156,
        "column": 0,
        "endLine": null,
        "endColumn": null,
        "path": "Oraculo/core/base_predictor.py",
        "symbol": "trailing-whitespace",
        "message": "Trailing whitespace",
        "message-id": "C0303"
    },
    {
        "type": "convention",
        "module": "Oraculo.core.base_predictor",
        "obj": "",
        "line": 161,
        "column": 0,
        "endLine": null,
        "endColumn": null,
        "path": "Oraculo/core/base_predictor.py",
        "symbol": "trailing-whitespace",
        "message": "Trailing whitespace",
        "message-id": "C0303"
    },
    {
        "type": "convention",
        "module": "Oraculo.core.base_predictor",
        "obj": "",
        "line": 170,
        "column": 0,
        "endLine": null,
        "endColumn": null,
        "path": "Oraculo/core/base_predictor.py",
        "symbol": "trailing-whitespace",
        "message": "Trailing whitespace",
        "message-id": "C0303"
    },
    {
        "type": "convention",
        "module": "Oraculo.core.base_predictor",
        "obj": "",
        "line": 175,
        "column": 0,
        "endLine": null,
        "endColumn": null,
        "path": "Oraculo/core/base_predictor.py",
        "symbol": "trailing-whitespace",
        "message": "Trailing whitespace",
        "message-id": "C0303"
    },
    {
        "type": "convention",
        "module": "Oraculo.core.base_predictor",
        "obj": "",
        "line": 181,
        "column": 0,
        "endLine": null,
        "endColumn": null,
        "path": "Oraculo/core/base_predictor.py",
        "symbol": "trailing-whitespace",
        "message": "Trailing whitespace",
        "message-id": "C0303"
    },
    {
        "type": "convention",
        "module": "Oraculo.core.base_predictor",
        "obj": "",
        "line": 184,
        "column": 46,
        "endLine": null,
        "endColumn": null,
        "path": "Oraculo/core/base_predictor.py",
        "symbol": "trailing-whitespace",
        "message": "Trailing whitespace",
        "message-id": "C0303"
    },
    {
        "type": "convention",
        "module": "Oraculo.core.base_predictor",
        "obj": "",
        "line": 185,
        "column": 50,
        "endLine": null,
        "endColumn": null,
        "path": "Oraculo/core/base_predictor.py",
        "symbol": "trailing-whitespace",
        "message": "Trailing whitespace",
        "message-id": "C0303"
    },
    {
        "type": "convention",
        "module": "Oraculo.core.base_predictor",
        "obj": "",
        "line": 189,
        "column": 0,
        "endLine": null,
        "endColumn": null,
        "path": "Oraculo/core/base_predictor.py",
        "symbol": "trailing-whitespace",
        "message": "Trailing whitespace",
        "message-id": "C0303"
    },
    {
        "type": "convention",
        "module": "Oraculo.core.base_predictor",
        "obj": "",
        "line": 191,
        "column": 0,
        "endLine": null,
        "endColumn": null,
        "path": "Oraculo/core/base_predictor.py",
        "symbol": "trailing-whitespace",
        "message": "Trailing whitespace",
        "message-id": "C0303"
    },
    {
        "type": "convention",
        "module": "Oraculo.core.base_predictor",
        "obj": "",
        "line": 195,
        "column": 0,
        "endLine": null,
        "endColumn": null,
        "path": "Oraculo/core/base_predictor.py",
        "symbol": "trailing-whitespace",
        "message": "Trailing whitespace",
        "message-id": "C0303"
    },
    {
        "type": "convention",
        "module": "Oraculo.core.base_predictor",
        "obj": "",
        "line": 198,
        "column": 0,
        "endLine": null,
        "endColumn": null,
        "path": "Oraculo/core/base_predictor.py",
        "symbol": "trailing-whitespace",
        "message": "Trailing whitespace",
        "message-id": "C0303"
    },
    {
        "type": "convention",
        "module": "Oraculo.core.base_predictor",
        "obj": "",
        "line": 200,
        "column": 0,
        "endLine": null,
        "endColumn": null,
        "path": "Oraculo/core/base_predictor.py",
        "symbol": "trailing-whitespace",
        "message": "Trailing whitespace",
        "message-id": "C0303"
    },
    {
        "type": "convention",
        "module": "Oraculo.core.base_predictor",
        "obj": "",
        "line": 204,
        "column": 0,
        "endLine": null,
        "endColumn": null,
        "path": "Oraculo/core/base_predictor.py",
        "symbol": "trailing-whitespace",
        "message": "Trailing whitespace",
        "message-id": "C0303"
    },
    {
        "type": "convention",
        "module": "Oraculo.core.base_predictor",
        "obj": "",
        "line": 207,
        "column": 0,
        "endLine": null,
        "endColumn": null,
        "path": "Oraculo/core/base_predictor.py",
        "symbol": "trailing-whitespace",
        "message": "Trailing whitespace",
        "message-id": "C0303"
    },
    {
        "type": "convention",
        "module": "Oraculo.core.base_predictor",
        "obj": "",
        "line": 212,
        "column": 0,
        "endLine": null,
        "endColumn": null,
        "path": "Oraculo/core/base_predictor.py",
        "symbol": "trailing-whitespace",
        "message": "Trailing whitespace",
        "message-id": "C0303"
    },
    {
        "type": "convention",
        "module": "Oraculo.core.base_predictor",
        "obj": "",
        "line": 216,
        "column": 0,
        "endLine": null,
        "endColumn": null,
        "path": "Oraculo/core/base_predictor.py",
        "symbol": "trailing-whitespace",
        "message": "Trailing whitespace",
        "message-id": "C0303"
    },
    {
        "type": "convention",
        "module": "Oraculo.core.base_predictor",
        "obj": "",
        "line": 224,
        "column": 0,
        "endLine": null,
        "endColumn": null,
        "path": "Oraculo/core/base_predictor.py",
        "symbol": "trailing-whitespace",
        "message": "Trailing whitespace",
        "message-id": "C0303"
    },
    {
        "type": "convention",
        "module": "Oraculo.core.base_predictor",
        "obj": "",
        "line": 232,
        "column": 0,
        "endLine": null,
        "endColumn": null,
        "path": "Oraculo/core/base_predictor.py",
        "symbol": "trailing-whitespace",
        "message": "Trailing whitespace",
        "message-id": "C0303"
    },
    {
        "type": "convention",
        "module": "Oraculo.core.base_predictor",
        "obj": "",
        "line": 235,
        "column": 0,
        "endLine": null,
        "endColumn": null,
        "path": "Oraculo/core/base_predictor.py",
        "symbol": "trailing-whitespace",
        "message": "Trailing whitespace",
        "message-id": "C0303"
    },
    {
        "type": "convention",
        "module": "Oraculo.core.base_predictor",
        "obj": "",
        "line": 239,
        "column": 0,
        "endLine": null,
        "endColumn": null,
        "path": "Oraculo/core/base_predictor.py",
        "symbol": "trailing-whitespace",
        "message": "Trailing whitespace",
        "message-id": "C0303"
    },
    {
        "type": "convention",
        "module": "Oraculo.core.base_predictor",
        "obj": "",
        "line": 241,
        "column": 0,
        "endLine": null,
        "endColumn": null,
        "path": "Oraculo/core/base_predictor.py",
        "symbol": "trailing-whitespace",
        "message": "Trailing whitespace",
        "message-id": "C0303"
    },
    {
        "type": "convention",
        "module": "Oraculo.core.base_predictor",
        "obj": "",
        "line": 245,
        "column": 0,
        "endLine": null,
        "endColumn": null,
        "path": "Oraculo/core/base_predictor.py",
        "symbol": "trailing-whitespace",
        "message": "Trailing whitespace",
        "message-id": "C0303"
    },
    {
        "type": "convention",
        "module": "Oraculo.core.base_predictor",
        "obj": "",
        "line": 247,
        "column": 0,
        "endLine": null,
        "endColumn": null,
        "path": "Oraculo/core/base_predictor.py",
        "symbol": "trailing-whitespace",
        "message": "Trailing whitespace",
        "message-id": "C0303"
    },
    {
        "type": "convention",
        "module": "Oraculo.core.base_predictor",
        "obj": "",
        "line": 259,
        "column": 0,
        "endLine": null,
        "endColumn": null,
        "path": "Oraculo/core/base_predictor.py",
        "symbol": "trailing-whitespace",
        "message": "Trailing whitespace",
        "message-id": "C0303"
    },
    {
        "type": "convention",
        "module": "Oraculo.core.base_predictor",
        "obj": "",
        "line": 261,
        "column": 0,
        "endLine": null,
        "endColumn": null,
        "path": "Oraculo/core/base_predictor.py",
        "symbol": "trailing-whitespace",
        "message": "Trailing whitespace",
        "message-id": "C0303"
    },
    {
        "type": "convention",
        "module": "Oraculo.core.base_predictor",
        "obj": "",
        "line": 266,
        "column": 0,
        "endLine": null,
        "endColumn": null,
        "path": "Oraculo/core/base_predictor.py",
        "symbol": "trailing-whitespace",
        "message": "Trailing whitespace",
        "message-id": "C0303"
    },
    {
        "type": "convention",
        "module": "Oraculo.core.base_predictor",
        "obj": "",
        "line": 271,
        "column": 0,
        "endLine": null,
        "endColumn": null,
        "path": "Oraculo/core/base_predictor.py",
        "symbol": "trailing-whitespace",
        "message": "Trailing whitespace",
        "message-id": "C0303"
    },
    {
        "type": "convention",
        "module": "Oraculo.core.base_predictor",
        "obj": "",
        "line": 276,
        "column": 0,
        "endLine": null,
        "endColumn": null,
        "path": "Oraculo/core/base_predictor.py",
        "symbol": "trailing-whitespace",
        "message": "Trailing whitespace",
        "message-id": "C0303"
    },
    {
        "type": "convention",
        "module": "Oraculo.core.base_predictor",
        "obj": "",
        "line": 282,
        "column": 0,
        "endLine": null,
        "endColumn": null,
        "path": "Oraculo/core/base_predictor.py",
        "symbol": "trailing-whitespace",
        "message": "Trailing whitespace",
        "message-id": "C0303"
    },
    {
        "type": "convention",
        "module": "Oraculo.core.base_predictor",
        "obj": "",
        "line": 285,
        "column": 0,
        "endLine": null,
        "endColumn": null,
        "path": "Oraculo/core/base_predictor.py",
        "symbol": "trailing-whitespace",
        "message": "Trailing whitespace",
        "message-id": "C0303"
    },
    {
        "type": "convention",
        "module": "Oraculo.core.base_predictor",
        "obj": "",
        "line": 288,
        "column": 0,
        "endLine": null,
        "endColumn": null,
        "path": "Oraculo/core/base_predictor.py",
        "symbol": "trailing-whitespace",
        "message": "Trailing whitespace",
        "message-id": "C0303"
    },
    {
        "type": "convention",
        "module": "Oraculo.core.base_predictor",
        "obj": "",
        "line": 293,
        "column": 0,
        "endLine": null,
        "endColumn": null,
        "path": "Oraculo/core/base_predictor.py",
        "symbol": "trailing-whitespace",
        "message": "Trailing whitespace",
        "message-id": "C0303"
    },
    {
        "type": "convention",
        "module": "Oraculo.core.base_predictor",
        "obj": "",
        "line": 297,
        "column": 0,
        "endLine": null,
        "endColumn": null,
        "path": "Oraculo/core/base_predictor.py",
        "symbol": "trailing-whitespace",
        "message": "Trailing whitespace",
        "message-id": "C0303"
    },
    {
        "type": "convention",
        "module": "Oraculo.core.base_predictor",
        "obj": "",
        "line": 301,
        "column": 0,
        "endLine": null,
        "endColumn": null,
        "path": "Oraculo/core/base_predictor.py",
        "symbol": "trailing-whitespace",
        "message": "Trailing whitespace",
        "message-id": "C0303"
    },
    {
        "type": "convention",
        "module": "Oraculo.core.base_predictor",
        "obj": "",
        "line": 305,
        "column": 0,
        "endLine": null,
        "endColumn": null,
        "path": "Oraculo/core/base_predictor.py",
        "symbol": "trailing-whitespace",
        "message": "Trailing whitespace",
        "message-id": "C0303"
    },
    {
        "type": "convention",
        "module": "Oraculo.core.base_predictor",
        "obj": "",
        "line": 312,
        "column": 0,
        "endLine": null,
        "endColumn": null,
        "path": "Oraculo/core/base_predictor.py",
        "symbol": "trailing-whitespace",
        "message": "Trailing whitespace",
        "message-id": "C0303"
    },
    {
        "type": "convention",
        "module": "Oraculo.core.base_predictor",
        "obj": "",
        "line": 317,
        "column": 0,
        "endLine": null,
        "endColumn": null,
        "path": "Oraculo/core/base_predictor.py",
        "symbol": "trailing-whitespace",
        "message": "Trailing whitespace",
        "message-id": "C0303"
    },
    {
        "type": "convention",
        "module": "Oraculo.core.base_predictor",
        "obj": "",
        "line": 321,
        "column": 0,
        "endLine": null,
        "endColumn": null,
        "path": "Oraculo/core/base_predictor.py",
        "symbol": "trailing-whitespace",
        "message": "Trailing whitespace",
        "message-id": "C0303"
    },
    {
        "type": "convention",
        "module": "Oraculo.core.base_predictor",
        "obj": "",
        "line": 330,
        "column": 0,
        "endLine": null,
        "endColumn": null,
        "path": "Oraculo/core/base_predictor.py",
        "symbol": "trailing-whitespace",
        "message": "Trailing whitespace",
        "message-id": "C0303"
    },
    {
        "type": "convention",
        "module": "Oraculo.core.base_predictor",
        "obj": "",
        "line": 338,
        "column": 0,
        "endLine": null,
        "endColumn": null,
        "path": "Oraculo/core/base_predictor.py",
        "symbol": "trailing-whitespace",
        "message": "Trailing whitespace",
        "message-id": "C0303"
    },
    {
        "type": "convention",
        "module": "Oraculo.core.base_predictor",
        "obj": "",
        "line": 343,
        "column": 0,
        "endLine": null,
        "endColumn": null,
        "path": "Oraculo/core/base_predictor.py",
        "symbol": "trailing-whitespace",
        "message": "Trailing whitespace",
        "message-id": "C0303"
    },
    {
        "type": "convention",
        "module": "Oraculo.core.base_predictor",
        "obj": "",
        "line": 354,
        "column": 0,
        "endLine": null,
        "endColumn": null,
        "path": "Oraculo/core/base_predictor.py",
        "symbol": "trailing-whitespace",
        "message": "Trailing whitespace",
        "message-id": "C0303"
    },
    {
        "type": "convention",
        "module": "Oraculo.core.base_predictor",
        "obj": "",
        "line": 358,
        "column": 0,
        "endLine": null,
        "endColumn": null,
        "path": "Oraculo/core/base_predictor.py",
        "symbol": "trailing-whitespace",
        "message": "Trailing whitespace",
        "message-id": "C0303"
    },
    {
        "type": "convention",
        "module": "Oraculo.core.base_predictor",
        "obj": "",
        "line": 360,
        "column": 0,
        "endLine": null,
        "endColumn": null,
        "path": "Oraculo/core/base_predictor.py",
        "symbol": "trailing-whitespace",
        "message": "Trailing whitespace",
        "message-id": "C0303"
    },
    {
        "type": "convention",
        "module": "Oraculo.core.base_predictor",
        "obj": "",
        "line": 365,
        "column": 0,
        "endLine": null,
        "endColumn": null,
        "path": "Oraculo/core/base_predictor.py",
        "symbol": "trailing-whitespace",
        "message": "Trailing whitespace",
        "message-id": "C0303"
    },
    {
        "type": "convention",
        "module": "Oraculo.core.base_predictor",
        "obj": "",
        "line": 379,
        "column": 0,
        "endLine": null,
        "endColumn": null,
        "path": "Oraculo/core/base_predictor.py",
        "symbol": "trailing-whitespace",
        "message": "Trailing whitespace",
        "message-id": "C0303"
    },
    {
        "type": "convention",
        "module": "Oraculo.core.base_predictor",
        "obj": "",
        "line": 381,
        "column": 0,
        "endLine": null,
        "endColumn": null,
        "path": "Oraculo/core/base_predictor.py",
        "symbol": "trailing-whitespace",
        "message": "Trailing whitespace",
        "message-id": "C0303"
    },
    {
        "type": "convention",
        "module": "Oraculo.core.base_predictor",
        "obj": "",
        "line": 385,
        "column": 0,
        "endLine": null,
        "endColumn": null,
        "path": "Oraculo/core/base_predictor.py",
        "symbol": "trailing-whitespace",
        "message": "Trailing whitespace",
        "message-id": "C0303"
    },
    {
        "type": "convention",
        "module": "Oraculo.core.base_predictor",
        "obj": "",
        "line": 389,
        "column": 0,
        "endLine": null,
        "endColumn": null,
        "path": "Oraculo/core/base_predictor.py",
        "symbol": "trailing-whitespace",
        "message": "Trailing whitespace",
        "message-id": "C0303"
    },
    {
        "type": "convention",
        "module": "Oraculo.core.base_predictor",
        "obj": "",
        "line": 393,
        "column": 0,
        "endLine": null,
        "endColumn": null,
        "path": "Oraculo/core/base_predictor.py",
        "symbol": "trailing-whitespace",
        "message": "Trailing whitespace",
        "message-id": "C0303"
    },
    {
        "type": "convention",
        "module": "Oraculo.core.base_predictor",
        "obj": "",
        "line": 396,
        "column": 0,
        "endLine": null,
        "endColumn": null,
        "path": "Oraculo/core/base_predictor.py",
        "symbol": "trailing-whitespace",
        "message": "Trailing whitespace",
        "message-id": "C0303"
    },
    {
        "type": "convention",
        "module": "Oraculo.core.base_predictor",
        "obj": "",
        "line": 399,
        "column": 0,
        "endLine": null,
        "endColumn": null,
        "path": "Oraculo/core/base_predictor.py",
        "symbol": "trailing-whitespace",
        "message": "Trailing whitespace",
        "message-id": "C0303"
    },
    {
        "type": "convention",
        "module": "Oraculo.core.base_predictor",
        "obj": "",
        "line": 406,
        "column": 0,
        "endLine": null,
        "endColumn": null,
        "path": "Oraculo/core/base_predictor.py",
        "symbol": "trailing-whitespace",
        "message": "Trailing whitespace",
        "message-id": "C0303"
    },
    {
        "type": "convention",
        "module": "Oraculo.core.base_predictor",
        "obj": "",
        "line": 409,
        "column": 0,
        "endLine": null,
        "endColumn": null,
        "path": "Oraculo/core/base_predictor.py",
        "symbol": "trailing-whitespace",
        "message": "Trailing whitespace",
        "message-id": "C0303"
    },
    {
        "type": "convention",
        "module": "Oraculo.core.base_predictor",
        "obj": "",
        "line": 411,
        "column": 0,
        "endLine": null,
        "endColumn": null,
        "path": "Oraculo/core/base_predictor.py",
        "symbol": "trailing-whitespace",
        "message": "Trailing whitespace",
        "message-id": "C0303"
    },
    {
        "type": "convention",
        "module": "Oraculo.core.base_predictor",
        "obj": "",
        "line": 417,
        "column": 0,
        "endLine": null,
        "endColumn": null,
        "path": "Oraculo/core/base_predictor.py",
        "symbol": "trailing-whitespace",
        "message": "Trailing whitespace",
        "message-id": "C0303"
    },
    {
        "type": "convention",
        "module": "Oraculo.core.base_predictor",
        "obj": "",
        "line": 420,
        "column": 0,
        "endLine": null,
        "endColumn": null,
        "path": "Oraculo/core/base_predictor.py",
        "symbol": "trailing-whitespace",
        "message": "Trailing whitespace",
        "message-id": "C0303"
    },
    {
        "type": "convention",
        "module": "Oraculo.core.base_predictor",
        "obj": "",
        "line": 423,
        "column": 0,
        "endLine": null,
        "endColumn": null,
        "path": "Oraculo/core/base_predictor.py",
        "symbol": "trailing-whitespace",
        "message": "Trailing whitespace",
        "message-id": "C0303"
    },
    {
        "type": "convention",
        "module": "Oraculo.core.base_predictor",
        "obj": "",
        "line": 426,
        "column": 0,
        "endLine": null,
        "endColumn": null,
        "path": "Oraculo/core/base_predictor.py",
        "symbol": "trailing-whitespace",
        "message": "Trailing whitespace",
        "message-id": "C0303"
    },
    {
        "type": "convention",
        "module": "Oraculo.core.base_predictor",
        "obj": "",
        "line": 431,
        "column": 0,
        "endLine": null,
        "endColumn": null,
        "path": "Oraculo/core/base_predictor.py",
        "symbol": "trailing-whitespace",
        "message": "Trailing whitespace",
        "message-id": "C0303"
    },
    {
        "type": "convention",
        "module": "Oraculo.core.env_config",
        "obj": "",
        "line": 17,
        "column": 0,
        "endLine": null,
        "endColumn": null,
        "path": "Oraculo/core/env_config.py",
        "symbol": "trailing-whitespace",
        "message": "Trailing whitespace",
        "message-id": "C0303"
    },
    {
        "type": "convention",
        "module": "Oraculo.core.env_config",
        "obj": "",
        "line": 27,
        "column": 0,
        "endLine": null,
        "endColumn": null,
        "path": "Oraculo/core/env_config.py",
        "symbol": "trailing-whitespace",
        "message": "Trailing whitespace",
        "message-id": "C0303"
    },
    {
        "type": "convention",
        "module": "Oraculo.core.env_config",
        "obj": "",
        "line": 31,
        "column": 0,
        "endLine": null,
        "endColumn": null,
        "path": "Oraculo/core/env_config.py",
        "symbol": "trailing-whitespace",
        "message": "Trailing whitespace",
        "message-id": "C0303"
    },
    {
        "type": "convention",
        "module": "Oraculo.core.env_config",
        "obj": "",
        "line": 33,
        "column": 0,
        "endLine": null,
        "endColumn": null,
        "path": "Oraculo/core/env_config.py",
        "symbol": "trailing-whitespace",
        "message": "Trailing whitespace",
        "message-id": "C0303"
    },
    {
        "type": "convention",
        "module": "Oraculo.core.env_config",
        "obj": "",
        "line": 42,
        "column": 0,
        "endLine": null,
        "endColumn": null,
        "path": "Oraculo/core/env_config.py",
        "symbol": "trailing-whitespace",
        "message": "Trailing whitespace",
        "message-id": "C0303"
    },
    {
        "type": "convention",
        "module": "Oraculo.core.env_config",
        "obj": "",
        "line": 50,
        "column": 0,
        "endLine": null,
        "endColumn": null,
        "path": "Oraculo/core/env_config.py",
        "symbol": "trailing-whitespace",
        "message": "Trailing whitespace",
        "message-id": "C0303"
    },
    {
        "type": "convention",
        "module": "Oraculo.core.env_config",
        "obj": "",
        "line": 54,
        "column": 0,
        "endLine": null,
        "endColumn": null,
        "path": "Oraculo/core/env_config.py",
        "symbol": "trailing-whitespace",
        "message": "Trailing whitespace",
        "message-id": "C0303"
    },
    {
        "type": "convention",
        "module": "Oraculo.core.env_config",
        "obj": "",
        "line": 57,
        "column": 0,
        "endLine": null,
        "endColumn": null,
        "path": "Oraculo/core/env_config.py",
        "symbol": "trailing-whitespace",
        "message": "Trailing whitespace",
        "message-id": "C0303"
    },
    {
        "type": "convention",
        "module": "Oraculo.core.env_config",
        "obj": "",
        "line": 62,
        "column": 0,
        "endLine": null,
        "endColumn": null,
        "path": "Oraculo/core/env_config.py",
        "symbol": "trailing-whitespace",
        "message": "Trailing whitespace",
        "message-id": "C0303"
    },
    {
        "type": "convention",
        "module": "Oraculo.core.env_config",
        "obj": "",
        "line": 67,
        "column": 0,
        "endLine": null,
        "endColumn": null,
        "path": "Oraculo/core/env_config.py",
        "symbol": "trailing-whitespace",
        "message": "Trailing whitespace",
        "message-id": "C0303"
    },
    {
        "type": "convention",
        "module": "Oraculo.core.env_config",
        "obj": "",
        "line": 71,
        "column": 0,
        "endLine": null,
        "endColumn": null,
        "path": "Oraculo/core/env_config.py",
        "symbol": "trailing-whitespace",
        "message": "Trailing whitespace",
        "message-id": "C0303"
    },
    {
        "type": "convention",
        "module": "Oraculo.core.env_config",
        "obj": "",
        "line": 77,
        "column": 0,
        "endLine": null,
        "endColumn": null,
        "path": "Oraculo/core/env_config.py",
        "symbol": "trailing-whitespace",
        "message": "Trailing whitespace",
        "message-id": "C0303"
    },
    {
        "type": "convention",
        "module": "Oraculo.core.env_config",
        "obj": "",
        "line": 83,
        "column": 0,
        "endLine": null,
        "endColumn": null,
        "path": "Oraculo/core/env_config.py",
        "symbol": "trailing-whitespace",
        "message": "Trailing whitespace",
        "message-id": "C0303"
    },
    {
        "type": "convention",
        "module": "Oraculo.core.env_config",
        "obj": "",
        "line": 92,
        "column": 0,
        "endLine": null,
        "endColumn": null,
        "path": "Oraculo/core/env_config.py",
        "symbol": "trailing-whitespace",
        "message": "Trailing whitespace",
        "message-id": "C0303"
    },
    {
        "type": "convention",
        "module": "Oraculo.core.env_config",
        "obj": "",
        "line": 95,
        "column": 0,
        "endLine": null,
        "endColumn": null,
        "path": "Oraculo/core/env_config.py",
        "symbol": "trailing-whitespace",
        "message": "Trailing whitespace",
        "message-id": "C0303"
    },
    {
        "type": "convention",
        "module": "Oraculo.core.env_config",
        "obj": "",
        "line": 99,
        "column": 0,
        "endLine": null,
        "endColumn": null,
        "path": "Oraculo/core/env_config.py",
        "symbol": "trailing-whitespace",
        "message": "Trailing whitespace",
        "message-id": "C0303"
    },
    {
        "type": "convention",
        "module": "Oraculo.core.env_config",
        "obj": "",
        "line": 108,
        "column": 0,
        "endLine": null,
        "endColumn": null,
        "path": "Oraculo/core/env_config.py",
        "symbol": "trailing-whitespace",
        "message": "Trailing whitespace",
        "message-id": "C0303"
    },
    {
        "type": "convention",
        "module": "Oraculo.core.env_config",
        "obj": "",
        "line": 115,
        "column": 0,
        "endLine": null,
        "endColumn": null,
        "path": "Oraculo/core/env_config.py",
        "symbol": "trailing-whitespace",
        "message": "Trailing whitespace",
        "message-id": "C0303"
    },
    {
        "type": "convention",
        "module": "Oraculo.core.env_config",
        "obj": "",
        "line": 124,
        "column": 0,
        "endLine": null,
        "endColumn": null,
        "path": "Oraculo/core/env_config.py",
        "symbol": "trailing-whitespace",
        "message": "Trailing whitespace",
        "message-id": "C0303"
    },
    {
        "type": "convention",
        "module": "Oraculo.core.env_config",
        "obj": "",
        "line": 128,
        "column": 0,
        "endLine": null,
        "endColumn": null,
        "path": "Oraculo/core/env_config.py",
        "symbol": "trailing-whitespace",
        "message": "Trailing whitespace",
        "message-id": "C0303"
    },
    {
        "type": "convention",
        "module": "Oraculo.core.env_config",
        "obj": "",
        "line": 133,
        "column": 0,
        "endLine": null,
        "endColumn": null,
        "path": "Oraculo/core/env_config.py",
        "symbol": "trailing-whitespace",
        "message": "Trailing whitespace",
        "message-id": "C0303"
    },
    {
        "type": "convention",
        "module": "Oraculo.core.env_config",
        "obj": "",
        "line": 141,
        "column": 0,
        "endLine": null,
        "endColumn": null,
        "path": "Oraculo/core/env_config.py",
        "symbol": "trailing-whitespace",
        "message": "Trailing whitespace",
        "message-id": "C0303"
    },
    {
        "type": "convention",
        "module": "Oraculo.core.env_config",
        "obj": "",
        "line": 145,
        "column": 0,
        "endLine": null,
        "endColumn": null,
        "path": "Oraculo/core/env_config.py",
        "symbol": "trailing-whitespace",
        "message": "Trailing whitespace",
        "message-id": "C0303"
    },
    {
        "type": "convention",
        "module": "Oraculo.core.env_config",
        "obj": "",
        "line": 154,
        "column": 0,
        "endLine": null,
        "endColumn": null,
        "path": "Oraculo/core/env_config.py",
        "symbol": "trailing-whitespace",
        "message": "Trailing whitespace",
        "message-id": "C0303"
    },
    {
        "type": "convention",
        "module": "Oraculo.core.env_config",
        "obj": "",
        "line": 159,
        "column": 0,
        "endLine": null,
        "endColumn": null,
        "path": "Oraculo/core/env_config.py",
        "symbol": "trailing-whitespace",
        "message": "Trailing whitespace",
        "message-id": "C0303"
    },
    {
        "type": "convention",
        "module": "Oraculo.core.env_config",
        "obj": "",
        "line": 165,
        "column": 0,
        "endLine": null,
        "endColumn": null,
        "path": "Oraculo/core/env_config.py",
        "symbol": "trailing-whitespace",
        "message": "Trailing whitespace",
        "message-id": "C0303"
    },
    {
        "type": "convention",
        "module": "Oraculo.core.env_config",
        "obj": "",
        "line": 170,
        "column": 0,
        "endLine": null,
        "endColumn": null,
        "path": "Oraculo/core/env_config.py",
        "symbol": "trailing-whitespace",
        "message": "Trailing whitespace",
        "message-id": "C0303"
    },
    {
        "type": "convention",
        "module": "Oraculo.core.env_config",
        "obj": "",
        "line": 172,
        "column": 54,
        "endLine": null,
        "endColumn": null,
        "path": "Oraculo/core/env_config.py",
        "symbol": "trailing-whitespace",
        "message": "Trailing whitespace",
        "message-id": "C0303"
    },
    {
        "type": "convention",
        "module": "Oraculo.core.env_config",
        "obj": "",
        "line": 174,
        "column": 0,
        "endLine": null,
        "endColumn": null,
        "path": "Oraculo/core/env_config.py",
        "symbol": "trailing-whitespace",
        "message": "Trailing whitespace",
        "message-id": "C0303"
    },
    {
        "type": "convention",
        "module": "Oraculo.core.env_config",
        "obj": "",
        "line": 179,
        "column": 0,
        "endLine": null,
        "endColumn": null,
        "path": "Oraculo/core/env_config.py",
        "symbol": "trailing-whitespace",
        "message": "Trailing whitespace",
        "message-id": "C0303"
    },
    {
        "type": "convention",
        "module": "Oraculo.core.env_config",
        "obj": "",
        "line": 183,
        "column": 0,
        "endLine": null,
        "endColumn": null,
        "path": "Oraculo/core/env_config.py",
        "symbol": "trailing-whitespace",
        "message": "Trailing whitespace",
        "message-id": "C0303"
    },
    {
        "type": "convention",
        "module": "Oraculo.core.env_config",
        "obj": "",
        "line": 188,
        "column": 0,
        "endLine": null,
        "endColumn": null,
        "path": "Oraculo/core/env_config.py",
        "symbol": "trailing-whitespace",
        "message": "Trailing whitespace",
        "message-id": "C0303"
    },
    {
        "type": "convention",
        "module": "Oraculo.core.env_config",
        "obj": "",
        "line": 192,
        "column": 0,
        "endLine": null,
        "endColumn": null,
        "path": "Oraculo/core/env_config.py",
        "symbol": "trailing-whitespace",
        "message": "Trailing whitespace",
        "message-id": "C0303"
    },
    {
        "type": "convention",
        "module": "Oraculo.core.env_config",
        "obj": "",
        "line": 197,
        "column": 0,
        "endLine": null,
        "endColumn": null,
        "path": "Oraculo/core/env_config.py",
        "symbol": "trailing-whitespace",
        "message": "Trailing whitespace",
        "message-id": "C0303"
    },
    {
        "type": "convention",
        "module": "Oraculo.core.env_config",
        "obj": "",
        "line": 203,
        "column": 0,
        "endLine": null,
        "endColumn": null,
        "path": "Oraculo/core/env_config.py",
        "symbol": "trailing-whitespace",
        "message": "Trailing whitespace",
        "message-id": "C0303"
    },
    {
        "type": "convention",
        "module": "Oraculo.core.env_config",
        "obj": "",
        "line": 222,
        "column": 0,
        "endLine": null,
        "endColumn": null,
        "path": "Oraculo/core/env_config.py",
        "symbol": "trailing-whitespace",
        "message": "Trailing whitespace",
        "message-id": "C0303"
    },
    {
        "type": "convention",
        "module": "Oraculo.core.env_config",
        "obj": "",
        "line": 225,
        "column": 0,
        "endLine": null,
        "endColumn": null,
        "path": "Oraculo/core/env_config.py",
        "symbol": "trailing-whitespace",
        "message": "Trailing whitespace",
        "message-id": "C0303"
    },
    {
        "type": "warning",
        "module": "Oraculo.core.env_config",
        "obj": "",
        "line": 10,
        "column": 0,
        "endLine": 10,
        "endColumn": 40,
        "path": "Oraculo/core/env_config.py",
        "symbol": "unused-import",
        "message": "Unused Dict imported from typing",
        "message-id": "W0611"
    },
    {
        "type": "convention",
        "module": "Oraculo.core.lottery_configs",
        "obj": "",
        "line": 32,
        "column": 21,
        "endLine": null,
        "endColumn": null,
        "path": "Oraculo/core/lottery_configs.py",
        "symbol": "trailing-whitespace",
        "message": "Trailing whitespace",
        "message-id": "C0303"
    },
    {
        "type": "convention",
        "module": "Oraculo.core.lottery_configs",
        "obj": "",
        "line": 89,
        "column": 0,
        "endLine": null,
        "endColumn": null,
        "path": "Oraculo/core/lottery_configs.py",
        "symbol": "trailing-whitespace",
        "message": "Trailing whitespace",
        "message-id": "C0303"
    },
    {
        "type": "convention",
        "module": "Oraculo.core.model_adapter",
        "obj": "",
        "line": 26,
        "column": 0,
        "endLine": null,
        "endColumn": null,
        "path": "Oraculo/core/model_adapter.py",
        "symbol": "trailing-whitespace",
        "message": "Trailing whitespace",
        "message-id": "C0303"
    },
    {
        "type": "convention",
        "module": "Oraculo.core.model_adapter",
        "obj": "",
        "line": 35,
        "column": 0,
        "endLine": null,
        "endColumn": null,
        "path": "Oraculo/core/model_adapter.py",
        "symbol": "trailing-whitespace",
        "message": "Trailing whitespace",
        "message-id": "C0303"
    },
    {
        "type": "convention",
        "module": "Oraculo.core.model_adapter",
        "obj": "",
        "line": 41,
        "column": 0,
        "endLine": null,
        "endColumn": null,
        "path": "Oraculo/core/model_adapter.py",
        "symbol": "trailing-whitespace",
        "message": "Trailing whitespace",
        "message-id": "C0303"
    },
    {
        "type": "convention",
        "module": "Oraculo.core.model_adapter",
        "obj": "",
        "line": 44,
        "column": 0,
        "endLine": null,
        "endColumn": null,
        "path": "Oraculo/core/model_adapter.py",
        "symbol": "trailing-whitespace",
        "message": "Trailing whitespace",
        "message-id": "C0303"
    },
    {
        "type": "convention",
        "module": "Oraculo.core.model_adapter",
        "obj": "",
        "line": 48,
        "column": 0,
        "endLine": null,
        "endColumn": null,
        "path": "Oraculo/core/model_adapter.py",
        "symbol": "trailing-whitespace",
        "message": "Trailing whitespace",
        "message-id": "C0303"
    },
    {
        "type": "convention",
        "module": "Oraculo.core.model_adapter",
        "obj": "",
        "line": 50,
        "column": 64,
        "endLine": null,
        "endColumn": null,
        "path": "Oraculo/core/model_adapter.py",
        "symbol": "trailing-whitespace",
        "message": "Trailing whitespace",
        "message-id": "C0303"
    },
    {
        "type": "convention",
        "module": "Oraculo.core.model_adapter",
        "obj": "",
        "line": 52,
        "column": 0,
        "endLine": null,
        "endColumn": null,
        "path": "Oraculo/core/model_adapter.py",
        "symbol": "trailing-whitespace",
        "message": "Trailing whitespace",
        "message-id": "C0303"
    },
    {
        "type": "convention",
        "module": "Oraculo.core.model_adapter",
        "obj": "",
        "line": 55,
        "column": 0,
        "endLine": null,
        "endColumn": null,
        "path": "Oraculo/core/model_adapter.py",
        "symbol": "trailing-whitespace",
        "message": "Trailing whitespace",
        "message-id": "C0303"
    },
    {
        "type": "convention",
        "module": "Oraculo.core.model_adapter",
        "obj": "",
        "line": 59,
        "column": 0,
        "endLine": null,
        "endColumn": null,
        "path": "Oraculo/core/model_adapter.py",
        "symbol": "trailing-whitespace",
        "message": "Trailing whitespace",
        "message-id": "C0303"
    },
    {
        "type": "convention",
        "module": "Oraculo.core.model_adapter",
        "obj": "",
        "line": 62,
        "column": 0,
        "endLine": null,
        "endColumn": null,
        "path": "Oraculo/core/model_adapter.py",
        "symbol": "trailing-whitespace",
        "message": "Trailing whitespace",
        "message-id": "C0303"
    },
    {
        "type": "convention",
        "module": "Oraculo.core.model_adapter",
        "obj": "",
        "line": 68,
        "column": 0,
        "endLine": null,
        "endColumn": null,
        "path": "Oraculo/core/model_adapter.py",
        "symbol": "trailing-whitespace",
        "message": "Trailing whitespace",
        "message-id": "C0303"
    },
    {
        "type": "convention",
        "module": "Oraculo.core.model_adapter",
        "obj": "",
        "line": 72,
        "column": 0,
        "endLine": null,
        "endColumn": null,
        "path": "Oraculo/core/model_adapter.py",
        "symbol": "trailing-whitespace",
        "message": "Trailing whitespace",
        "message-id": "C0303"
    },
    {
        "type": "convention",
        "module": "Oraculo.core.model_adapter",
        "obj": "",
        "line": 77,
        "column": 0,
        "endLine": null,
        "endColumn": null,
        "path": "Oraculo/core/model_adapter.py",
        "symbol": "trailing-whitespace",
        "message": "Trailing whitespace",
        "message-id": "C0303"
    },
    {
        "type": "convention",
        "module": "Oraculo.core.model_adapter",
        "obj": "",
        "line": 80,
        "column": 0,
        "endLine": null,
        "endColumn": null,
        "path": "Oraculo/core/model_adapter.py",
        "symbol": "trailing-whitespace",
        "message": "Trailing whitespace",
        "message-id": "C0303"
    },
    {
        "type": "convention",
        "module": "Oraculo.core.model_adapter",
        "obj": "",
        "line": 83,
        "column": 0,
        "endLine": null,
        "endColumn": null,
        "path": "Oraculo/core/model_adapter.py",
        "symbol": "trailing-whitespace",
        "message": "Trailing whitespace",
        "message-id": "C0303"
    },
    {
        "type": "convention",
        "module": "Oraculo.core.model_adapter",
        "obj": "",
        "line": 89,
        "column": 0,
        "endLine": null,
        "endColumn": null,
        "path": "Oraculo/core/model_adapter.py",
        "symbol": "trailing-whitespace",
        "message": "Trailing whitespace",
        "message-id": "C0303"
    },
    {
        "type": "convention",
        "module": "Oraculo.core.model_adapter",
        "obj": "",
        "line": 97,
        "column": 0,
        "endLine": null,
        "endColumn": null,
        "path": "Oraculo/core/model_adapter.py",
        "symbol": "trailing-whitespace",
        "message": "Trailing whitespace",
        "message-id": "C0303"
    },
    {
        "type": "convention",
        "module": "Oraculo.core.model_adapter",
        "obj": "",
        "line": 100,
        "column": 0,
        "endLine": null,
        "endColumn": null,
        "path": "Oraculo/core/model_adapter.py",
        "symbol": "trailing-whitespace",
        "message": "Trailing whitespace",
        "message-id": "C0303"
    },
    {
        "type": "convention",
        "module": "Oraculo.core.model_adapter",
        "obj": "",
        "line": 105,
        "column": 0,
        "endLine": null,
        "endColumn": null,
        "path": "Oraculo/core/model_adapter.py",
        "symbol": "trailing-whitespace",
        "message": "Trailing whitespace",
        "message-id": "C0303"
    },
    {
        "type": "convention",
        "module": "Oraculo.core.model_adapter",
        "obj": "",
        "line": 109,
        "column": 0,
        "endLine": null,
        "endColumn": null,
        "path": "Oraculo/core/model_adapter.py",
        "symbol": "trailing-whitespace",
        "message": "Trailing whitespace",
        "message-id": "C0303"
    },
    {
        "type": "convention",
        "module": "Oraculo.core.model_adapter",
        "obj": "",
        "line": 114,
        "column": 0,
        "endLine": null,
        "endColumn": null,
        "path": "Oraculo/core/model_adapter.py",
        "symbol": "trailing-whitespace",
        "message": "Trailing whitespace",
        "message-id": "C0303"
    },
    {
        "type": "convention",
        "module": "Oraculo.core.model_adapter",
        "obj": "",
        "line": 120,
        "column": 0,
        "endLine": null,
        "endColumn": null,
        "path": "Oraculo/core/model_adapter.py",
        "symbol": "trailing-whitespace",
        "message": "Trailing whitespace",
        "message-id": "C0303"
    },
    {
        "type": "convention",
        "module": "Oraculo.core.model_adapter",
        "obj": "",
        "line": 124,
        "column": 0,
        "endLine": null,
        "endColumn": null,
        "path": "Oraculo/core/model_adapter.py",
        "symbol": "trailing-whitespace",
        "message": "Trailing whitespace",
        "message-id": "C0303"
    },
    {
        "type": "convention",
        "module": "Oraculo.core.model_adapter",
        "obj": "",
        "line": 127,
        "column": 0,
        "endLine": null,
        "endColumn": null,
        "path": "Oraculo/core/model_adapter.py",
        "symbol": "trailing-whitespace",
        "message": "Trailing whitespace",
        "message-id": "C0303"
    },
    {
        "type": "convention",
        "module": "Oraculo.core.model_adapter",
        "obj": "",
        "line": 130,
        "column": 0,
        "endLine": null,
        "endColumn": null,
        "path": "Oraculo/core/model_adapter.py",
        "symbol": "trailing-whitespace",
        "message": "Trailing whitespace",
        "message-id": "C0303"
    },
    {
        "type": "convention",
        "module": "Oraculo.core.model_adapter",
        "obj": "",
        "line": 137,
        "column": 0,
        "endLine": null,
        "endColumn": null,
        "path": "Oraculo/core/model_adapter.py",
        "symbol": "trailing-whitespace",
        "message": "Trailing whitespace",
        "message-id": "C0303"
    },
    {
        "type": "convention",
        "module": "Oraculo.core.model_adapter",
        "obj": "",
        "line": 141,
        "column": 0,
        "endLine": null,
        "endColumn": null,
        "path": "Oraculo/core/model_adapter.py",
        "symbol": "trailing-whitespace",
        "message": "Trailing whitespace",
        "message-id": "C0303"
    },
    {
        "type": "convention",
        "module": "Oraculo.core.model_adapter",
        "obj": "",
        "line": 146,
        "column": 0,
        "endLine": null,
        "endColumn": null,
        "path": "Oraculo/core/model_adapter.py",
        "symbol": "trailing-whitespace",
        "message": "Trailing whitespace",
        "message-id": "C0303"
    },
    {
        "type": "convention",
        "module": "Oraculo.core.model_adapter",
        "obj": "",
        "line": 149,
        "column": 0,
        "endLine": null,
        "endColumn": null,
        "path": "Oraculo/core/model_adapter.py",
        "symbol": "trailing-whitespace",
        "message": "Trailing whitespace",
        "message-id": "C0303"
    },
    {
        "type": "convention",
        "module": "Oraculo.core.model_adapter",
        "obj": "",
        "line": 153,
        "column": 0,
        "endLine": null,
        "endColumn": null,
        "path": "Oraculo/core/model_adapter.py",
        "symbol": "trailing-whitespace",
        "message": "Trailing whitespace",
        "message-id": "C0303"
    },
    {
        "type": "convention",
        "module": "Oraculo.core.model_adapter",
        "obj": "",
        "line": 156,
        "column": 0,
        "endLine": null,
        "endColumn": null,
        "path": "Oraculo/core/model_adapter.py",
        "symbol": "trailing-whitespace",
        "message": "Trailing whitespace",
        "message-id": "C0303"
    },
    {
        "type": "convention",
        "module": "Oraculo.core.model_adapter",
        "obj": "",
        "line": 159,
        "column": 0,
        "endLine": null,
        "endColumn": null,
        "path": "Oraculo/core/model_adapter.py",
        "symbol": "trailing-whitespace",
        "message": "Trailing whitespace",
        "message-id": "C0303"
    },
    {
        "type": "convention",
        "module": "Oraculo.core.model_adapter",
        "obj": "",
        "line": 165,
        "column": 0,
        "endLine": null,
        "endColumn": null,
        "path": "Oraculo/core/model_adapter.py",
        "symbol": "trailing-whitespace",
        "message": "Trailing whitespace",
        "message-id": "C0303"
    },
    {
        "type": "convention",
        "module": "Oraculo.core.model_adapter",
        "obj": "",
        "line": 169,
        "column": 0,
        "endLine": null,
        "endColumn": null,
        "path": "Oraculo/core/model_adapter.py",
        "symbol": "trailing-whitespace",
        "message": "Trailing whitespace",
        "message-id": "C0303"
    },
    {
        "type": "convention",
        "module": "Oraculo.core.model_adapter",
        "obj": "",
        "line": 174,
        "column": 0,
        "endLine": null,
        "endColumn": null,
        "path": "Oraculo/core/model_adapter.py",
        "symbol": "trailing-whitespace",
        "message": "Trailing whitespace",
        "message-id": "C0303"
    },
    {
        "type": "convention",
        "module": "Oraculo.core.model_adapter",
        "obj": "",
        "line": 177,
        "column": 0,
        "endLine": null,
        "endColumn": null,
        "path": "Oraculo/core/model_adapter.py",
        "symbol": "trailing-whitespace",
        "message": "Trailing whitespace",
        "message-id": "C0303"
    },
    {
        "type": "convention",
        "module": "Oraculo.core.model_adapter",
        "obj": "",
        "line": 183,
        "column": 0,
        "endLine": null,
        "endColumn": null,
        "path": "Oraculo/core/model_adapter.py",
        "symbol": "trailing-whitespace",
        "message": "Trailing whitespace",
        "message-id": "C0303"
    },
    {
        "type": "convention",
        "module": "Oraculo.core.model_adapter",
        "obj": "",
        "line": 191,
        "column": 0,
        "endLine": null,
        "endColumn": null,
        "path": "Oraculo/core/model_adapter.py",
        "symbol": "trailing-whitespace",
        "message": "Trailing whitespace",
        "message-id": "C0303"
    },
    {
        "type": "convention",
        "module": "Oraculo.core.model_adapter",
        "obj": "",
        "line": 194,
        "column": 0,
        "endLine": null,
        "endColumn": null,
        "path": "Oraculo/core/model_adapter.py",
        "symbol": "trailing-whitespace",
        "message": "Trailing whitespace",
        "message-id": "C0303"
    },
    {
        "type": "convention",
        "module": "Oraculo.core.model_adapter",
        "obj": "",
        "line": 199,
        "column": 0,
        "endLine": null,
        "endColumn": null,
        "path": "Oraculo/core/model_adapter.py",
        "symbol": "trailing-whitespace",
        "message": "Trailing whitespace",
        "message-id": "C0303"
    },
    {
        "type": "convention",
        "module": "Oraculo.core.model_adapter",
        "obj": "",
        "line": 203,
        "column": 0,
        "endLine": null,
        "endColumn": null,
        "path": "Oraculo/core/model_adapter.py",
        "symbol": "trailing-whitespace",
        "message": "Trailing whitespace",
        "message-id": "C0303"
    },
    {
        "type": "convention",
        "module": "Oraculo.core.model_adapter",
        "obj": "",
        "line": 208,
        "column": 0,
        "endLine": null,
        "endColumn": null,
        "path": "Oraculo/core/model_adapter.py",
        "symbol": "trailing-whitespace",
        "message": "Trailing whitespace",
        "message-id": "C0303"
    },
    {
        "type": "convention",
        "module": "Oraculo.core.model_adapter",
        "obj": "",
        "line": 211,
        "column": 0,
        "endLine": null,
        "endColumn": null,
        "path": "Oraculo/core/model_adapter.py",
        "symbol": "trailing-whitespace",
        "message": "Trailing whitespace",
        "message-id": "C0303"
    },
    {
        "type": "convention",
        "module": "Oraculo.core.model_adapter",
        "obj": "",
        "line": 212,
        "column": 58,
        "endLine": null,
        "endColumn": null,
        "path": "Oraculo/core/model_adapter.py",
        "symbol": "trailing-whitespace",
        "message": "Trailing whitespace",
        "message-id": "C0303"
    },
    {
        "type": "convention",
        "module": "Oraculo.core.model_adapter",
        "obj": "",
        "line": 214,
        "column": 0,
        "endLine": null,
        "endColumn": null,
        "path": "Oraculo/core/model_adapter.py",
        "symbol": "trailing-whitespace",
        "message": "Trailing whitespace",
        "message-id": "C0303"
    },
    {
        "type": "convention",
        "module": "Oraculo.core.model_adapter",
        "obj": "",
        "line": 220,
        "column": 0,
        "endLine": null,
        "endColumn": null,
        "path": "Oraculo/core/model_adapter.py",
        "symbol": "trailing-whitespace",
        "message": "Trailing whitespace",
        "message-id": "C0303"
    },
    {
        "type": "convention",
        "module": "Oraculo.core.model_adapter",
        "obj": "",
        "line": 232,
        "column": 0,
        "endLine": null,
        "endColumn": null,
        "path": "Oraculo/core/model_adapter.py",
        "symbol": "trailing-whitespace",
        "message": "Trailing whitespace",
        "message-id": "C0303"
    },
    {
        "type": "convention",
        "module": "Oraculo.core.model_adapter",
        "obj": "",
        "line": 237,
        "column": 0,
        "endLine": null,
        "endColumn": null,
        "path": "Oraculo/core/model_adapter.py",
        "symbol": "trailing-whitespace",
        "message": "Trailing whitespace",
        "message-id": "C0303"
    },
    {
        "type": "convention",
        "module": "Oraculo.core.model_adapter",
        "obj": "",
        "line": 241,
        "column": 0,
        "endLine": null,
        "endColumn": null,
        "path": "Oraculo/core/model_adapter.py",
        "symbol": "trailing-whitespace",
        "message": "Trailing whitespace",
        "message-id": "C0303"
    },
    {
        "type": "convention",
        "module": "Oraculo.core.model_adapter",
        "obj": "",
        "line": 246,
        "column": 0,
        "endLine": null,
        "endColumn": null,
        "path": "Oraculo/core/model_adapter.py",
        "symbol": "trailing-whitespace",
        "message": "Trailing whitespace",
        "message-id": "C0303"
    },
    {
        "type": "convention",
        "module": "Oraculo.core.model_adapter",
        "obj": "",
        "line": 256,
        "column": 0,
        "endLine": null,
        "endColumn": null,
        "path": "Oraculo/core/model_adapter.py",
        "symbol": "trailing-whitespace",
        "message": "Trailing whitespace",
        "message-id": "C0303"
    },
    {
        "type": "convention",
        "module": "Oraculo.core.model_adapter",
        "obj": "",
        "line": 260,
        "column": 0,
        "endLine": null,
        "endColumn": null,
        "path": "Oraculo/core/model_adapter.py",
        "symbol": "trailing-whitespace",
        "message": "Trailing whitespace",
        "message-id": "C0303"
    },
    {
        "type": "convention",
        "module": "Oraculo.core.model_adapter",
        "obj": "",
        "line": 271,
        "column": 0,
        "endLine": null,
        "endColumn": null,
        "path": "Oraculo/core/model_adapter.py",
        "symbol": "trailing-whitespace",
        "message": "Trailing whitespace",
        "message-id": "C0303"
    },
    {
        "type": "convention",
        "module": "Oraculo.core.model_adapter",
        "obj": "",
        "line": 280,
        "column": 0,
        "endLine": null,
        "endColumn": null,
        "path": "Oraculo/core/model_adapter.py",
        "symbol": "trailing-whitespace",
        "message": "Trailing whitespace",
        "message-id": "C0303"
    },
    {
        "type": "convention",
        "module": "Oraculo.core.model_adapter",
        "obj": "",
        "line": 282,
        "column": 0,
        "endLine": null,
        "endColumn": null,
        "path": "Oraculo/core/model_adapter.py",
        "symbol": "trailing-whitespace",
        "message": "Trailing whitespace",
        "message-id": "C0303"
    },
    {
        "type": "convention",
        "module": "Oraculo.core.model_adapter",
        "obj": "",
        "line": 287,
        "column": 0,
        "endLine": null,
        "endColumn": null,
        "path": "Oraculo/core/model_adapter.py",
        "symbol": "trailing-whitespace",
        "message": "Trailing whitespace",
        "message-id": "C0303"
    },
    {
        "type": "convention",
        "module": "Oraculo.core.model_adapter",
        "obj": "",
        "line": 291,
        "column": 0,
        "endLine": null,
        "endColumn": null,
        "path": "Oraculo/core/model_adapter.py",
        "symbol": "trailing-whitespace",
        "message": "Trailing whitespace",
        "message-id": "C0303"
    },
    {
        "type": "convention",
        "module": "Oraculo.core.model_adapter",
        "obj": "",
        "line": 297,
        "column": 0,
        "endLine": null,
        "endColumn": null,
        "path": "Oraculo/core/model_adapter.py",
        "symbol": "trailing-whitespace",
        "message": "Trailing whitespace",
        "message-id": "C0303"
    },
    {
        "type": "convention",
        "module": "Oraculo.core.model_adapter",
        "obj": "",
        "line": 301,
        "column": 0,
        "endLine": null,
        "endColumn": null,
        "path": "Oraculo/core/model_adapter.py",
        "symbol": "trailing-whitespace",
        "message": "Trailing whitespace",
        "message-id": "C0303"
    },
    {
        "type": "convention",
        "module": "Oraculo.core.model_adapter",
        "obj": "",
        "line": 306,
        "column": 0,
        "endLine": null,
        "endColumn": null,
        "path": "Oraculo/core/model_adapter.py",
        "symbol": "trailing-whitespace",
        "message": "Trailing whitespace",
        "message-id": "C0303"
    },
    {
        "type": "convention",
        "module": "Oraculo.core.model_adapter",
        "obj": "",
        "line": 310,
        "column": 0,
        "endLine": null,
        "endColumn": null,
        "path": "Oraculo/core/model_adapter.py",
        "symbol": "trailing-whitespace",
        "message": "Trailing whitespace",
        "message-id": "C0303"
    },
    {
        "type": "convention",
        "module": "Oraculo.core.model_adapter",
        "obj": "",
        "line": 316,
        "column": 0,
        "endLine": null,
        "endColumn": null,
        "path": "Oraculo/core/model_adapter.py",
        "symbol": "trailing-whitespace",
        "message": "Trailing whitespace",
        "message-id": "C0303"
    },
    {
        "type": "convention",
        "module": "Oraculo.core.model_adapter",
        "obj": "",
        "line": 324,
        "column": 0,
        "endLine": null,
        "endColumn": null,
        "path": "Oraculo/core/model_adapter.py",
        "symbol": "trailing-whitespace",
        "message": "Trailing whitespace",
        "message-id": "C0303"
    },
    {
        "type": "convention",
        "module": "Oraculo.core.model_adapter",
        "obj": "",
        "line": 329,
        "column": 0,
        "endLine": null,
        "endColumn": null,
        "path": "Oraculo/core/model_adapter.py",
        "symbol": "trailing-whitespace",
        "message": "Trailing whitespace",
        "message-id": "C0303"
    },
    {
        "type": "convention",
        "module": "Oraculo.core.model_adapter",
        "obj": "ModelAdapter.adapt_mutation_model.adapted_gerar_mutacoes.mutar_adapted",
        "line": 264,
        "column": 20,
        "endLine": 270,
        "endColumn": 46,
        "path": "Oraculo/core/model_adapter.py",
        "symbol": "consider-using-enumerate",
        "message": "Consider using enumerate instead of iterating with range and len",
        "message-id": "C0200"
    },
    {
        "type": "warning",
        "module": "Oraculo.core.model_adapter",
        "obj": "ModelAdapter.adapt_mutation_model",
        "line": 245,
        "column": 12,
        "endLine": 245,
        "endColumn": 54,
        "path": "Oraculo/core/model_adapter.py",
        "symbol": "unused-import",
        "message": "Unused mutation imported from Oraculo.common.models",
        "message-id": "W0611"
    },
    {
        "type": "convention",
        "module": "Oraculo.core.parallel_engine",
        "obj": "",
        "line": 30,
        "column": 0,
        "endLine": null,
        "endColumn": null,
        "path": "Oraculo/core/parallel_engine.py",
        "symbol": "trailing-whitespace",
        "message": "Trailing whitespace",
        "message-id": "C0303"
    },
    {
        "type": "convention",
        "module": "Oraculo.core.parallel_engine",
        "obj": "",
        "line": 34,
        "column": 0,
        "endLine": null,
        "endColumn": null,
        "path": "Oraculo/core/parallel_engine.py",
        "symbol": "trailing-whitespace",
        "message": "Trailing whitespace",
        "message-id": "C0303"
    },
    {
        "type": "convention",
        "module": "Oraculo.core.parallel_engine",
        "obj": "",
        "line": 47,
        "column": 0,
        "endLine": null,
        "endColumn": null,
        "path": "Oraculo/core/parallel_engine.py",
        "symbol": "trailing-whitespace",
        "message": "Trailing whitespace",
        "message-id": "C0303"
    },
    {
        "type": "convention",
        "module": "Oraculo.core.parallel_engine",
        "obj": "",
        "line": 59,
        "column": 0,
        "endLine": null,
        "endColumn": null,
        "path": "Oraculo/core/parallel_engine.py",
        "symbol": "trailing-whitespace",
        "message": "Trailing whitespace",
        "message-id": "C0303"
    },
    {
        "type": "convention",
        "module": "Oraculo.core.parallel_engine",
        "obj": "",
        "line": 63,
        "column": 0,
        "endLine": null,
        "endColumn": null,
        "path": "Oraculo/core/parallel_engine.py",
        "symbol": "trailing-whitespace",
        "message": "Trailing whitespace",
        "message-id": "C0303"
    },
    {
        "type": "convention",
        "module": "Oraculo.core.parallel_engine",
        "obj": "",
        "line": 69,
        "column": 0,
        "endLine": null,
        "endColumn": null,
        "path": "Oraculo/core/parallel_engine.py",
        "symbol": "trailing-whitespace",
        "message": "Trailing whitespace",
        "message-id": "C0303"
    },
    {
        "type": "convention",
        "module": "Oraculo.core.parallel_engine",
        "obj": "",
        "line": 72,
        "column": 0,
        "endLine": null,
        "endColumn": null,
        "path": "Oraculo/core/parallel_engine.py",
        "symbol": "trailing-whitespace",
        "message": "Trailing whitespace",
        "message-id": "C0303"
    },
    {
        "type": "convention",
        "module": "Oraculo.core.parallel_engine",
        "obj": "",
        "line": 76,
        "column": 0,
        "endLine": null,
        "endColumn": null,
        "path": "Oraculo/core/parallel_engine.py",
        "symbol": "trailing-whitespace",
        "message": "Trailing whitespace",
        "message-id": "C0303"
    },
    {
        "type": "convention",
        "module": "Oraculo.core.parallel_engine",
        "obj": "",
        "line": 82,
        "column": 0,
        "endLine": null,
        "endColumn": null,
        "path": "Oraculo/core/parallel_engine.py",
        "symbol": "trailing-whitespace",
        "message": "Trailing whitespace",
        "message-id": "C0303"
    },
    {
        "type": "convention",
        "module": "Oraculo.core.parallel_engine",
        "obj": "",
        "line": 91,
        "column": 0,
        "endLine": null,
        "endColumn": null,
        "path": "Oraculo/core/parallel_engine.py",
        "symbol": "trailing-whitespace",
        "message": "Trailing whitespace",
        "message-id": "C0303"
    },
    {
        "type": "convention",
        "module": "Oraculo.core.parallel_engine",
        "obj": "",
        "line": 98,
        "column": 0,
        "endLine": null,
        "endColumn": null,
        "path": "Oraculo/core/parallel_engine.py",
        "symbol": "trailing-whitespace",
        "message": "Trailing whitespace",
        "message-id": "C0303"
    },
    {
        "type": "convention",
        "module": "Oraculo.core.parallel_engine",
        "obj": "",
        "line": 105,
        "column": 0,
        "endLine": null,
        "endColumn": null,
        "path": "Oraculo/core/parallel_engine.py",
        "symbol": "trailing-whitespace",
        "message": "Trailing whitespace",
        "message-id": "C0303"
    },
    {
        "type": "convention",
        "module": "Oraculo.core.parallel_engine",
        "obj": "",
        "line": 110,
        "column": 0,
        "endLine": null,
        "endColumn": null,
        "path": "Oraculo/core/parallel_engine.py",
        "symbol": "trailing-whitespace",
        "message": "Trailing whitespace",
        "message-id": "C0303"
    },
    {
        "type": "convention",
        "module": "Oraculo.core.parallel_engine",
        "obj": "",
        "line": 126,
        "column": 0,
        "endLine": null,
        "endColumn": null,
        "path": "Oraculo/core/parallel_engine.py",
        "symbol": "trailing-whitespace",
        "message": "Trailing whitespace",
        "message-id": "C0303"
    },
    {
        "type": "convention",
        "module": "Oraculo.core.parallel_engine",
        "obj": "",
        "line": 127,
        "column": 70,
        "endLine": null,
        "endColumn": null,
        "path": "Oraculo/core/parallel_engine.py",
        "symbol": "trailing-whitespace",
        "message": "Trailing whitespace",
        "message-id": "C0303"
    },
    {
        "type": "convention",
        "module": "Oraculo.core.parallel_engine",
        "obj": "",
        "line": 142,
        "column": 0,
        "endLine": null,
        "endColumn": null,
        "path": "Oraculo/core/parallel_engine.py",
        "symbol": "trailing-whitespace",
        "message": "Trailing whitespace",
        "message-id": "C0303"
    },
    {
        "type": "convention",
        "module": "Oraculo.core.parallel_engine",
        "obj": "",
        "line": 146,
        "column": 0,
        "endLine": null,
        "endColumn": null,
        "path": "Oraculo/core/parallel_engine.py",
        "symbol": "trailing-whitespace",
        "message": "Trailing whitespace",
        "message-id": "C0303"
    },
    {
        "type": "convention",
        "module": "Oraculo.core.parallel_engine",
        "obj": "",
        "line": 149,
        "column": 0,
        "endLine": null,
        "endColumn": null,
        "path": "Oraculo/core/parallel_engine.py",
        "symbol": "trailing-whitespace",
        "message": "Trailing whitespace",
        "message-id": "C0303"
    },
    {
        "type": "convention",
        "module": "Oraculo.core.parallel_engine",
        "obj": "",
        "line": 151,
        "column": 0,
        "endLine": null,
        "endColumn": null,
        "path": "Oraculo/core/parallel_engine.py",
        "symbol": "trailing-whitespace",
        "message": "Trailing whitespace",
        "message-id": "C0303"
    },
    {
        "type": "convention",
        "module": "Oraculo.core.parallel_engine",
        "obj": "",
        "line": 155,
        "column": 0,
        "endLine": null,
        "endColumn": null,
        "path": "Oraculo/core/parallel_engine.py",
        "symbol": "trailing-whitespace",
        "message": "Trailing whitespace",
        "message-id": "C0303"
    },
    {
        "type": "convention",
        "module": "Oraculo.core.parallel_engine",
        "obj": "",
        "line": 161,
        "column": 0,
        "endLine": null,
        "endColumn": null,
        "path": "Oraculo/core/parallel_engine.py",
        "symbol": "trailing-whitespace",
        "message": "Trailing whitespace",
        "message-id": "C0303"
    },
    {
        "type": "convention",
        "module": "Oraculo.core.parallel_engine",
        "obj": "",
        "line": 196,
        "column": 0,
        "endLine": null,
        "endColumn": null,
        "path": "Oraculo/core/parallel_engine.py",
        "symbol": "trailing-whitespace",
        "message": "Trailing whitespace",
        "message-id": "C0303"
    },
    {
        "type": "convention",
        "module": "Oraculo.core.parallel_engine",
        "obj": "",
        "line": 201,
        "column": 0,
        "endLine": null,
        "endColumn": null,
        "path": "Oraculo/core/parallel_engine.py",
        "symbol": "trailing-whitespace",
        "message": "Trailing whitespace",
        "message-id": "C0303"
    },
    {
        "type": "convention",
        "module": "Oraculo.core.parallel_engine",
        "obj": "",
        "line": 203,
        "column": 0,
        "endLine": null,
        "endColumn": null,
        "path": "Oraculo/core/parallel_engine.py",
        "symbol": "trailing-whitespace",
        "message": "Trailing whitespace",
        "message-id": "C0303"
    },
    {
        "type": "convention",
        "module": "Oraculo.core.parallel_engine",
        "obj": "",
        "line": 209,
        "column": 0,
        "endLine": null,
        "endColumn": null,
        "path": "Oraculo/core/parallel_engine.py",
        "symbol": "trailing-whitespace",
        "message": "Trailing whitespace",
        "message-id": "C0303"
    },
    {
        "type": "convention",
        "module": "Oraculo.core.parallel_engine",
        "obj": "",
        "line": 211,
        "column": 0,
        "endLine": null,
        "endColumn": null,
        "path": "Oraculo/core/parallel_engine.py",
        "symbol": "trailing-whitespace",
        "message": "Trailing whitespace",
        "message-id": "C0303"
    },
    {
        "type": "convention",
        "module": "Oraculo.core.parallel_engine",
        "obj": "",
        "line": 216,
        "column": 0,
        "endLine": null,
        "endColumn": null,
        "path": "Oraculo/core/parallel_engine.py",
        "symbol": "trailing-whitespace",
        "message": "Trailing whitespace",
        "message-id": "C0303"
    },
    {
        "type": "convention",
        "module": "Oraculo.core.parallel_engine",
        "obj": "",
        "line": 218,
        "column": 0,
        "endLine": null,
        "endColumn": null,
        "path": "Oraculo/core/parallel_engine.py",
        "symbol": "trailing-whitespace",
        "message": "Trailing whitespace",
        "message-id": "C0303"
    },
    {
        "type": "convention",
        "module": "Oraculo.core.parallel_engine",
        "obj": "",
        "line": 221,
        "column": 0,
        "endLine": null,
        "endColumn": null,
        "path": "Oraculo/core/parallel_engine.py",
        "symbol": "trailing-whitespace",
        "message": "Trailing whitespace",
        "message-id": "C0303"
    },
    {
        "type": "convention",
        "module": "Oraculo.core.parallel_engine",
        "obj": "",
        "line": 225,
        "column": 0,
        "endLine": null,
        "endColumn": null,
        "path": "Oraculo/core/parallel_engine.py",
        "symbol": "trailing-whitespace",
        "message": "Trailing whitespace",
        "message-id": "C0303"
    },
    {
        "type": "convention",
        "module": "Oraculo.core.parallel_engine",
        "obj": "",
        "line": 227,
        "column": 0,
        "endLine": null,
        "endColumn": null,
        "path": "Oraculo/core/parallel_engine.py",
        "symbol": "trailing-whitespace",
        "message": "Trailing whitespace",
        "message-id": "C0303"
    },
    {
        "type": "convention",
        "module": "Oraculo.core.parallel_engine",
        "obj": "",
        "line": 235,
        "column": 0,
        "endLine": null,
        "endColumn": null,
        "path": "Oraculo/core/parallel_engine.py",
        "symbol": "trailing-whitespace",
        "message": "Trailing whitespace",
        "message-id": "C0303"
    },
    {
        "type": "convention",
        "module": "Oraculo.core.parallel_engine",
        "obj": "",
        "line": 238,
        "column": 0,
        "endLine": null,
        "endColumn": null,
        "path": "Oraculo/core/parallel_engine.py",
        "symbol": "trailing-whitespace",
        "message": "Trailing whitespace",
        "message-id": "C0303"
    },
    {
        "type": "convention",
        "module": "Oraculo.core.parallel_engine",
        "obj": "",
        "line": 242,
        "column": 0,
        "endLine": null,
        "endColumn": null,
        "path": "Oraculo/core/parallel_engine.py",
        "symbol": "trailing-whitespace",
        "message": "Trailing whitespace",
        "message-id": "C0303"
    },
    {
        "type": "convention",
        "module": "Oraculo.core.parallel_engine",
        "obj": "",
        "line": 243,
        "column": 55,
        "endLine": null,
        "endColumn": null,
        "path": "Oraculo/core/parallel_engine.py",
        "symbol": "trailing-whitespace",
        "message": "Trailing whitespace",
        "message-id": "C0303"
    },
    {
        "type": "convention",
        "module": "Oraculo.core.parallel_engine",
        "obj": "",
        "line": 257,
        "column": 0,
        "endLine": null,
        "endColumn": null,
        "path": "Oraculo/core/parallel_engine.py",
        "symbol": "trailing-whitespace",
        "message": "Trailing whitespace",
        "message-id": "C0303"
    },
    {
        "type": "convention",
        "module": "Oraculo.core.parallel_engine",
        "obj": "",
        "line": 260,
        "column": 0,
        "endLine": null,
        "endColumn": null,
        "path": "Oraculo/core/parallel_engine.py",
        "symbol": "trailing-whitespace",
        "message": "Trailing whitespace",
        "message-id": "C0303"
    },
    {
        "type": "convention",
        "module": "Oraculo.core.parallel_engine",
        "obj": "",
        "line": 262,
        "column": 0,
        "endLine": null,
        "endColumn": null,
        "path": "Oraculo/core/parallel_engine.py",
        "symbol": "trailing-whitespace",
        "message": "Trailing whitespace",
        "message-id": "C0303"
    },
    {
        "type": "convention",
        "module": "Oraculo.core.parallel_engine",
        "obj": "",
        "line": 266,
        "column": 0,
        "endLine": null,
        "endColumn": null,
        "path": "Oraculo/core/parallel_engine.py",
        "symbol": "trailing-whitespace",
        "message": "Trailing whitespace",
        "message-id": "C0303"
    },
    {
        "type": "convention",
        "module": "Oraculo.core.parallel_engine",
        "obj": "",
        "line": 269,
        "column": 37,
        "endLine": null,
        "endColumn": null,
        "path": "Oraculo/core/parallel_engine.py",
        "symbol": "trailing-whitespace",
        "message": "Trailing whitespace",
        "message-id": "C0303"
    },
    {
        "type": "convention",
        "module": "Oraculo.core.parallel_engine",
        "obj": "",
        "line": 270,
        "column": 32,
        "endLine": null,
        "endColumn": null,
        "path": "Oraculo/core/parallel_engine.py",
        "symbol": "trailing-whitespace",
        "message": "Trailing whitespace",
        "message-id": "C0303"
    },
    {
        "type": "convention",
        "module": "Oraculo.core.parallel_engine",
        "obj": "",
        "line": 271,
        "column": 38,
        "endLine": null,
        "endColumn": null,
        "path": "Oraculo/core/parallel_engine.py",
        "symbol": "trailing-whitespace",
        "message": "Trailing whitespace",
        "message-id": "C0303"
    },
    {
        "type": "convention",
        "module": "Oraculo.core.parallel_engine",
        "obj": "",
        "line": 272,
        "column": 36,
        "endLine": null,
        "endColumn": null,
        "path": "Oraculo/core/parallel_engine.py",
        "symbol": "trailing-whitespace",
        "message": "Trailing whitespace",
        "message-id": "C0303"
    },
    {
        "type": "convention",
        "module": "Oraculo.core.parallel_engine",
        "obj": "",
        "line": 276,
        "column": 0,
        "endLine": null,
        "endColumn": null,
        "path": "Oraculo/core/parallel_engine.py",
        "symbol": "trailing-whitespace",
        "message": "Trailing whitespace",
        "message-id": "C0303"
    },
    {
        "type": "convention",
        "module": "Oraculo.core.parallel_engine",
        "obj": "",
        "line": 307,
        "column": 0,
        "endLine": null,
        "endColumn": null,
        "path": "Oraculo/core/parallel_engine.py",
        "symbol": "trailing-whitespace",
        "message": "Trailing whitespace",
        "message-id": "C0303"
    },
    {
        "type": "convention",
        "module": "Oraculo.core.parallel_engine",
        "obj": "",
        "line": 310,
        "column": 0,
        "endLine": null,
        "endColumn": null,
        "path": "Oraculo/core/parallel_engine.py",
        "symbol": "trailing-whitespace",
        "message": "Trailing whitespace",
        "message-id": "C0303"
    },
    {
        "type": "convention",
        "module": "Oraculo.core.parallel_engine",
        "obj": "",
        "line": 312,
        "column": 0,
        "endLine": null,
        "endColumn": null,
        "path": "Oraculo/core/parallel_engine.py",
        "symbol": "trailing-whitespace",
        "message": "Trailing whitespace",
        "message-id": "C0303"
    },
    {
        "type": "convention",
        "module": "Oraculo.core.parallel_engine",
        "obj": "",
        "line": 318,
        "column": 0,
        "endLine": null,
        "endColumn": null,
        "path": "Oraculo/core/parallel_engine.py",
        "symbol": "trailing-whitespace",
        "message": "Trailing whitespace",
        "message-id": "C0303"
    },
    {
        "type": "convention",
        "module": "Oraculo.core.parallel_engine",
        "obj": "",
        "line": 320,
        "column": 0,
        "endLine": null,
        "endColumn": null,
        "path": "Oraculo/core/parallel_engine.py",
        "symbol": "trailing-whitespace",
        "message": "Trailing whitespace",
        "message-id": "C0303"
    },
    {
        "type": "convention",
        "module": "Oraculo.core.parallel_engine",
        "obj": "",
        "line": 324,
        "column": 32,
        "endLine": null,
        "endColumn": null,
        "path": "Oraculo/core/parallel_engine.py",
        "symbol": "trailing-whitespace",
        "message": "Trailing whitespace",
        "message-id": "C0303"
    },
    {
        "type": "convention",
        "module": "Oraculo.core.parallel_engine",
        "obj": "",
        "line": 325,
        "column": 38,
        "endLine": null,
        "endColumn": null,
        "path": "Oraculo/core/parallel_engine.py",
        "symbol": "trailing-whitespace",
        "message": "Trailing whitespace",
        "message-id": "C0303"
    },
    {
        "type": "convention",
        "module": "Oraculo.core.parallel_engine",
        "obj": "",
        "line": 326,
        "column": 36,
        "endLine": null,
        "endColumn": null,
        "path": "Oraculo/core/parallel_engine.py",
        "symbol": "trailing-whitespace",
        "message": "Trailing whitespace",
        "message-id": "C0303"
    },
    {
        "type": "convention",
        "module": "Oraculo.core.parallel_engine",
        "obj": "",
        "line": 330,
        "column": 0,
        "endLine": null,
        "endColumn": null,
        "path": "Oraculo/core/parallel_engine.py",
        "symbol": "trailing-whitespace",
        "message": "Trailing whitespace",
        "message-id": "C0303"
    },
    {
        "type": "convention",
        "module": "Oraculo.core.parallel_engine",
        "obj": "",
        "line": 332,
        "column": 0,
        "endLine": null,
        "endColumn": null,
        "path": "Oraculo/core/parallel_engine.py",
        "symbol": "trailing-whitespace",
        "message": "Trailing whitespace",
        "message-id": "C0303"
    },
    {
        "type": "convention",
        "module": "Oraculo.core.parallel_engine",
        "obj": "",
        "line": 335,
        "column": 0,
        "endLine": null,
        "endColumn": null,
        "path": "Oraculo/core/parallel_engine.py",
        "symbol": "trailing-whitespace",
        "message": "Trailing whitespace",
        "message-id": "C0303"
    },
    {
        "type": "convention",
        "module": "Oraculo.core.parallel_engine",
        "obj": "",
        "line": 339,
        "column": 0,
        "endLine": null,
        "endColumn": null,
        "path": "Oraculo/core/parallel_engine.py",
        "symbol": "trailing-whitespace",
        "message": "Trailing whitespace",
        "message-id": "C0303"
    },
    {
        "type": "convention",
        "module": "Oraculo.core.parallel_engine",
        "obj": "",
        "line": 341,
        "column": 0,
        "endLine": null,
        "endColumn": null,
        "path": "Oraculo/core/parallel_engine.py",
        "symbol": "trailing-whitespace",
        "message": "Trailing whitespace",
        "message-id": "C0303"
    },
    {
        "type": "convention",
        "module": "Oraculo.core.parallel_engine",
        "obj": "",
        "line": 342,
        "column": 17,
        "endLine": null,
        "endColumn": null,
        "path": "Oraculo/core/parallel_engine.py",
        "symbol": "trailing-whitespace",
        "message": "Trailing whitespace",
        "message-id": "C0303"
    },
    {
        "type": "convention",
        "module": "Oraculo.core.parallel_engine",
        "obj": "",
        "line": 349,
        "column": 0,
        "endLine": null,
        "endColumn": null,
        "path": "Oraculo/core/parallel_engine.py",
        "symbol": "trailing-whitespace",
        "message": "Trailing whitespace",
        "message-id": "C0303"
    },
    {
        "type": "convention",
        "module": "Oraculo.core.parallel_engine",
        "obj": "",
        "line": 352,
        "column": 0,
        "endLine": null,
        "endColumn": null,
        "path": "Oraculo/core/parallel_engine.py",
        "symbol": "trailing-whitespace",
        "message": "Trailing whitespace",
        "message-id": "C0303"
    },
    {
        "type": "convention",
        "module": "Oraculo.core.parallel_engine",
        "obj": "",
        "line": 360,
        "column": 0,
        "endLine": null,
        "endColumn": null,
        "path": "Oraculo/core/parallel_engine.py",
        "symbol": "trailing-whitespace",
        "message": "Trailing whitespace",
        "message-id": "C0303"
    },
    {
        "type": "convention",
        "module": "Oraculo.core.parallel_engine",
        "obj": "",
        "line": 365,
        "column": 0,
        "endLine": null,
        "endColumn": null,
        "path": "Oraculo/core/parallel_engine.py",
        "symbol": "trailing-whitespace",
        "message": "Trailing whitespace",
        "message-id": "C0303"
    },
    {
        "type": "convention",
        "module": "Oraculo.core.parallel_engine",
        "obj": "",
        "line": 366,
        "column": 17,
        "endLine": null,
        "endColumn": null,
        "path": "Oraculo/core/parallel_engine.py",
        "symbol": "trailing-whitespace",
        "message": "Trailing whitespace",
        "message-id": "C0303"
    },
    {
        "type": "convention",
        "module": "Oraculo.core.parallel_engine",
        "obj": "",
        "line": 370,
        "column": 0,
        "endLine": null,
        "endColumn": null,
        "path": "Oraculo/core/parallel_engine.py",
        "symbol": "trailing-whitespace",
        "message": "Trailing whitespace",
        "message-id": "C0303"
    },
    {
        "type": "convention",
        "module": "Oraculo.core.parallel_engine",
        "obj": "",
        "line": 375,
        "column": 0,
        "endLine": null,
        "endColumn": null,
        "path": "Oraculo/core/parallel_engine.py",
        "symbol": "trailing-whitespace",
        "message": "Trailing whitespace",
        "message-id": "C0303"
    },
    {
        "type": "convention",
        "module": "Oraculo.core.parallel_engine",
        "obj": "",
        "line": 380,
        "column": 0,
        "endLine": null,
        "endColumn": null,
        "path": "Oraculo/core/parallel_engine.py",
        "symbol": "trailing-whitespace",
        "message": "Trailing whitespace",
        "message-id": "C0303"
    },
    {
        "type": "convention",
        "module": "Oraculo.core.parallel_engine",
        "obj": "",
        "line": 388,
        "column": 0,
        "endLine": null,
        "endColumn": null,
        "path": "Oraculo/core/parallel_engine.py",
        "symbol": "trailing-whitespace",
        "message": "Trailing whitespace",
        "message-id": "C0303"
    },
    {
        "type": "convention",
        "module": "Oraculo.core.parallel_engine",
        "obj": "",
        "line": 402,
        "column": 58,
        "endLine": null,
        "endColumn": null,
        "path": "Oraculo/core/parallel_engine.py",
        "symbol": "trailing-whitespace",
        "message": "Trailing whitespace",
        "message-id": "C0303"
    },
    {
        "type": "convention",
        "module": "Oraculo.core.parallel_engine",
        "obj": "",
        "line": 415,
        "column": 0,
        "endLine": null,
        "endColumn": null,
        "path": "Oraculo/core/parallel_engine.py",
        "symbol": "trailing-whitespace",
        "message": "Trailing whitespace",
        "message-id": "C0303"
    },
    {
        "type": "convention",
        "module": "Oraculo.core.parallel_engine",
        "obj": "",
        "line": 419,
        "column": 0,
        "endLine": null,
        "endColumn": null,
        "path": "Oraculo/core/parallel_engine.py",
        "symbol": "trailing-whitespace",
        "message": "Trailing whitespace",
        "message-id": "C0303"
    },
    {
        "type": "warning",
        "module": "Oraculo.core.parallel_engine",
        "obj": "",
        "line": 8,
        "column": 0,
        "endLine": 8,
        "endColumn": 16,
        "path": "Oraculo/core/parallel_engine.py",
        "symbol": "unused-import",
        "message": "Unused import threading",
        "message-id": "W0611"
    },
    {
        "type": "warning",
        "module": "Oraculo.core.parallel_engine",
        "obj": "",
        "line": 11,
        "column": 0,
        "endLine": 11,
        "endColumn": 61,
        "path": "Oraculo/core/parallel_engine.py",
        "symbol": "unused-import",
        "message": "Unused Tuple imported from typing",
        "message-id": "W0611"
    },
    {
        "type": "warning",
        "module": "Oraculo.core.parallel_engine",
        "obj": "",
        "line": 12,
        "column": 0,
        "endLine": 12,
        "endColumn": 18,
        "path": "Oraculo/core/parallel_engine.py",
        "symbol": "unused-import",
        "message": "Unused numpy imported as np",
        "message-id": "W0611"
    },
    {
        "type": "convention",
        "module": "Oraculo.Lotofacil.scripts.benchmark",
        "obj": "",
        "line": 26,
        "column": 0,
        "endLine": null,
        "endColumn": null,
        "path": "Oraculo/Lotofacil/scripts/benchmark.py",
        "symbol": "trailing-whitespace",
        "message": "Trailing whitespace",
        "message-id": "C0303"
    },
    {
        "type": "convention",
        "module": "Oraculo.Lotofacil.scripts.benchmark",
        "obj": "",
        "line": 34,
        "column": 0,
        "endLine": null,
        "endColumn": null,
        "path": "Oraculo/Lotofacil/scripts/benchmark.py",
        "symbol": "trailing-whitespace",
        "message": "Trailing whitespace",
        "message-id": "C0303"
    },
    {
        "type": "convention",
        "module": "Oraculo.Lotofacil.scripts.benchmark",
        "obj": "",
        "line": 39,
        "column": 0,
        "endLine": null,
        "endColumn": null,
        "path": "Oraculo/Lotofacil/scripts/benchmark.py",
        "symbol": "trailing-whitespace",
        "message": "Trailing whitespace",
        "message-id": "C0303"
    },
    {
        "type": "convention",
        "module": "Oraculo.Lotofacil.scripts.benchmark",
        "obj": "",
        "line": 45,
        "column": 0,
        "endLine": null,
        "endColumn": null,
        "path": "Oraculo/Lotofacil/scripts/benchmark.py",
        "symbol": "trailing-whitespace",
        "message": "Trailing whitespace",
        "message-id": "C0303"
    },
    {
        "type": "convention",
        "module": "Oraculo.Lotofacil.scripts.benchmark",
        "obj": "",
        "line": 70,
        "column": 0,
        "endLine": null,
        "endColumn": null,
        "path": "Oraculo/Lotofacil/scripts/benchmark.py",
        "symbol": "trailing-whitespace",
        "message": "Trailing whitespace",
        "message-id": "C0303"
    },
    {
        "type": "convention",
        "module": "Oraculo.Lotofacil.scripts.benchmark",
        "obj": "",
        "line": 82,
        "column": 0,
        "endLine": null,
        "endColumn": null,
        "path": "Oraculo/Lotofacil/scripts/benchmark.py",
        "symbol": "trailing-whitespace",
        "message": "Trailing whitespace",
        "message-id": "C0303"
    },
    {
        "type": "convention",
        "module": "Oraculo.Lotofacil.scripts.benchmark",
        "obj": "",
        "line": 117,
        "column": 0,
        "endLine": null,
        "endColumn": null,
        "path": "Oraculo/Lotofacil/scripts/benchmark.py",
        "symbol": "trailing-whitespace",
        "message": "Trailing whitespace",
        "message-id": "C0303"
    },
    {
        "type": "convention",
        "module": "Oraculo.Lotofacil.scripts.benchmark",
        "obj": "",
        "line": 122,
        "column": 0,
        "endLine": null,
        "endColumn": null,
        "path": "Oraculo/Lotofacil/scripts/benchmark.py",
        "symbol": "trailing-whitespace",
        "message": "Trailing whitespace",
        "message-id": "C0303"
    },
    {
        "type": "convention",
        "module": "Oraculo.Lotofacil.scripts.benchmark",
        "obj": "",
        "line": 124,
        "column": 0,
        "endLine": null,
        "endColumn": null,
        "path": "Oraculo/Lotofacil/scripts/benchmark.py",
        "symbol": "trailing-whitespace",
        "message": "Trailing whitespace",
        "message-id": "C0303"
    },
    {
        "type": "convention",
        "module": "Oraculo.Lotofacil.scripts.benchmark",
        "obj": "",
        "line": 129,
        "column": 0,
        "endLine": null,
        "endColumn": null,
        "path": "Oraculo/Lotofacil/scripts/benchmark.py",
        "symbol": "trailing-whitespace",
        "message": "Trailing whitespace",
        "message-id": "C0303"
    },
    {
        "type": "convention",
        "module": "Oraculo.Lotofacil.scripts.benchmark",
        "obj": "",
        "line": 147,
        "column": 0,
        "endLine": null,
        "endColumn": null,
        "path": "Oraculo/Lotofacil/scripts/benchmark.py",
        "symbol": "trailing-whitespace",
        "message": "Trailing whitespace",
        "message-id": "C0303"
    },
    {
        "type": "convention",
        "module": "Oraculo.Lotofacil.scripts.benchmark",
        "obj": "",
        "line": 152,
        "column": 0,
        "endLine": null,
        "endColumn": null,
        "path": "Oraculo/Lotofacil/scripts/benchmark.py",
        "symbol": "trailing-whitespace",
        "message": "Trailing whitespace",
        "message-id": "C0303"
    },
    {
        "type": "convention",
        "module": "Oraculo.Lotofacil.scripts.benchmark",
        "obj": "",
        "line": 155,
        "column": 0,
        "endLine": null,
        "endColumn": null,
        "path": "Oraculo/Lotofacil/scripts/benchmark.py",
        "symbol": "trailing-whitespace",
        "message": "Trailing whitespace",
        "message-id": "C0303"
    },
    {
        "type": "convention",
        "module": "Oraculo.Lotofacil.scripts.benchmark",
        "obj": "",
        "line": 158,
        "column": 0,
        "endLine": null,
        "endColumn": null,
        "path": "Oraculo/Lotofacil/scripts/benchmark.py",
        "symbol": "trailing-whitespace",
        "message": "Trailing whitespace",
        "message-id": "C0303"
    },
    {
        "type": "convention",
        "module": "Oraculo.Lotofacil.scripts.benchmark",
        "obj": "",
        "line": 178,
        "column": 0,
        "endLine": null,
        "endColumn": null,
        "path": "Oraculo/Lotofacil/scripts/benchmark.py",
        "symbol": "trailing-whitespace",
        "message": "Trailing whitespace",
        "message-id": "C0303"
    },
    {
        "type": "convention",
        "module": "Oraculo.Lotofacil.scripts.benchmark",
        "obj": "",
        "line": 241,
        "column": 0,
        "endLine": null,
        "endColumn": null,
        "path": "Oraculo/Lotofacil/scripts/benchmark.py",
        "symbol": "trailing-whitespace",
        "message": "Trailing whitespace",
        "message-id": "C0303"
    },
    {
        "type": "convention",
        "module": "Oraculo.Lotofacil.scripts.benchmark",
        "obj": "",
        "line": 246,
        "column": 0,
        "endLine": null,
        "endColumn": null,
        "path": "Oraculo/Lotofacil/scripts/benchmark.py",
        "symbol": "trailing-whitespace",
        "message": "Trailing whitespace",
        "message-id": "C0303"
    },
    {
        "type": "convention",
        "module": "Oraculo.Lotofacil.scripts.benchmark",
        "obj": "",
        "line": 249,
        "column": 0,
        "endLine": null,
        "endColumn": null,
        "path": "Oraculo/Lotofacil/scripts/benchmark.py",
        "symbol": "trailing-whitespace",
        "message": "Trailing whitespace",
        "message-id": "C0303"
    },
    {
        "type": "convention",
        "module": "Oraculo.Lotofacil.scripts.benchmark",
        "obj": "",
        "line": 253,
        "column": 0,
        "endLine": null,
        "endColumn": null,
        "path": "Oraculo/Lotofacil/scripts/benchmark.py",
        "symbol": "trailing-whitespace",
        "message": "Trailing whitespace",
        "message-id": "C0303"
    },
    {
        "type": "convention",
        "module": "Oraculo.Lotofacil.scripts.benchmark",
        "obj": "",
        "line": 256,
        "column": 0,
        "endLine": null,
        "endColumn": null,
        "path": "Oraculo/Lotofacil/scripts/benchmark.py",
        "symbol": "trailing-whitespace",
        "message": "Trailing whitespace",
        "message-id": "C0303"
    },
    {
        "type": "convention",
        "module": "Oraculo.Lotofacil.scripts.benchmark",
        "obj": "",
        "line": 260,
        "column": 0,
        "endLine": null,
        "endColumn": null,
        "path": "Oraculo/Lotofacil/scripts/benchmark.py",
        "symbol": "trailing-whitespace",
        "message": "Trailing whitespace",
        "message-id": "C0303"
    },
    {
        "type": "convention",
        "module": "Oraculo.Lotofacil.scripts.benchmark",
        "obj": "",
        "line": 270,
        "column": 0,
        "endLine": null,
        "endColumn": null,
        "path": "Oraculo/Lotofacil/scripts/benchmark.py",
        "symbol": "trailing-whitespace",
        "message": "Trailing whitespace",
        "message-id": "C0303"
    },
    {
        "type": "convention",
        "module": "Oraculo.Lotofacil.scripts.benchmark",
        "obj": "",
        "line": 277,
        "column": 85,
        "endLine": null,
        "endColumn": null,
        "path": "Oraculo/Lotofacil/scripts/benchmark.py",
        "symbol": "trailing-whitespace",
        "message": "Trailing whitespace",
        "message-id": "C0303"
    },
    {
        "type": "convention",
        "module": "Oraculo.Lotofacil.scripts.benchmark",
        "obj": "",
        "line": 331,
        "column": 0,
        "endLine": null,
        "endColumn": null,
        "path": "Oraculo/Lotofacil/scripts/benchmark.py",
        "symbol": "trailing-whitespace",
        "message": "Trailing whitespace",
        "message-id": "C0303"
    },
    {
        "type": "convention",
        "module": "Oraculo.Lotofacil.scripts.benchmark",
        "obj": "",
        "line": 339,
        "column": 0,
        "endLine": null,
        "endColumn": null,
        "path": "Oraculo/Lotofacil/scripts/benchmark.py",
        "symbol": "trailing-whitespace",
        "message": "Trailing whitespace",
        "message-id": "C0303"
    },
    {
        "type": "convention",
        "module": "Oraculo.Lotofacil.scripts.benchmark",
        "obj": "",
        "line": 393,
        "column": 0,
        "endLine": null,
        "endColumn": null,
        "path": "Oraculo/Lotofacil/scripts/benchmark.py",
        "symbol": "trailing-whitespace",
        "message": "Trailing whitespace",
        "message-id": "C0303"
    },
    {
        "type": "convention",
        "module": "Oraculo.Lotofacil.scripts.benchmark",
        "obj": "",
        "line": 396,
        "column": 0,
        "endLine": null,
        "endColumn": null,
        "path": "Oraculo/Lotofacil/scripts/benchmark.py",
        "symbol": "trailing-whitespace",
        "message": "Trailing whitespace",
        "message-id": "C0303"
    },
    {
        "type": "convention",
        "module": "Oraculo.Lotofacil.scripts.benchmark",
        "obj": "",
        "line": 412,
        "column": 0,
        "endLine": null,
        "endColumn": null,
        "path": "Oraculo/Lotofacil/scripts/benchmark.py",
        "symbol": "trailing-whitespace",
        "message": "Trailing whitespace",
        "message-id": "C0303"
    },
    {
        "type": "convention",
        "module": "Oraculo.Lotofacil.scripts.benchmark",
        "obj": "",
        "line": 416,
        "column": 0,
        "endLine": null,
        "endColumn": null,
        "path": "Oraculo/Lotofacil/scripts/benchmark.py",
        "symbol": "trailing-whitespace",
        "message": "Trailing whitespace",
        "message-id": "C0303"
    },
    {
        "type": "warning",
        "module": "Oraculo.Lotofacil.scripts.benchmark",
        "obj": "",
        "line": 8,
        "column": 0,
        "endLine": 8,
        "endColumn": 27,
        "path": "Oraculo/Lotofacil/scripts/benchmark.py",
        "symbol": "unused-import",
        "message": "Unused plotly.express imported as px",
        "message-id": "W0611"
    },
    {
        "type": "warning",
        "module": "Oraculo.Lotofacil.scripts.benchmark",
        "obj": "",
        "line": 10,
        "column": 0,
        "endLine": 10,
        "endColumn": 28,
        "path": "Oraculo/Lotofacil/scripts/benchmark.py",
        "symbol": "unused-import",
        "message": "Unused plotly.offline imported as pyo",
        "message-id": "W0611"
    },
    {
        "type": "convention",
        "module": "Oraculo.Lotofacil.scripts.enhanced_predict",
        "obj": "",
        "line": 79,
        "column": 0,
        "endLine": null,
        "endColumn": null,
        "path": "Oraculo/Lotofacil/scripts/enhanced_predict.py",
        "symbol": "trailing-whitespace",
        "message": "Trailing whitespace",
        "message-id": "C0303"
    },
    {
        "type": "convention",
        "module": "Oraculo.Lotofacil.scripts.enhanced_predict",
        "obj": "",
        "line": 83,
        "column": 0,
        "endLine": null,
        "endColumn": null,
        "path": "Oraculo/Lotofacil/scripts/enhanced_predict.py",
        "symbol": "trailing-whitespace",
        "message": "Trailing whitespace",
        "message-id": "C0303"
    },
    {
        "type": "convention",
        "module": "Oraculo.Lotofacil.scripts.enhanced_predict",
        "obj": "",
        "line": 88,
        "column": 0,
        "endLine": null,
        "endColumn": null,
        "path": "Oraculo/Lotofacil/scripts/enhanced_predict.py",
        "symbol": "trailing-whitespace",
        "message": "Trailing whitespace",
        "message-id": "C0303"
    },
    {
        "type": "convention",
        "module": "Oraculo.Lotofacil.scripts.enhanced_predict",
        "obj": "",
        "line": 97,
        "column": 0,
        "endLine": null,
        "endColumn": null,
        "path": "Oraculo/Lotofacil/scripts/enhanced_predict.py",
        "symbol": "trailing-whitespace",
        "message": "Trailing whitespace",
        "message-id": "C0303"
    },
    {
        "type": "convention",
        "module": "Oraculo.MegaSena.scripts.benchmark",
        "obj": "",
        "line": 25,
        "column": 0,
        "endLine": null,
        "endColumn": null,
        "path": "Oraculo/MegaSena/scripts/benchmark.py",
        "symbol": "trailing-whitespace",
        "message": "Trailing whitespace",
        "message-id": "C0303"
    },
    {
        "type": "convention",
        "module": "Oraculo.MegaSena.scripts.benchmark",
        "obj": "",
        "line": 33,
        "column": 0,
        "endLine": null,
        "endColumn": null,
        "path": "Oraculo/MegaSena/scripts/benchmark.py",
        "symbol": "trailing-whitespace",
        "message": "Trailing whitespace",
        "message-id": "C0303"
    },
    {
        "type": "convention",
        "module": "Oraculo.MegaSena.scripts.benchmark",
        "obj": "",
        "line": 38,
        "column": 0,
        "endLine": null,
        "endColumn": null,
        "path": "Oraculo/MegaSena/scripts/benchmark.py",
        "symbol": "trailing-whitespace",
        "message": "Trailing whitespace",
        "message-id": "C0303"
    },
    {
        "type": "convention",
        "module": "Oraculo.MegaSena.scripts.benchmark",
        "obj": "",
        "line": 44,
        "column": 0,
        "endLine": null,
        "endColumn": null,
        "path": "Oraculo/MegaSena/scripts/benchmark.py",
        "symbol": "trailing-whitespace",
        "message": "Trailing whitespace",
        "message-id": "C0303"
    },
    {
        "type": "convention",
        "module": "Oraculo.MegaSena.scripts.benchmark",
        "obj": "",
        "line": 70,
        "column": 0,
        "endLine": null,
        "endColumn": null,
        "path": "Oraculo/MegaSena/scripts/benchmark.py",
        "symbol": "trailing-whitespace",
        "message": "Trailing whitespace",
        "message-id": "C0303"
    },
    {
        "type": "convention",
        "module": "Oraculo.MegaSena.scripts.benchmark",
        "obj": "",
        "line": 82,
        "column": 0,
        "endLine": null,
        "endColumn": null,
        "path": "Oraculo/MegaSena/scripts/benchmark.py",
        "symbol": "trailing-whitespace",
        "message": "Trailing whitespace",
        "message-id": "C0303"
    },
    {
        "type": "convention",
        "module": "Oraculo.MegaSena.scripts.benchmark",
        "obj": "",
        "line": 117,
        "column": 0,
        "endLine": null,
        "endColumn": null,
        "path": "Oraculo/MegaSena/scripts/benchmark.py",
        "symbol": "trailing-whitespace",
        "message": "Trailing whitespace",
        "message-id": "C0303"
    },
    {
        "type": "convention",
        "module": "Oraculo.MegaSena.scripts.benchmark",
        "obj": "",
        "line": 122,
        "column": 0,
        "endLine": null,
        "endColumn": null,
        "path": "Oraculo/MegaSena/scripts/benchmark.py",
        "symbol": "trailing-whitespace",
        "message": "Trailing whitespace",
        "message-id": "C0303"
    },
    {
        "type": "convention",
        "module": "Oraculo.MegaSena.scripts.benchmark",
        "obj": "",
        "line": 124,
        "column": 0,
        "endLine": null,
        "endColumn": null,
        "path": "Oraculo/MegaSena/scripts/benchmark.py",
        "symbol": "trailing-whitespace",
        "message": "Trailing whitespace",
        "message-id": "C0303"
    },
    {
        "type": "convention",
        "module": "Oraculo.MegaSena.scripts.benchmark",
        "obj": "",
        "line": 129,
        "column": 0,
        "endLine": null,
        "endColumn": null,
        "path": "Oraculo/MegaSena/scripts/benchmark.py",
        "symbol": "trailing-whitespace",
        "message": "Trailing whitespace",
        "message-id": "C0303"
    },
    {
        "type": "convention",
        "module": "Oraculo.MegaSena.scripts.benchmark",
        "obj": "",
        "line": 154,
        "column": 0,
        "endLine": null,
        "endColumn": null,
        "path": "Oraculo/MegaSena/scripts/benchmark.py",
        "symbol": "trailing-whitespace",
        "message": "Trailing whitespace",
        "message-id": "C0303"
    },
    {
        "type": "convention",
        "module": "Oraculo.MegaSena.scripts.benchmark",
        "obj": "",
        "line": 157,
        "column": 0,
        "endLine": null,
        "endColumn": null,
        "path": "Oraculo/MegaSena/scripts/benchmark.py",
        "symbol": "trailing-whitespace",
        "message": "Trailing whitespace",
        "message-id": "C0303"
    },
    {
        "type": "convention",
        "module": "Oraculo.MegaSena.scripts.benchmark",
        "obj": "",
        "line": 160,
        "column": 0,
        "endLine": null,
        "endColumn": null,
        "path": "Oraculo/MegaSena/scripts/benchmark.py",
        "symbol": "trailing-whitespace",
        "message": "Trailing whitespace",
        "message-id": "C0303"
    },
    {
        "type": "convention",
        "module": "Oraculo.MegaSena.scripts.benchmark",
        "obj": "",
        "line": 180,
        "column": 0,
        "endLine": null,
        "endColumn": null,
        "path": "Oraculo/MegaSena/scripts/benchmark.py",
        "symbol": "trailing-whitespace",
        "message": "Trailing whitespace",
        "message-id": "C0303"
    },
    {
        "type": "convention",
        "module": "Oraculo.MegaSena.scripts.benchmark",
        "obj": "",
        "line": 200,
        "column": 0,
        "endLine": null,
        "endColumn": null,
        "path": "Oraculo/MegaSena/scripts/benchmark.py",
        "symbol": "trailing-whitespace",
        "message": "Trailing whitespace",
        "message-id": "C0303"
    },
    {
        "type": "convention",
        "module": "Oraculo.MegaSena.scripts.benchmark",
        "obj": "",
        "line": 256,
        "column": 0,
        "endLine": null,
        "endColumn": null,
        "path": "Oraculo/MegaSena/scripts/benchmark.py",
        "symbol": "trailing-whitespace",
        "message": "Trailing whitespace",
        "message-id": "C0303"
    },
    {
        "type": "convention",
        "module": "Oraculo.MegaSena.scripts.benchmark",
        "obj": "",
        "line": 261,
        "column": 0,
        "endLine": null,
        "endColumn": null,
        "path": "Oraculo/MegaSena/scripts/benchmark.py",
        "symbol": "trailing-whitespace",
        "message": "Trailing whitespace",
        "message-id": "C0303"
    },
    {
        "type": "convention",
        "module": "Oraculo.MegaSena.scripts.benchmark",
        "obj": "",
        "line": 267,
        "column": 0,
        "endLine": null,
        "endColumn": null,
        "path": "Oraculo/MegaSena/scripts/benchmark.py",
        "symbol": "trailing-whitespace",
        "message": "Trailing whitespace",
        "message-id": "C0303"
    },
    {
        "type": "convention",
        "module": "Oraculo.MegaSena.scripts.benchmark",
        "obj": "",
        "line": 271,
        "column": 0,
        "endLine": null,
        "endColumn": null,
        "path": "Oraculo/MegaSena/scripts/benchmark.py",
        "symbol": "trailing-whitespace",
        "message": "Trailing whitespace",
        "message-id": "C0303"
    },
    {
        "type": "convention",
        "module": "Oraculo.MegaSena.scripts.benchmark",
        "obj": "",
        "line": 274,
        "column": 0,
        "endLine": null,
        "endColumn": null,
        "path": "Oraculo/MegaSena/scripts/benchmark.py",
        "symbol": "trailing-whitespace",
        "message": "Trailing whitespace",
        "message-id": "C0303"
    },
    {
        "type": "convention",
        "module": "Oraculo.MegaSena.scripts.benchmark",
        "obj": "",
        "line": 278,
        "column": 0,
        "endLine": null,
        "endColumn": null,
        "path": "Oraculo/MegaSena/scripts/benchmark.py",
        "symbol": "trailing-whitespace",
        "message": "Trailing whitespace",
        "message-id": "C0303"
    },
    {
        "type": "convention",
        "module": "Oraculo.MegaSena.scripts.benchmark",
        "obj": "",
        "line": 288,
        "column": 0,
        "endLine": null,
        "endColumn": null,
        "path": "Oraculo/MegaSena/scripts/benchmark.py",
        "symbol": "trailing-whitespace",
        "message": "Trailing whitespace",
        "message-id": "C0303"
    },
    {
        "type": "convention",
        "module": "Oraculo.MegaSena.scripts.benchmark",
        "obj": "",
        "line": 295,
        "column": 85,
        "endLine": null,
        "endColumn": null,
        "path": "Oraculo/MegaSena/scripts/benchmark.py",
        "symbol": "trailing-whitespace",
        "message": "Trailing whitespace",
        "message-id": "C0303"
    },
    {
        "type": "convention",
        "module": "Oraculo.MegaSena.scripts.benchmark",
        "obj": "",
        "line": 349,
        "column": 0,
        "endLine": null,
        "endColumn": null,
        "path": "Oraculo/MegaSena/scripts/benchmark.py",
        "symbol": "trailing-whitespace",
        "message": "Trailing whitespace",
        "message-id": "C0303"
    },
    {
        "type": "convention",
        "module": "Oraculo.MegaSena.scripts.benchmark",
        "obj": "",
        "line": 353,
        "column": 38,
        "endLine": null,
        "endColumn": null,
        "path": "Oraculo/MegaSena/scripts/benchmark.py",
        "symbol": "trailing-whitespace",
        "message": "Trailing whitespace",
        "message-id": "C0303"
    },
    {
        "type": "convention",
        "module": "Oraculo.MegaSena.scripts.benchmark",
        "obj": "",
        "line": 355,
        "column": 0,
        "endLine": null,
        "endColumn": null,
        "path": "Oraculo/MegaSena/scripts/benchmark.py",
        "symbol": "trailing-whitespace",
        "message": "Trailing whitespace",
        "message-id": "C0303"
    },
    {
        "type": "convention",
        "module": "Oraculo.MegaSena.scripts.benchmark",
        "obj": "",
        "line": 365,
        "column": 0,
        "endLine": null,
        "endColumn": null,
        "path": "Oraculo/MegaSena/scripts/benchmark.py",
        "symbol": "trailing-whitespace",
        "message": "Trailing whitespace",
        "message-id": "C0303"
    },
    {
        "type": "convention",
        "module": "Oraculo.MegaSena.scripts.benchmark",
        "obj": "",
        "line": 419,
        "column": 0,
        "endLine": null,
        "endColumn": null,
        "path": "Oraculo/MegaSena/scripts/benchmark.py",
        "symbol": "trailing-whitespace",
        "message": "Trailing whitespace",
        "message-id": "C0303"
    },
    {
        "type": "convention",
        "module": "Oraculo.MegaSena.scripts.benchmark",
        "obj": "",
        "line": 422,
        "column": 0,
        "endLine": null,
        "endColumn": null,
        "path": "Oraculo/MegaSena/scripts/benchmark.py",
        "symbol": "trailing-whitespace",
        "message": "Trailing whitespace",
        "message-id": "C0303"
    },
    {
        "type": "convention",
        "module": "Oraculo.MegaSena.scripts.benchmark",
        "obj": "",
        "line": 438,
        "column": 0,
        "endLine": null,
        "endColumn": null,
        "path": "Oraculo/MegaSena/scripts/benchmark.py",
        "symbol": "trailing-whitespace",
        "message": "Trailing whitespace",
        "message-id": "C0303"
    },
    {
        "type": "convention",
        "module": "Oraculo.MegaSena.scripts.benchmark",
        "obj": "",
        "line": 440,
        "column": 0,
        "endLine": null,
        "endColumn": null,
        "path": "Oraculo/MegaSena/scripts/benchmark.py",
        "symbol": "trailing-whitespace",
        "message": "Trailing whitespace",
        "message-id": "C0303"
    },
    {
        "type": "convention",
        "module": "Oraculo.MegaSena.scripts.benchmark",
        "obj": "",
        "line": 444,
        "column": 0,
        "endLine": null,
        "endColumn": null,
        "path": "Oraculo/MegaSena/scripts/benchmark.py",
        "symbol": "trailing-whitespace",
        "message": "Trailing whitespace",
        "message-id": "C0303"
    },
    {
        "type": "warning",
        "module": "Oraculo.MegaSena.scripts.benchmark",
        "obj": "",
        "line": 6,
        "column": 0,
        "endLine": 6,
        "endColumn": 27,
        "path": "Oraculo/MegaSena/scripts/benchmark.py",
        "symbol": "unused-import",
        "message": "Unused plotly.express imported as px",
        "message-id": "W0611"
    },
    {
        "type": "warning",
        "module": "Oraculo.MegaSena.scripts.benchmark",
        "obj": "",
        "line": 8,
        "column": 0,
        "endLine": 8,
        "endColumn": 28,
        "path": "Oraculo/MegaSena/scripts/benchmark.py",
        "symbol": "unused-import",
        "message": "Unused plotly.offline imported as pyo",
        "message-id": "W0611"
    },
    {
        "type": "convention",
        "module": "Oraculo.MegaSena.scripts.enhanced_predict",
        "obj": "",
        "line": 36,
        "column": 0,
        "endLine": null,
        "endColumn": null,
        "path": "Oraculo/MegaSena/scripts/enhanced_predict.py",
        "symbol": "trailing-whitespace",
        "message": "Trailing whitespace",
        "message-id": "C0303"
    },
    {
        "type": "convention",
        "module": "Oraculo.MegaSena.scripts.enhanced_predict",
        "obj": "",
        "line": 79,
        "column": 0,
        "endLine": null,
        "endColumn": null,
        "path": "Oraculo/MegaSena/scripts/enhanced_predict.py",
        "symbol": "trailing-whitespace",
        "message": "Trailing whitespace",
        "message-id": "C0303"
    },
    {
        "type": "convention",
        "module": "Oraculo.MegaSena.scripts.enhanced_predict",
        "obj": "",
        "line": 84,
        "column": 0,
        "endLine": null,
        "endColumn": null,
        "path": "Oraculo/MegaSena/scripts/enhanced_predict.py",
        "symbol": "trailing-whitespace",
        "message": "Trailing whitespace",
        "message-id": "C0303"
    },
    {
        "type": "convention",
        "module": "Oraculo.MegaSena.scripts.enhanced_predict",
        "obj": "",
        "line": 88,
        "column": 0,
        "endLine": null,
        "endColumn": null,
        "path": "Oraculo/MegaSena/scripts/enhanced_predict.py",
        "symbol": "trailing-whitespace",
        "message": "Trailing whitespace",
        "message-id": "C0303"
    },
    {
        "type": "convention",
        "module": "Oraculo.MegaSena.scripts.enhanced_predict",
        "obj": "",
        "line": 93,
        "column": 0,
        "endLine": null,
        "endColumn": null,
        "path": "Oraculo/MegaSena/scripts/enhanced_predict.py",
        "symbol": "trailing-whitespace",
        "message": "Trailing whitespace",
        "message-id": "C0303"
    },
    {
        "type": "convention",
        "module": "Oraculo.MegaSena.scripts.enhanced_predict",
        "obj": "",
        "line": 96,
        "column": 0,
        "endLine": null,
        "endColumn": null,
        "path": "Oraculo/MegaSena/scripts/enhanced_predict.py",
        "symbol": "trailing-whitespace",
        "message": "Trailing whitespace",
        "message-id": "C0303"
    },
    {
        "type": "convention",
        "module": "Oraculo.MegaSena.scripts.enhanced_predict",
        "obj": "",
        "line": 100,
        "column": 0,
        "endLine": null,
        "endColumn": null,
        "path": "Oraculo/MegaSena/scripts/enhanced_predict.py",
        "symbol": "trailing-whitespace",
        "message": "Trailing whitespace",
        "message-id": "C0303"
    },
    {
        "type": "convention",
        "module": "Oraculo.MegaSena.scripts.enhanced_predict",
        "obj": "",
        "line": 102,
        "column": 0,
        "endLine": null,
        "endColumn": null,
        "path": "Oraculo/MegaSena/scripts/enhanced_predict.py",
        "symbol": "trailing-whitespace",
        "message": "Trailing whitespace",
        "message-id": "C0303"
    },
    {
        "type": "convention",
        "module": "Oraculo.MegaSena.scripts.enhanced_predict",
        "obj": "",
        "line": 112,
        "column": 0,
        "endLine": null,
        "endColumn": null,
        "path": "Oraculo/MegaSena/scripts/enhanced_predict.py",
        "symbol": "trailing-whitespace",
        "message": "Trailing whitespace",
        "message-id": "C0303"
    },
    {
        "type": "convention",
        "module": "Oraculo.MegaSena.scripts.enhanced_predict",
        "obj": "",
        "line": 114,
        "column": 0,
        "endLine": null,
        "endColumn": null,
        "path": "Oraculo/MegaSena/scripts/enhanced_predict.py",
        "symbol": "trailing-whitespace",
        "message": "Trailing whitespace",
        "message-id": "C0303"
    },
    {
        "type": "convention",
        "module": "Oraculo.MegaSena.scripts.enhanced_predict",
        "obj": "",
        "line": 140,
        "column": 0,
        "endLine": null,
        "endColumn": null,
        "path": "Oraculo/MegaSena/scripts/enhanced_predict.py",
        "symbol": "trailing-whitespace",
        "message": "Trailing whitespace",
        "message-id": "C0303"
    },
    {
        "type": "warning",
        "module": "Oraculo.MegaSena.scripts.enhanced_predict",
        "obj": "EnhancedMegaSenaPredictor._merge_auto_weights",
        "line": 66,
        "column": 8,
        "endLine": 66,
        "endColumn": 23,
        "path": "Oraculo/MegaSena/scripts/enhanced_predict.py",
        "symbol": "reimported",
        "message": "Reimport 'os' (imported line 22)",
        "message-id": "W0404"
    },
    {
        "type": "convention",
        "module": "Oraculo.Milionaria.scripts.benchmark",
        "obj": "",
        "line": 28,
        "column": 0,
        "endLine": null,
        "endColumn": null,
        "path": "Oraculo/Milionaria/scripts/benchmark.py",
        "symbol": "trailing-whitespace",
        "message": "Trailing whitespace",
        "message-id": "C0303"
    },
    {
        "type": "convention",
        "module": "Oraculo.Milionaria.scripts.benchmark",
        "obj": "",
        "line": 37,
        "column": 0,
        "endLine": null,
        "endColumn": null,
        "path": "Oraculo/Milionaria/scripts/benchmark.py",
        "symbol": "trailing-whitespace",
        "message": "Trailing whitespace",
        "message-id": "C0303"
    },
    {
        "type": "convention",
        "module": "Oraculo.Milionaria.scripts.benchmark",
        "obj": "",
        "line": 42,
        "column": 0,
        "endLine": null,
        "endColumn": null,
        "path": "Oraculo/Milionaria/scripts/benchmark.py",
        "symbol": "trailing-whitespace",
        "message": "Trailing whitespace",
        "message-id": "C0303"
    },
    {
        "type": "convention",
        "module": "Oraculo.Milionaria.scripts.benchmark",
        "obj": "",
        "line": 67,
        "column": 0,
        "endLine": null,
        "endColumn": null,
        "path": "Oraculo/Milionaria/scripts/benchmark.py",
        "symbol": "trailing-whitespace",
        "message": "Trailing whitespace",
        "message-id": "C0303"
    },
    {
        "type": "convention",
        "module": "Oraculo.Milionaria.scripts.benchmark",
        "obj": "",
        "line": 79,
        "column": 0,
        "endLine": null,
        "endColumn": null,
        "path": "Oraculo/Milionaria/scripts/benchmark.py",
        "symbol": "trailing-whitespace",
        "message": "Trailing whitespace",
        "message-id": "C0303"
    },
    {
        "type": "convention",
        "module": "Oraculo.Milionaria.scripts.benchmark",
        "obj": "",
        "line": 114,
        "column": 0,
        "endLine": null,
        "endColumn": null,
        "path": "Oraculo/Milionaria/scripts/benchmark.py",
        "symbol": "trailing-whitespace",
        "message": "Trailing whitespace",
        "message-id": "C0303"
    },
    {
        "type": "convention",
        "module": "Oraculo.Milionaria.scripts.benchmark",
        "obj": "",
        "line": 119,
        "column": 0,
        "endLine": null,
        "endColumn": null,
        "path": "Oraculo/Milionaria/scripts/benchmark.py",
        "symbol": "trailing-whitespace",
        "message": "Trailing whitespace",
        "message-id": "C0303"
    },
    {
        "type": "convention",
        "module": "Oraculo.Milionaria.scripts.benchmark",
        "obj": "",
        "line": 121,
        "column": 0,
        "endLine": null,
        "endColumn": null,
        "path": "Oraculo/Milionaria/scripts/benchmark.py",
        "symbol": "trailing-whitespace",
        "message": "Trailing whitespace",
        "message-id": "C0303"
    },
    {
        "type": "convention",
        "module": "Oraculo.Milionaria.scripts.benchmark",
        "obj": "",
        "line": 126,
        "column": 0,
        "endLine": null,
        "endColumn": null,
        "path": "Oraculo/Milionaria/scripts/benchmark.py",
        "symbol": "trailing-whitespace",
        "message": "Trailing whitespace",
        "message-id": "C0303"
    },
    {
        "type": "convention",
        "module": "Oraculo.Milionaria.scripts.benchmark",
        "obj": "",
        "line": 152,
        "column": 0,
        "endLine": null,
        "endColumn": null,
        "path": "Oraculo/Milionaria/scripts/benchmark.py",
        "symbol": "trailing-whitespace",
        "message": "Trailing whitespace",
        "message-id": "C0303"
    },
    {
        "type": "convention",
        "module": "Oraculo.Milionaria.scripts.benchmark",
        "obj": "",
        "line": 158,
        "column": 0,
        "endLine": null,
        "endColumn": null,
        "path": "Oraculo/Milionaria/scripts/benchmark.py",
        "symbol": "trailing-whitespace",
        "message": "Trailing whitespace",
        "message-id": "C0303"
    },
    {
        "type": "convention",
        "module": "Oraculo.Milionaria.scripts.benchmark",
        "obj": "",
        "line": 161,
        "column": 0,
        "endLine": null,
        "endColumn": null,
        "path": "Oraculo/Milionaria/scripts/benchmark.py",
        "symbol": "trailing-whitespace",
        "message": "Trailing whitespace",
        "message-id": "C0303"
    },
    {
        "type": "convention",
        "module": "Oraculo.Milionaria.scripts.benchmark",
        "obj": "",
        "line": 187,
        "column": 0,
        "endLine": null,
        "endColumn": null,
        "path": "Oraculo/Milionaria/scripts/benchmark.py",
        "symbol": "trailing-whitespace",
        "message": "Trailing whitespace",
        "message-id": "C0303"
    },
    {
        "type": "convention",
        "module": "Oraculo.Milionaria.scripts.benchmark",
        "obj": "",
        "line": 202,
        "column": 0,
        "endLine": null,
        "endColumn": null,
        "path": "Oraculo/Milionaria/scripts/benchmark.py",
        "symbol": "trailing-whitespace",
        "message": "Trailing whitespace",
        "message-id": "C0303"
    },
    {
        "type": "convention",
        "module": "Oraculo.Milionaria.scripts.benchmark",
        "obj": "",
        "line": 210,
        "column": 0,
        "endLine": null,
        "endColumn": null,
        "path": "Oraculo/Milionaria/scripts/benchmark.py",
        "symbol": "trailing-whitespace",
        "message": "Trailing whitespace",
        "message-id": "C0303"
    },
    {
        "type": "convention",
        "module": "Oraculo.Milionaria.scripts.benchmark",
        "obj": "",
        "line": 216,
        "column": 0,
        "endLine": null,
        "endColumn": null,
        "path": "Oraculo/Milionaria/scripts/benchmark.py",
        "symbol": "trailing-whitespace",
        "message": "Trailing whitespace",
        "message-id": "C0303"
    },
    {
        "type": "convention",
        "module": "Oraculo.Milionaria.scripts.benchmark",
        "obj": "",
        "line": 224,
        "column": 0,
        "endLine": null,
        "endColumn": null,
        "path": "Oraculo/Milionaria/scripts/benchmark.py",
        "symbol": "trailing-whitespace",
        "message": "Trailing whitespace",
        "message-id": "C0303"
    },
    {
        "type": "convention",
        "module": "Oraculo.Milionaria.scripts.benchmark",
        "obj": "",
        "line": 259,
        "column": 0,
        "endLine": null,
        "endColumn": null,
        "path": "Oraculo/Milionaria/scripts/benchmark.py",
        "symbol": "trailing-whitespace",
        "message": "Trailing whitespace",
        "message-id": "C0303"
    },
    {
        "type": "convention",
        "module": "Oraculo.Milionaria.scripts.benchmark",
        "obj": "",
        "line": 264,
        "column": 0,
        "endLine": null,
        "endColumn": null,
        "path": "Oraculo/Milionaria/scripts/benchmark.py",
        "symbol": "trailing-whitespace",
        "message": "Trailing whitespace",
        "message-id": "C0303"
    },
    {
        "type": "convention",
        "module": "Oraculo.Milionaria.scripts.benchmark",
        "obj": "",
        "line": 270,
        "column": 0,
        "endLine": null,
        "endColumn": null,
        "path": "Oraculo/Milionaria/scripts/benchmark.py",
        "symbol": "trailing-whitespace",
        "message": "Trailing whitespace",
        "message-id": "C0303"
    },
    {
        "type": "convention",
        "module": "Oraculo.Milionaria.scripts.benchmark",
        "obj": "",
        "line": 274,
        "column": 0,
        "endLine": null,
        "endColumn": null,
        "path": "Oraculo/Milionaria/scripts/benchmark.py",
        "symbol": "trailing-whitespace",
        "message": "Trailing whitespace",
        "message-id": "C0303"
    },
    {
        "type": "convention",
        "module": "Oraculo.Milionaria.scripts.benchmark",
        "obj": "",
        "line": 277,
        "column": 0,
        "endLine": null,
        "endColumn": null,
        "path": "Oraculo/Milionaria/scripts/benchmark.py",
        "symbol": "trailing-whitespace",
        "message": "Trailing whitespace",
        "message-id": "C0303"
    },
    {
        "type": "convention",
        "module": "Oraculo.Milionaria.scripts.benchmark",
        "obj": "",
        "line": 281,
        "column": 0,
        "endLine": null,
        "endColumn": null,
        "path": "Oraculo/Milionaria/scripts/benchmark.py",
        "symbol": "trailing-whitespace",
        "message": "Trailing whitespace",
        "message-id": "C0303"
    },
    {
        "type": "convention",
        "module": "Oraculo.Milionaria.scripts.benchmark",
        "obj": "",
        "line": 291,
        "column": 0,
        "endLine": null,
        "endColumn": null,
        "path": "Oraculo/Milionaria/scripts/benchmark.py",
        "symbol": "trailing-whitespace",
        "message": "Trailing whitespace",
        "message-id": "C0303"
    },
    {
        "type": "convention",
        "module": "Oraculo.Milionaria.scripts.benchmark",
        "obj": "",
        "line": 298,
        "column": 85,
        "endLine": null,
        "endColumn": null,
        "path": "Oraculo/Milionaria/scripts/benchmark.py",
        "symbol": "trailing-whitespace",
        "message": "Trailing whitespace",
        "message-id": "C0303"
    },
    {
        "type": "convention",
        "module": "Oraculo.Milionaria.scripts.benchmark",
        "obj": "",
        "line": 403,
        "column": 0,
        "endLine": null,
        "endColumn": null,
        "path": "Oraculo/Milionaria/scripts/benchmark.py",
        "symbol": "trailing-whitespace",
        "message": "Trailing whitespace",
        "message-id": "C0303"
    },
    {
        "type": "convention",
        "module": "Oraculo.Milionaria.scripts.benchmark",
        "obj": "",
        "line": 406,
        "column": 0,
        "endLine": null,
        "endColumn": null,
        "path": "Oraculo/Milionaria/scripts/benchmark.py",
        "symbol": "trailing-whitespace",
        "message": "Trailing whitespace",
        "message-id": "C0303"
    },
    {
        "type": "convention",
        "module": "Oraculo.Milionaria.scripts.benchmark",
        "obj": "",
        "line": 422,
        "column": 0,
        "endLine": null,
        "endColumn": null,
        "path": "Oraculo/Milionaria/scripts/benchmark.py",
        "symbol": "trailing-whitespace",
        "message": "Trailing whitespace",
        "message-id": "C0303"
    },
    {
        "type": "convention",
        "module": "Oraculo.Milionaria.scripts.benchmark",
        "obj": "",
        "line": 424,
        "column": 0,
        "endLine": null,
        "endColumn": null,
        "path": "Oraculo/Milionaria/scripts/benchmark.py",
        "symbol": "trailing-whitespace",
        "message": "Trailing whitespace",
        "message-id": "C0303"
    },
    {
        "type": "convention",
        "module": "Oraculo.Milionaria.scripts.benchmark",
        "obj": "",
        "line": 428,
        "column": 0,
        "endLine": null,
        "endColumn": null,
        "path": "Oraculo/Milionaria/scripts/benchmark.py",
        "symbol": "trailing-whitespace",
        "message": "Trailing whitespace",
        "message-id": "C0303"
    },
    {
        "type": "warning",
        "module": "Oraculo.Milionaria.scripts.benchmark",
        "obj": "",
        "line": 6,
        "column": 0,
        "endLine": 6,
        "endColumn": 27,
        "path": "Oraculo/Milionaria/scripts/benchmark.py",
        "symbol": "unused-import",
        "message": "Unused plotly.express imported as px",
        "message-id": "W0611"
    },
    {
        "type": "warning",
        "module": "Oraculo.Milionaria.scripts.benchmark",
        "obj": "",
        "line": 8,
        "column": 0,
        "endLine": 8,
        "endColumn": 28,
        "path": "Oraculo/Milionaria/scripts/benchmark.py",
        "symbol": "unused-import",
        "message": "Unused plotly.offline imported as pyo",
        "message-id": "W0611"
    },
    {
        "type": "convention",
        "module": "Oraculo.Milionaria.scripts.enhanced_predict",
        "obj": "",
        "line": 37,
        "column": 0,
        "endLine": null,
        "endColumn": null,
        "path": "Oraculo/Milionaria/scripts/enhanced_predict.py",
        "symbol": "trailing-whitespace",
        "message": "Trailing whitespace",
        "message-id": "C0303"
    },
    {
        "type": "convention",
        "module": "Oraculo.Milionaria.scripts.enhanced_predict",
        "obj": "",
        "line": 80,
        "column": 0,
        "endLine": null,
        "endColumn": null,
        "path": "Oraculo/Milionaria/scripts/enhanced_predict.py",
        "symbol": "trailing-whitespace",
        "message": "Trailing whitespace",
        "message-id": "C0303"
    },
    {
        "type": "convention",
        "module": "Oraculo.Milionaria.scripts.enhanced_predict",
        "obj": "",
        "line": 85,
        "column": 0,
        "endLine": null,
        "endColumn": null,
        "path": "Oraculo/Milionaria/scripts/enhanced_predict.py",
        "symbol": "trailing-whitespace",
        "message": "Trailing whitespace",
        "message-id": "C0303"
    },
    {
        "type": "convention",
        "module": "Oraculo.Milionaria.scripts.enhanced_predict",
        "obj": "",
        "line": 88,
        "column": 0,
        "endLine": null,
        "endColumn": null,
        "path": "Oraculo/Milionaria/scripts/enhanced_predict.py",
        "symbol": "trailing-whitespace",
        "message": "Trailing whitespace",
        "message-id": "C0303"
    },
    {
        "type": "convention",
        "module": "Oraculo.Milionaria.scripts.enhanced_predict",
        "obj": "",
        "line": 93,
        "column": 0,
        "endLine": null,
        "endColumn": null,
        "path": "Oraculo/Milionaria/scripts/enhanced_predict.py",
        "symbol": "trailing-whitespace",
        "message": "Trailing whitespace",
        "message-id": "C0303"
    },
    {
        "type": "convention",
        "module": "Oraculo.Milionaria.scripts.enhanced_predict",
        "obj": "",
        "line": 97,
        "column": 0,
        "endLine": null,
        "endColumn": null,
        "path": "Oraculo/Milionaria/scripts/enhanced_predict.py",
        "symbol": "trailing-whitespace",
        "message": "Trailing whitespace",
        "message-id": "C0303"
    },
    {
        "type": "convention",
        "module": "Oraculo.Milionaria.scripts.enhanced_predict",
        "obj": "",
        "line": 100,
        "column": 0,
        "endLine": null,
        "endColumn": null,
        "path": "Oraculo/Milionaria/scripts/enhanced_predict.py",
        "symbol": "trailing-whitespace",
        "message": "Trailing whitespace",
        "message-id": "C0303"
    },
    {
        "type": "convention",
        "module": "Oraculo.Milionaria.scripts.enhanced_predict",
        "obj": "",
        "line": 103,
        "column": 0,
        "endLine": null,
        "endColumn": null,
        "path": "Oraculo/Milionaria/scripts/enhanced_predict.py",
        "symbol": "trailing-whitespace",
        "message": "Trailing whitespace",
        "message-id": "C0303"
    },
    {
        "type": "convention",
        "module": "Oraculo.Milionaria.scripts.enhanced_predict",
        "obj": "",
        "line": 107,
        "column": 0,
        "endLine": null,
        "endColumn": null,
        "path": "Oraculo/Milionaria/scripts/enhanced_predict.py",
        "symbol": "trailing-whitespace",
        "message": "Trailing whitespace",
        "message-id": "C0303"
    },
    {
        "type": "convention",
        "module": "Oraculo.Milionaria.scripts.enhanced_predict",
        "obj": "",
        "line": 111,
        "column": 0,
        "endLine": null,
        "endColumn": null,
        "path": "Oraculo/Milionaria/scripts/enhanced_predict.py",
        "symbol": "trailing-whitespace",
        "message": "Trailing whitespace",
        "message-id": "C0303"
    },
    {
        "type": "convention",
        "module": "Oraculo.Milionaria.scripts.enhanced_predict",
        "obj": "",
        "line": 116,
        "column": 0,
        "endLine": null,
        "endColumn": null,
        "path": "Oraculo/Milionaria/scripts/enhanced_predict.py",
        "symbol": "trailing-whitespace",
        "message": "Trailing whitespace",
        "message-id": "C0303"
    },
    {
        "type": "convention",
        "module": "Oraculo.Milionaria.scripts.enhanced_predict",
        "obj": "",
        "line": 119,
        "column": 44,
        "endLine": null,
        "endColumn": null,
        "path": "Oraculo/Milionaria/scripts/enhanced_predict.py",
        "symbol": "trailing-whitespace",
        "message": "Trailing whitespace",
        "message-id": "C0303"
    },
    {
        "type": "convention",
        "module": "Oraculo.Milionaria.scripts.enhanced_predict",
        "obj": "",
        "line": 126,
        "column": 0,
        "endLine": null,
        "endColumn": null,
        "path": "Oraculo/Milionaria/scripts/enhanced_predict.py",
        "symbol": "trailing-whitespace",
        "message": "Trailing whitespace",
        "message-id": "C0303"
    },
    {
        "type": "convention",
        "module": "Oraculo.Milionaria.scripts.enhanced_predict",
        "obj": "",
        "line": 128,
        "column": 0,
        "endLine": null,
        "endColumn": null,
        "path": "Oraculo/Milionaria/scripts/enhanced_predict.py",
        "symbol": "trailing-whitespace",
        "message": "Trailing whitespace",
        "message-id": "C0303"
    },
    {
        "type": "convention",
        "module": "Oraculo.Milionaria.scripts.enhanced_predict",
        "obj": "",
        "line": 133,
        "column": 0,
        "endLine": null,
        "endColumn": null,
        "path": "Oraculo/Milionaria/scripts/enhanced_predict.py",
        "symbol": "trailing-whitespace",
        "message": "Trailing whitespace",
        "message-id": "C0303"
    },
    {
        "type": "convention",
        "module": "Oraculo.Milionaria.scripts.enhanced_predict",
        "obj": "",
        "line": 150,
        "column": 0,
        "endLine": null,
        "endColumn": null,
        "path": "Oraculo/Milionaria/scripts/enhanced_predict.py",
        "symbol": "trailing-whitespace",
        "message": "Trailing whitespace",
        "message-id": "C0303"
    },
    {
        "type": "convention",
        "module": "Oraculo.Milionaria.scripts.enhanced_predict",
        "obj": "",
        "line": 160,
        "column": 0,
        "endLine": null,
        "endColumn": null,
        "path": "Oraculo/Milionaria/scripts/enhanced_predict.py",
        "symbol": "trailing-whitespace",
        "message": "Trailing whitespace",
        "message-id": "C0303"
    },
    {
        "type": "convention",
        "module": "Oraculo.Milionaria.scripts.enhanced_predict",
        "obj": "",
        "line": 162,
        "column": 0,
        "endLine": null,
        "endColumn": null,
        "path": "Oraculo/Milionaria/scripts/enhanced_predict.py",
        "symbol": "trailing-whitespace",
        "message": "Trailing whitespace",
        "message-id": "C0303"
    },
    {
        "type": "convention",
        "module": "Oraculo.Milionaria.scripts.enhanced_predict",
        "obj": "",
        "line": 169,
        "column": 0,
        "endLine": null,
        "endColumn": null,
        "path": "Oraculo/Milionaria/scripts/enhanced_predict.py",
        "symbol": "trailing-whitespace",
        "message": "Trailing whitespace",
        "message-id": "C0303"
    },
    {
        "type": "convention",
        "module": "Oraculo.Milionaria.scripts.enhanced_predict",
        "obj": "",
        "line": 175,
        "column": 0,
        "endLine": null,
        "endColumn": null,
        "path": "Oraculo/Milionaria/scripts/enhanced_predict.py",
        "symbol": "trailing-whitespace",
        "message": "Trailing whitespace",
        "message-id": "C0303"
    },
    {
        "type": "convention",
        "module": "Oraculo.Milionaria.scripts.enhanced_predict",
        "obj": "",
        "line": 178,
        "column": 0,
        "endLine": null,
        "endColumn": null,
        "path": "Oraculo/Milionaria/scripts/enhanced_predict.py",
        "symbol": "trailing-whitespace",
        "message": "Trailing whitespace",
        "message-id": "C0303"
    },
    {
        "type": "convention",
        "module": "Oraculo.Milionaria.scripts.enhanced_predict",
        "obj": "",
        "line": 182,
        "column": 0,
        "endLine": null,
        "endColumn": null,
        "path": "Oraculo/Milionaria/scripts/enhanced_predict.py",
        "symbol": "trailing-whitespace",
        "message": "Trailing whitespace",
        "message-id": "C0303"
    },
    {
        "type": "convention",
        "module": "Oraculo.Milionaria.scripts.enhanced_predict",
        "obj": "",
        "line": 185,
        "column": 0,
        "endLine": null,
        "endColumn": null,
        "path": "Oraculo/Milionaria/scripts/enhanced_predict.py",
        "symbol": "trailing-whitespace",
        "message": "Trailing whitespace",
        "message-id": "C0303"
    },
    {
        "type": "convention",
        "module": "Oraculo.Milionaria.scripts.enhanced_predict",
        "obj": "",
        "line": 191,
        "column": 0,
        "endLine": null,
        "endColumn": null,
        "path": "Oraculo/Milionaria/scripts/enhanced_predict.py",
        "symbol": "trailing-whitespace",
        "message": "Trailing whitespace",
        "message-id": "C0303"
    },
    {
        "type": "convention",
        "module": "Oraculo.Milionaria.scripts.enhanced_predict",
        "obj": "",
        "line": 198,
        "column": 0,
        "endLine": null,
        "endColumn": null,
        "path": "Oraculo/Milionaria/scripts/enhanced_predict.py",
        "symbol": "trailing-whitespace",
        "message": "Trailing whitespace",
        "message-id": "C0303"
    },
    {
        "type": "warning",
        "module": "Oraculo.Milionaria.scripts.enhanced_predict",
        "obj": "EnhancedMilionariaPredictor._merge_auto_weights",
        "line": 67,
        "column": 8,
        "endLine": 67,
        "endColumn": 23,
        "path": "Oraculo/Milionaria/scripts/enhanced_predict.py",
        "symbol": "reimported",
        "message": "Reimport 'os' (imported line 22)",
        "message-id": "W0404"
    },
    {
        "type": "warning",
        "module": "Oraculo.Milionaria.scripts.enhanced_predict",
        "obj": "",
        "line": 25,
        "column": 0,
        "endLine": 25,
        "endColumn": 51,
        "path": "Oraculo/Milionaria/scripts/enhanced_predict.py",
        "symbol": "unused-import",
        "message": "Unused Tuple imported from typing",
        "message-id": "W0611"
    },
    {
        "type": "convention",
        "module": "Oraculo.Quina.scripts.benchmark",
        "obj": "",
        "line": 24,
        "column": 0,
        "endLine": null,
        "endColumn": null,
        "path": "Oraculo/Quina/scripts/benchmark.py",
        "symbol": "trailing-whitespace",
        "message": "Trailing whitespace",
        "message-id": "C0303"
    },
    {
        "type": "convention",
        "module": "Oraculo.Quina.scripts.benchmark",
        "obj": "",
        "line": 32,
        "column": 0,
        "endLine": null,
        "endColumn": null,
        "path": "Oraculo/Quina/scripts/benchmark.py",
        "symbol": "trailing-whitespace",
        "message": "Trailing whitespace",
        "message-id": "C0303"
    },
    {
        "type": "convention",
        "module": "Oraculo.Quina.scripts.benchmark",
        "obj": "",
        "line": 37,
        "column": 0,
        "endLine": null,
        "endColumn": null,
        "path": "Oraculo/Quina/scripts/benchmark.py",
        "symbol": "trailing-whitespace",
        "message": "Trailing whitespace",
        "message-id": "C0303"
    },
    {
        "type": "convention",
        "module": "Oraculo.Quina.scripts.benchmark",
        "obj": "",
        "line": 43,
        "column": 0,
        "endLine": null,
        "endColumn": null,
        "path": "Oraculo/Quina/scripts/benchmark.py",
        "symbol": "trailing-whitespace",
        "message": "Trailing whitespace",
        "message-id": "C0303"
    },
    {
        "type": "convention",
        "module": "Oraculo.Quina.scripts.benchmark",
        "obj": "",
        "line": 70,
        "column": 0,
        "endLine": null,
        "endColumn": null,
        "path": "Oraculo/Quina/scripts/benchmark.py",
        "symbol": "trailing-whitespace",
        "message": "Trailing whitespace",
        "message-id": "C0303"
    },
    {
        "type": "convention",
        "module": "Oraculo.Quina.scripts.benchmark",
        "obj": "",
        "line": 82,
        "column": 0,
        "endLine": null,
        "endColumn": null,
        "path": "Oraculo/Quina/scripts/benchmark.py",
        "symbol": "trailing-whitespace",
        "message": "Trailing whitespace",
        "message-id": "C0303"
    },
    {
        "type": "convention",
        "module": "Oraculo.Quina.scripts.benchmark",
        "obj": "",
        "line": 117,
        "column": 0,
        "endLine": null,
        "endColumn": null,
        "path": "Oraculo/Quina/scripts/benchmark.py",
        "symbol": "trailing-whitespace",
        "message": "Trailing whitespace",
        "message-id": "C0303"
    },
    {
        "type": "convention",
        "module": "Oraculo.Quina.scripts.benchmark",
        "obj": "",
        "line": 122,
        "column": 0,
        "endLine": null,
        "endColumn": null,
        "path": "Oraculo/Quina/scripts/benchmark.py",
        "symbol": "trailing-whitespace",
        "message": "Trailing whitespace",
        "message-id": "C0303"
    },
    {
        "type": "convention",
        "module": "Oraculo.Quina.scripts.benchmark",
        "obj": "",
        "line": 124,
        "column": 0,
        "endLine": null,
        "endColumn": null,
        "path": "Oraculo/Quina/scripts/benchmark.py",
        "symbol": "trailing-whitespace",
        "message": "Trailing whitespace",
        "message-id": "C0303"
    },
    {
        "type": "convention",
        "module": "Oraculo.Quina.scripts.benchmark",
        "obj": "",
        "line": 129,
        "column": 0,
        "endLine": null,
        "endColumn": null,
        "path": "Oraculo/Quina/scripts/benchmark.py",
        "symbol": "trailing-whitespace",
        "message": "Trailing whitespace",
        "message-id": "C0303"
    },
    {
        "type": "convention",
        "module": "Oraculo.Quina.scripts.benchmark",
        "obj": "",
        "line": 154,
        "column": 0,
        "endLine": null,
        "endColumn": null,
        "path": "Oraculo/Quina/scripts/benchmark.py",
        "symbol": "trailing-whitespace",
        "message": "Trailing whitespace",
        "message-id": "C0303"
    },
    {
        "type": "convention",
        "module": "Oraculo.Quina.scripts.benchmark",
        "obj": "",
        "line": 160,
        "column": 0,
        "endLine": null,
        "endColumn": null,
        "path": "Oraculo/Quina/scripts/benchmark.py",
        "symbol": "trailing-whitespace",
        "message": "Trailing whitespace",
        "message-id": "C0303"
    },
    {
        "type": "convention",
        "module": "Oraculo.Quina.scripts.benchmark",
        "obj": "",
        "line": 163,
        "column": 0,
        "endLine": null,
        "endColumn": null,
        "path": "Oraculo/Quina/scripts/benchmark.py",
        "symbol": "trailing-whitespace",
        "message": "Trailing whitespace",
        "message-id": "C0303"
    },
    {
        "type": "convention",
        "module": "Oraculo.Quina.scripts.benchmark",
        "obj": "",
        "line": 189,
        "column": 0,
        "endLine": null,
        "endColumn": null,
        "path": "Oraculo/Quina/scripts/benchmark.py",
        "symbol": "trailing-whitespace",
        "message": "Trailing whitespace",
        "message-id": "C0303"
    },
    {
        "type": "convention",
        "module": "Oraculo.Quina.scripts.benchmark",
        "obj": "",
        "line": 204,
        "column": 0,
        "endLine": null,
        "endColumn": null,
        "path": "Oraculo/Quina/scripts/benchmark.py",
        "symbol": "trailing-whitespace",
        "message": "Trailing whitespace",
        "message-id": "C0303"
    },
    {
        "type": "convention",
        "module": "Oraculo.Quina.scripts.benchmark",
        "obj": "",
        "line": 212,
        "column": 0,
        "endLine": null,
        "endColumn": null,
        "path": "Oraculo/Quina/scripts/benchmark.py",
        "symbol": "trailing-whitespace",
        "message": "Trailing whitespace",
        "message-id": "C0303"
    },
    {
        "type": "convention",
        "module": "Oraculo.Quina.scripts.benchmark",
        "obj": "",
        "line": 218,
        "column": 0,
        "endLine": null,
        "endColumn": null,
        "path": "Oraculo/Quina/scripts/benchmark.py",
        "symbol": "trailing-whitespace",
        "message": "Trailing whitespace",
        "message-id": "C0303"
    },
    {
        "type": "convention",
        "module": "Oraculo.Quina.scripts.benchmark",
        "obj": "",
        "line": 226,
        "column": 0,
        "endLine": null,
        "endColumn": null,
        "path": "Oraculo/Quina/scripts/benchmark.py",
        "symbol": "trailing-whitespace",
        "message": "Trailing whitespace",
        "message-id": "C0303"
    },
    {
        "type": "convention",
        "module": "Oraculo.Quina.scripts.benchmark",
        "obj": "",
        "line": 262,
        "column": 0,
        "endLine": null,
        "endColumn": null,
        "path": "Oraculo/Quina/scripts/benchmark.py",
        "symbol": "trailing-whitespace",
        "message": "Trailing whitespace",
        "message-id": "C0303"
    },
    {
        "type": "convention",
        "module": "Oraculo.Quina.scripts.benchmark",
        "obj": "",
        "line": 267,
        "column": 0,
        "endLine": null,
        "endColumn": null,
        "path": "Oraculo/Quina/scripts/benchmark.py",
        "symbol": "trailing-whitespace",
        "message": "Trailing whitespace",
        "message-id": "C0303"
    },
    {
        "type": "convention",
        "module": "Oraculo.Quina.scripts.benchmark",
        "obj": "",
        "line": 273,
        "column": 0,
        "endLine": null,
        "endColumn": null,
        "path": "Oraculo/Quina/scripts/benchmark.py",
        "symbol": "trailing-whitespace",
        "message": "Trailing whitespace",
        "message-id": "C0303"
    },
    {
        "type": "convention",
        "module": "Oraculo.Quina.scripts.benchmark",
        "obj": "",
        "line": 277,
        "column": 0,
        "endLine": null,
        "endColumn": null,
        "path": "Oraculo/Quina/scripts/benchmark.py",
        "symbol": "trailing-whitespace",
        "message": "Trailing whitespace",
        "message-id": "C0303"
    },
    {
        "type": "convention",
        "module": "Oraculo.Quina.scripts.benchmark",
        "obj": "",
        "line": 280,
        "column": 0,
        "endLine": null,
        "endColumn": null,
        "path": "Oraculo/Quina/scripts/benchmark.py",
        "symbol": "trailing-whitespace",
        "message": "Trailing whitespace",
        "message-id": "C0303"
    },
    {
        "type": "convention",
        "module": "Oraculo.Quina.scripts.benchmark",
        "obj": "",
        "line": 284,
        "column": 0,
        "endLine": null,
        "endColumn": null,
        "path": "Oraculo/Quina/scripts/benchmark.py",
        "symbol": "trailing-whitespace",
        "message": "Trailing whitespace",
        "message-id": "C0303"
    },
    {
        "type": "convention",
        "module": "Oraculo.Quina.scripts.benchmark",
        "obj": "",
        "line": 294,
        "column": 0,
        "endLine": null,
        "endColumn": null,
        "path": "Oraculo/Quina/scripts/benchmark.py",
        "symbol": "trailing-whitespace",
        "message": "Trailing whitespace",
        "message-id": "C0303"
    },
    {
        "type": "convention",
        "module": "Oraculo.Quina.scripts.benchmark",
        "obj": "",
        "line": 301,
        "column": 85,
        "endLine": null,
        "endColumn": null,
        "path": "Oraculo/Quina/scripts/benchmark.py",
        "symbol": "trailing-whitespace",
        "message": "Trailing whitespace",
        "message-id": "C0303"
    },
    {
        "type": "convention",
        "module": "Oraculo.Quina.scripts.benchmark",
        "obj": "",
        "line": 355,
        "column": 0,
        "endLine": null,
        "endColumn": null,
        "path": "Oraculo/Quina/scripts/benchmark.py",
        "symbol": "trailing-whitespace",
        "message": "Trailing whitespace",
        "message-id": "C0303"
    },
    {
        "type": "convention",
        "module": "Oraculo.Quina.scripts.benchmark",
        "obj": "",
        "line": 362,
        "column": 0,
        "endLine": null,
        "endColumn": null,
        "path": "Oraculo/Quina/scripts/benchmark.py",
        "symbol": "trailing-whitespace",
        "message": "Trailing whitespace",
        "message-id": "C0303"
    },
    {
        "type": "convention",
        "module": "Oraculo.Quina.scripts.benchmark",
        "obj": "",
        "line": 375,
        "column": 0,
        "endLine": null,
        "endColumn": null,
        "path": "Oraculo/Quina/scripts/benchmark.py",
        "symbol": "trailing-whitespace",
        "message": "Trailing whitespace",
        "message-id": "C0303"
    },
    {
        "type": "convention",
        "module": "Oraculo.Quina.scripts.benchmark",
        "obj": "",
        "line": 429,
        "column": 0,
        "endLine": null,
        "endColumn": null,
        "path": "Oraculo/Quina/scripts/benchmark.py",
        "symbol": "trailing-whitespace",
        "message": "Trailing whitespace",
        "message-id": "C0303"
    },
    {
        "type": "convention",
        "module": "Oraculo.Quina.scripts.benchmark",
        "obj": "",
        "line": 432,
        "column": 0,
        "endLine": null,
        "endColumn": null,
        "path": "Oraculo/Quina/scripts/benchmark.py",
        "symbol": "trailing-whitespace",
        "message": "Trailing whitespace",
        "message-id": "C0303"
    },
    {
        "type": "convention",
        "module": "Oraculo.Quina.scripts.benchmark",
        "obj": "",
        "line": 448,
        "column": 0,
        "endLine": null,
        "endColumn": null,
        "path": "Oraculo/Quina/scripts/benchmark.py",
        "symbol": "trailing-whitespace",
        "message": "Trailing whitespace",
        "message-id": "C0303"
    },
    {
        "type": "convention",
        "module": "Oraculo.Quina.scripts.benchmark",
        "obj": "",
        "line": 450,
        "column": 0,
        "endLine": null,
        "endColumn": null,
        "path": "Oraculo/Quina/scripts/benchmark.py",
        "symbol": "trailing-whitespace",
        "message": "Trailing whitespace",
        "message-id": "C0303"
    },
    {
        "type": "convention",
        "module": "Oraculo.Quina.scripts.benchmark",
        "obj": "",
        "line": 454,
        "column": 0,
        "endLine": null,
        "endColumn": null,
        "path": "Oraculo/Quina/scripts/benchmark.py",
        "symbol": "trailing-whitespace",
        "message": "Trailing whitespace",
        "message-id": "C0303"
    },
    {
        "type": "warning",
        "module": "Oraculo.Quina.scripts.benchmark",
        "obj": "",
        "line": 6,
        "column": 0,
        "endLine": 6,
        "endColumn": 27,
        "path": "Oraculo/Quina/scripts/benchmark.py",
        "symbol": "unused-import",
        "message": "Unused plotly.express imported as px",
        "message-id": "W0611"
    },
    {
        "type": "warning",
        "module": "Oraculo.Quina.scripts.benchmark",
        "obj": "",
        "line": 8,
        "column": 0,
        "endLine": 8,
        "endColumn": 28,
        "path": "Oraculo/Quina/scripts/benchmark.py",
        "symbol": "unused-import",
        "message": "Unused plotly.offline imported as pyo",
        "message-id": "W0611"
    },
    {
        "type": "convention",
        "module": "Oraculo.Quina.scripts.enhanced_predict",
        "obj": "",
        "line": 36,
        "column": 0,
        "endLine": null,
        "endColumn": null,
        "path": "Oraculo/Quina/scripts/enhanced_predict.py",
        "symbol": "trailing-whitespace",
        "message": "Trailing whitespace",
        "message-id": "C0303"
    },
    {
        "type": "convention",
        "module": "Oraculo.Quina.scripts.enhanced_predict",
        "obj": "",
        "line": 78,
        "column": 0,
        "endLine": null,
        "endColumn": null,
        "path": "Oraculo/Quina/scripts/enhanced_predict.py",
        "symbol": "trailing-whitespace",
        "message": "Trailing whitespace",
        "message-id": "C0303"
    },
    {
        "type": "convention",
        "module": "Oraculo.Quina.scripts.enhanced_predict",
        "obj": "",
        "line": 83,
        "column": 0,
        "endLine": null,
        "endColumn": null,
        "path": "Oraculo/Quina/scripts/enhanced_predict.py",
        "symbol": "trailing-whitespace",
        "message": "Trailing whitespace",
        "message-id": "C0303"
    },
    {
        "type": "convention",
        "module": "Oraculo.Quina.scripts.enhanced_predict",
        "obj": "",
        "line": 87,
        "column": 0,
        "endLine": null,
        "endColumn": null,
        "path": "Oraculo/Quina/scripts/enhanced_predict.py",
        "symbol": "trailing-whitespace",
        "message": "Trailing whitespace",
        "message-id": "C0303"
    },
    {
        "type": "convention",
        "module": "Oraculo.Quina.scripts.enhanced_predict",
        "obj": "",
        "line": 92,
        "column": 0,
        "endLine": null,
        "endColumn": null,
        "path": "Oraculo/Quina/scripts/enhanced_predict.py",
        "symbol": "trailing-whitespace",
        "message": "Trailing whitespace",
        "message-id": "C0303"
    },
    {
        "type": "convention",
        "module": "Oraculo.Quina.scripts.enhanced_predict",
        "obj": "",
        "line": 95,
        "column": 0,
        "endLine": null,
        "endColumn": null,
        "path": "Oraculo/Quina/scripts/enhanced_predict.py",
        "symbol": "trailing-whitespace",
        "message": "Trailing whitespace",
        "message-id": "C0303"
    },
    {
        "type": "convention",
        "module": "Oraculo.Quina.scripts.enhanced_predict",
        "obj": "",
        "line": 99,
        "column": 0,
        "endLine": null,
        "endColumn": null,
        "path": "Oraculo/Quina/scripts/enhanced_predict.py",
        "symbol": "trailing-whitespace",
        "message": "Trailing whitespace",
        "message-id": "C0303"
    },
    {
        "type": "convention",
        "module": "Oraculo.Quina.scripts.enhanced_predict",
        "obj": "",
        "line": 101,
        "column": 0,
        "endLine": null,
        "endColumn": null,
        "path": "Oraculo/Quina/scripts/enhanced_predict.py",
        "symbol": "trailing-whitespace",
        "message": "Trailing whitespace",
        "message-id": "C0303"
    },
    {
        "type": "convention",
        "module": "Oraculo.Quina.scripts.enhanced_predict",
        "obj": "",
        "line": 111,
        "column": 0,
        "endLine": null,
        "endColumn": null,
        "path": "Oraculo/Quina/scripts/enhanced_predict.py",
        "symbol": "trailing-whitespace",
        "message": "Trailing whitespace",
        "message-id": "C0303"
    },
    {
        "type": "convention",
        "module": "Oraculo.Quina.scripts.enhanced_predict",
        "obj": "",
        "line": 113,
        "column": 0,
        "endLine": null,
        "endColumn": null,
        "path": "Oraculo/Quina/scripts/enhanced_predict.py",
        "symbol": "trailing-whitespace",
        "message": "Trailing whitespace",
        "message-id": "C0303"
    },
    {
        "type": "convention",
        "module": "Oraculo.Quina.scripts.enhanced_predict",
        "obj": "",
        "line": 139,
        "column": 0,
        "endLine": null,
        "endColumn": null,
        "path": "Oraculo/Quina/scripts/enhanced_predict.py",
        "symbol": "trailing-whitespace",
        "message": "Trailing whitespace",
        "message-id": "C0303"
    },
    {
        "type": "warning",
        "module": "Oraculo.Quina.scripts.enhanced_predict",
        "obj": "EnhancedQuinaPredictor._merge_auto_weights",
        "line": 65,
        "column": 8,
        "endLine": 65,
        "endColumn": 23,
        "path": "Oraculo/Quina/scripts/enhanced_predict.py",
        "symbol": "reimported",
        "message": "Reimport 'os' (imported line 22)",
        "message-id": "W0404"
    },
    {
        "type": "convention",
        "module": "Oraculo.SuperSete.scripts.benchmark",
        "obj": "",
        "line": 29,
        "column": 0,
        "endLine": null,
        "endColumn": null,
        "path": "Oraculo/SuperSete/scripts/benchmark.py",
        "symbol": "trailing-whitespace",
        "message": "Trailing whitespace",
        "message-id": "C0303"
    },
    {
        "type": "convention",
        "module": "Oraculo.SuperSete.scripts.benchmark",
        "obj": "",
        "line": 38,
        "column": 0,
        "endLine": null,
        "endColumn": null,
        "path": "Oraculo/SuperSete/scripts/benchmark.py",
        "symbol": "trailing-whitespace",
        "message": "Trailing whitespace",
        "message-id": "C0303"
    },
    {
        "type": "convention",
        "module": "Oraculo.SuperSete.scripts.benchmark",
        "obj": "",
        "line": 43,
        "column": 0,
        "endLine": null,
        "endColumn": null,
        "path": "Oraculo/SuperSete/scripts/benchmark.py",
        "symbol": "trailing-whitespace",
        "message": "Trailing whitespace",
        "message-id": "C0303"
    },
    {
        "type": "convention",
        "module": "Oraculo.SuperSete.scripts.benchmark",
        "obj": "",
        "line": 67,
        "column": 0,
        "endLine": null,
        "endColumn": null,
        "path": "Oraculo/SuperSete/scripts/benchmark.py",
        "symbol": "trailing-whitespace",
        "message": "Trailing whitespace",
        "message-id": "C0303"
    },
    {
        "type": "convention",
        "module": "Oraculo.SuperSete.scripts.benchmark",
        "obj": "",
        "line": 78,
        "column": 0,
        "endLine": null,
        "endColumn": null,
        "path": "Oraculo/SuperSete/scripts/benchmark.py",
        "symbol": "trailing-whitespace",
        "message": "Trailing whitespace",
        "message-id": "C0303"
    },
    {
        "type": "convention",
        "module": "Oraculo.SuperSete.scripts.benchmark",
        "obj": "",
        "line": 113,
        "column": 0,
        "endLine": null,
        "endColumn": null,
        "path": "Oraculo/SuperSete/scripts/benchmark.py",
        "symbol": "trailing-whitespace",
        "message": "Trailing whitespace",
        "message-id": "C0303"
    },
    {
        "type": "convention",
        "module": "Oraculo.SuperSete.scripts.benchmark",
        "obj": "",
        "line": 118,
        "column": 0,
        "endLine": null,
        "endColumn": null,
        "path": "Oraculo/SuperSete/scripts/benchmark.py",
        "symbol": "trailing-whitespace",
        "message": "Trailing whitespace",
        "message-id": "C0303"
    },
    {
        "type": "convention",
        "module": "Oraculo.SuperSete.scripts.benchmark",
        "obj": "",
        "line": 120,
        "column": 0,
        "endLine": null,
        "endColumn": null,
        "path": "Oraculo/SuperSete/scripts/benchmark.py",
        "symbol": "trailing-whitespace",
        "message": "Trailing whitespace",
        "message-id": "C0303"
    },
    {
        "type": "convention",
        "module": "Oraculo.SuperSete.scripts.benchmark",
        "obj": "",
        "line": 125,
        "column": 0,
        "endLine": null,
        "endColumn": null,
        "path": "Oraculo/SuperSete/scripts/benchmark.py",
        "symbol": "trailing-whitespace",
        "message": "Trailing whitespace",
        "message-id": "C0303"
    },
    {
        "type": "convention",
        "module": "Oraculo.SuperSete.scripts.benchmark",
        "obj": "",
        "line": 148,
        "column": 0,
        "endLine": null,
        "endColumn": null,
        "path": "Oraculo/SuperSete/scripts/benchmark.py",
        "symbol": "trailing-whitespace",
        "message": "Trailing whitespace",
        "message-id": "C0303"
    },
    {
        "type": "convention",
        "module": "Oraculo.SuperSete.scripts.benchmark",
        "obj": "",
        "line": 154,
        "column": 0,
        "endLine": null,
        "endColumn": null,
        "path": "Oraculo/SuperSete/scripts/benchmark.py",
        "symbol": "trailing-whitespace",
        "message": "Trailing whitespace",
        "message-id": "C0303"
    },
    {
        "type": "convention",
        "module": "Oraculo.SuperSete.scripts.benchmark",
        "obj": "",
        "line": 157,
        "column": 0,
        "endLine": null,
        "endColumn": null,
        "path": "Oraculo/SuperSete/scripts/benchmark.py",
        "symbol": "trailing-whitespace",
        "message": "Trailing whitespace",
        "message-id": "C0303"
    },
    {
        "type": "convention",
        "module": "Oraculo.SuperSete.scripts.benchmark",
        "obj": "",
        "line": 189,
        "column": 0,
        "endLine": null,
        "endColumn": null,
        "path": "Oraculo/SuperSete/scripts/benchmark.py",
        "symbol": "trailing-whitespace",
        "message": "Trailing whitespace",
        "message-id": "C0303"
    },
    {
        "type": "convention",
        "module": "Oraculo.SuperSete.scripts.benchmark",
        "obj": "",
        "line": 205,
        "column": 0,
        "endLine": null,
        "endColumn": null,
        "path": "Oraculo/SuperSete/scripts/benchmark.py",
        "symbol": "trailing-whitespace",
        "message": "Trailing whitespace",
        "message-id": "C0303"
    },
    {
        "type": "convention",
        "module": "Oraculo.SuperSete.scripts.benchmark",
        "obj": "",
        "line": 213,
        "column": 0,
        "endLine": null,
        "endColumn": null,
        "path": "Oraculo/SuperSete/scripts/benchmark.py",
        "symbol": "trailing-whitespace",
        "message": "Trailing whitespace",
        "message-id": "C0303"
    },
    {
        "type": "convention",
        "module": "Oraculo.SuperSete.scripts.benchmark",
        "obj": "",
        "line": 219,
        "column": 0,
        "endLine": null,
        "endColumn": null,
        "path": "Oraculo/SuperSete/scripts/benchmark.py",
        "symbol": "trailing-whitespace",
        "message": "Trailing whitespace",
        "message-id": "C0303"
    },
    {
        "type": "convention",
        "module": "Oraculo.SuperSete.scripts.benchmark",
        "obj": "",
        "line": 227,
        "column": 0,
        "endLine": null,
        "endColumn": null,
        "path": "Oraculo/SuperSete/scripts/benchmark.py",
        "symbol": "trailing-whitespace",
        "message": "Trailing whitespace",
        "message-id": "C0303"
    },
    {
        "type": "convention",
        "module": "Oraculo.SuperSete.scripts.benchmark",
        "obj": "",
        "line": 262,
        "column": 0,
        "endLine": null,
        "endColumn": null,
        "path": "Oraculo/SuperSete/scripts/benchmark.py",
        "symbol": "trailing-whitespace",
        "message": "Trailing whitespace",
        "message-id": "C0303"
    },
    {
        "type": "convention",
        "module": "Oraculo.SuperSete.scripts.benchmark",
        "obj": "",
        "line": 267,
        "column": 0,
        "endLine": null,
        "endColumn": null,
        "path": "Oraculo/SuperSete/scripts/benchmark.py",
        "symbol": "trailing-whitespace",
        "message": "Trailing whitespace",
        "message-id": "C0303"
    },
    {
        "type": "convention",
        "module": "Oraculo.SuperSete.scripts.benchmark",
        "obj": "",
        "line": 270,
        "column": 0,
        "endLine": null,
        "endColumn": null,
        "path": "Oraculo/SuperSete/scripts/benchmark.py",
        "symbol": "trailing-whitespace",
        "message": "Trailing whitespace",
        "message-id": "C0303"
    },
    {
        "type": "convention",
        "module": "Oraculo.SuperSete.scripts.benchmark",
        "obj": "",
        "line": 274,
        "column": 0,
        "endLine": null,
        "endColumn": null,
        "path": "Oraculo/SuperSete/scripts/benchmark.py",
        "symbol": "trailing-whitespace",
        "message": "Trailing whitespace",
        "message-id": "C0303"
    },
    {
        "type": "convention",
        "module": "Oraculo.SuperSete.scripts.benchmark",
        "obj": "",
        "line": 277,
        "column": 0,
        "endLine": null,
        "endColumn": null,
        "path": "Oraculo/SuperSete/scripts/benchmark.py",
        "symbol": "trailing-whitespace",
        "message": "Trailing whitespace",
        "message-id": "C0303"
    },
    {
        "type": "convention",
        "module": "Oraculo.SuperSete.scripts.benchmark",
        "obj": "",
        "line": 281,
        "column": 0,
        "endLine": null,
        "endColumn": null,
        "path": "Oraculo/SuperSete/scripts/benchmark.py",
        "symbol": "trailing-whitespace",
        "message": "Trailing whitespace",
        "message-id": "C0303"
    },
    {
        "type": "convention",
        "module": "Oraculo.SuperSete.scripts.benchmark",
        "obj": "",
        "line": 291,
        "column": 0,
        "endLine": null,
        "endColumn": null,
        "path": "Oraculo/SuperSete/scripts/benchmark.py",
        "symbol": "trailing-whitespace",
        "message": "Trailing whitespace",
        "message-id": "C0303"
    },
    {
        "type": "convention",
        "module": "Oraculo.SuperSete.scripts.benchmark",
        "obj": "",
        "line": 298,
        "column": 85,
        "endLine": null,
        "endColumn": null,
        "path": "Oraculo/SuperSete/scripts/benchmark.py",
        "symbol": "trailing-whitespace",
        "message": "Trailing whitespace",
        "message-id": "C0303"
    },
    {
        "type": "convention",
        "module": "Oraculo.SuperSete.scripts.benchmark",
        "obj": "",
        "line": 403,
        "column": 0,
        "endLine": null,
        "endColumn": null,
        "path": "Oraculo/SuperSete/scripts/benchmark.py",
        "symbol": "trailing-whitespace",
        "message": "Trailing whitespace",
        "message-id": "C0303"
    },
    {
        "type": "convention",
        "module": "Oraculo.SuperSete.scripts.benchmark",
        "obj": "",
        "line": 406,
        "column": 0,
        "endLine": null,
        "endColumn": null,
        "path": "Oraculo/SuperSete/scripts/benchmark.py",
        "symbol": "trailing-whitespace",
        "message": "Trailing whitespace",
        "message-id": "C0303"
    },
    {
        "type": "convention",
        "module": "Oraculo.SuperSete.scripts.benchmark",
        "obj": "",
        "line": 422,
        "column": 0,
        "endLine": null,
        "endColumn": null,
        "path": "Oraculo/SuperSete/scripts/benchmark.py",
        "symbol": "trailing-whitespace",
        "message": "Trailing whitespace",
        "message-id": "C0303"
    },
    {
        "type": "convention",
        "module": "Oraculo.SuperSete.scripts.benchmark",
        "obj": "",
        "line": 426,
        "column": 0,
        "endLine": null,
        "endColumn": null,
        "path": "Oraculo/SuperSete/scripts/benchmark.py",
        "symbol": "trailing-whitespace",
        "message": "Trailing whitespace",
        "message-id": "C0303"
    },
    {
        "type": "warning",
        "module": "Oraculo.SuperSete.scripts.benchmark",
        "obj": "",
        "line": 7,
        "column": 0,
        "endLine": 7,
        "endColumn": 27,
        "path": "Oraculo/SuperSete/scripts/benchmark.py",
        "symbol": "unused-import",
        "message": "Unused plotly.express imported as px",
        "message-id": "W0611"
    },
    {
        "type": "warning",
        "module": "Oraculo.SuperSete.scripts.benchmark",
        "obj": "",
        "line": 9,
        "column": 0,
        "endLine": 9,
        "endColumn": 28,
        "path": "Oraculo/SuperSete/scripts/benchmark.py",
        "symbol": "unused-import",
        "message": "Unused plotly.offline imported as pyo",
        "message-id": "W0611"
    },
    {
        "type": "convention",
        "module": "Oraculo.SuperSete.scripts.enhanced_predict",
        "obj": "",
        "line": 28,
        "column": 0,
        "endLine": null,
        "endColumn": null,
        "path": "Oraculo/SuperSete/scripts/enhanced_predict.py",
        "symbol": "trailing-whitespace",
        "message": "Trailing whitespace",
        "message-id": "C0303"
    },
    {
        "type": "convention",
        "module": "Oraculo.SuperSete.scripts.enhanced_predict",
        "obj": "",
        "line": 74,
        "column": 0,
        "endLine": null,
        "endColumn": null,
        "path": "Oraculo/SuperSete/scripts/enhanced_predict.py",
        "symbol": "trailing-whitespace",
        "message": "Trailing whitespace",
        "message-id": "C0303"
    },
    {
        "type": "convention",
        "module": "Oraculo.SuperSete.scripts.enhanced_predict",
        "obj": "",
        "line": 79,
        "column": 0,
        "endLine": null,
        "endColumn": null,
        "path": "Oraculo/SuperSete/scripts/enhanced_predict.py",
        "symbol": "trailing-whitespace",
        "message": "Trailing whitespace",
        "message-id": "C0303"
    },
    {
        "type": "convention",
        "module": "Oraculo.SuperSete.scripts.enhanced_predict",
        "obj": "",
        "line": 88,
        "column": 0,
        "endLine": null,
        "endColumn": null,
        "path": "Oraculo/SuperSete/scripts/enhanced_predict.py",
        "symbol": "trailing-whitespace",
        "message": "Trailing whitespace",
        "message-id": "C0303"
    },
    {
        "type": "convention",
        "module": "Oraculo.SuperSete.scripts.enhanced_predict",
        "obj": "",
        "line": 91,
        "column": 0,
        "endLine": null,
        "endColumn": null,
        "path": "Oraculo/SuperSete/scripts/enhanced_predict.py",
        "symbol": "trailing-whitespace",
        "message": "Trailing whitespace",
        "message-id": "C0303"
    },
    {
        "type": "convention",
        "module": "Oraculo.SuperSete.scripts.enhanced_predict",
        "obj": "",
        "line": 95,
        "column": 0,
        "endLine": null,
        "endColumn": null,
        "path": "Oraculo/SuperSete/scripts/enhanced_predict.py",
        "symbol": "trailing-whitespace",
        "message": "Trailing whitespace",
        "message-id": "C0303"
    },
    {
        "type": "convention",
        "module": "Oraculo.SuperSete.scripts.enhanced_predict",
        "obj": "",
        "line": 97,
        "column": 0,
        "endLine": null,
        "endColumn": null,
        "path": "Oraculo/SuperSete/scripts/enhanced_predict.py",
        "symbol": "trailing-whitespace",
        "message": "Trailing whitespace",
        "message-id": "C0303"
    },
    {
        "type": "convention",
        "module": "Oraculo.SuperSete.scripts.enhanced_predict",
        "obj": "",
        "line": 107,
        "column": 0,
        "endLine": null,
        "endColumn": null,
        "path": "Oraculo/SuperSete/scripts/enhanced_predict.py",
        "symbol": "trailing-whitespace",
        "message": "Trailing whitespace",
        "message-id": "C0303"
    },
    {
        "type": "convention",
        "module": "Oraculo.SuperSete.scripts.enhanced_predict",
        "obj": "",
        "line": 109,
        "column": 0,
        "endLine": null,
        "endColumn": null,
        "path": "Oraculo/SuperSete/scripts/enhanced_predict.py",
        "symbol": "trailing-whitespace",
        "message": "Trailing whitespace",
        "message-id": "C0303"
    },
    {
        "type": "convention",
        "module": "Oraculo.SuperSete.scripts.enhanced_predict",
        "obj": "",
        "line": 119,
        "column": 0,
        "endLine": null,
        "endColumn": null,
        "path": "Oraculo/SuperSete/scripts/enhanced_predict.py",
        "symbol": "trailing-whitespace",
        "message": "Trailing whitespace",
        "message-id": "C0303"
    },
    {
        "type": "convention",
        "module": "Oraculo.SuperSete.scripts.enhanced_predict",
        "obj": "",
        "line": 122,
        "column": 0,
        "endLine": null,
        "endColumn": null,
        "path": "Oraculo/SuperSete/scripts/enhanced_predict.py",
        "symbol": "trailing-whitespace",
        "message": "Trailing whitespace",
        "message-id": "C0303"
    },
    {
        "type": "convention",
        "module": "Oraculo.SuperSete.scripts.enhanced_predict",
        "obj": "",
        "line": 131,
        "column": 0,
        "endLine": null,
        "endColumn": null,
        "path": "Oraculo/SuperSete/scripts/enhanced_predict.py",
        "symbol": "trailing-whitespace",
        "message": "Trailing whitespace",
        "message-id": "C0303"
    },
    {
        "type": "convention",
        "module": "Oraculo.SuperSete.scripts.enhanced_predict",
        "obj": "",
        "line": 133,
        "column": 0,
        "endLine": null,
        "endColumn": null,
        "path": "Oraculo/SuperSete/scripts/enhanced_predict.py",
        "symbol": "trailing-whitespace",
        "message": "Trailing whitespace",
        "message-id": "C0303"
    },
    {
        "type": "convention",
        "module": "Oraculo.SuperSete.scripts.enhanced_predict",
        "obj": "",
        "line": 150,
        "column": 0,
        "endLine": null,
        "endColumn": null,
        "path": "Oraculo/SuperSete/scripts/enhanced_predict.py",
        "symbol": "trailing-whitespace",
        "message": "Trailing whitespace",
        "message-id": "C0303"
    },
    {
        "type": "convention",
        "module": "Oraculo.SuperSete.scripts.enhanced_predict",
        "obj": "",
        "line": 158,
        "column": 0,
        "endLine": null,
        "endColumn": null,
        "path": "Oraculo/SuperSete/scripts/enhanced_predict.py",
        "symbol": "trailing-whitespace",
        "message": "Trailing whitespace",
        "message-id": "C0303"
    },
    {
        "type": "convention",
        "module": "Oraculo.SuperSete.scripts.enhanced_predict",
        "obj": "",
        "line": 167,
        "column": 0,
        "endLine": null,
        "endColumn": null,
        "path": "Oraculo/SuperSete/scripts/enhanced_predict.py",
        "symbol": "trailing-whitespace",
        "message": "Trailing whitespace",
        "message-id": "C0303"
    },
    {
        "type": "convention",
        "module": "Oraculo.SuperSete.scripts.enhanced_predict",
        "obj": "",
        "line": 172,
        "column": 0,
        "endLine": null,
        "endColumn": null,
        "path": "Oraculo/SuperSete/scripts/enhanced_predict.py",
        "symbol": "trailing-whitespace",
        "message": "Trailing whitespace",
        "message-id": "C0303"
    },
    {
        "type": "convention",
        "module": "Oraculo.SuperSete.scripts.enhanced_predict",
        "obj": "",
        "line": 179,
        "column": 0,
        "endLine": null,
        "endColumn": null,
        "path": "Oraculo/SuperSete/scripts/enhanced_predict.py",
        "symbol": "trailing-whitespace",
        "message": "Trailing whitespace",
        "message-id": "C0303"
    },
    {
        "type": "convention",
        "module": "Oraculo.SuperSete.scripts.enhanced_predict",
        "obj": "",
        "line": 188,
        "column": 0,
        "endLine": null,
        "endColumn": null,
        "path": "Oraculo/SuperSete/scripts/enhanced_predict.py",
        "symbol": "trailing-whitespace",
        "message": "Trailing whitespace",
        "message-id": "C0303"
    },
    {
        "type": "convention",
        "module": "Oraculo.SuperSete.scripts.enhanced_predict",
        "obj": "",
        "line": 194,
        "column": 0,
        "endLine": null,
        "endColumn": null,
        "path": "Oraculo/SuperSete/scripts/enhanced_predict.py",
        "symbol": "trailing-whitespace",
        "message": "Trailing whitespace",
        "message-id": "C0303"
    },
    {
        "type": "convention",
        "module": "Oraculo.SuperSete.scripts.enhanced_predict",
        "obj": "",
        "line": 199,
        "column": 0,
        "endLine": null,
        "endColumn": null,
        "path": "Oraculo/SuperSete/scripts/enhanced_predict.py",
        "symbol": "trailing-whitespace",
        "message": "Trailing whitespace",
        "message-id": "C0303"
    },
    {
        "type": "convention",
        "module": "Oraculo.SuperSete.scripts.enhanced_predict",
        "obj": "",
        "line": 211,
        "column": 0,
        "endLine": null,
        "endColumn": null,
        "path": "Oraculo/SuperSete/scripts/enhanced_predict.py",
        "symbol": "trailing-whitespace",
        "message": "Trailing whitespace",
        "message-id": "C0303"
    },
    {
        "type": "convention",
        "module": "Oraculo.SuperSete.scripts.enhanced_predict",
        "obj": "",
        "line": 217,
        "column": 0,
        "endLine": null,
        "endColumn": null,
        "path": "Oraculo/SuperSete/scripts/enhanced_predict.py",
        "symbol": "trailing-whitespace",
        "message": "Trailing whitespace",
        "message-id": "C0303"
    },
    {
        "type": "convention",
        "module": "Oraculo.SuperSete.scripts.enhanced_predict",
        "obj": "",
        "line": 222,
        "column": 0,
        "endLine": null,
        "endColumn": null,
        "path": "Oraculo/SuperSete/scripts/enhanced_predict.py",
        "symbol": "trailing-whitespace",
        "message": "Trailing whitespace",
        "message-id": "C0303"
    },
    {
        "type": "convention",
        "module": "Oraculo.SuperSete.scripts.enhanced_predict",
        "obj": "",
        "line": 234,
        "column": 0,
        "endLine": null,
        "endColumn": null,
        "path": "Oraculo/SuperSete/scripts/enhanced_predict.py",
        "symbol": "trailing-whitespace",
        "message": "Trailing whitespace",
        "message-id": "C0303"
    },
    {
        "type": "convention",
        "module": "Oraculo.SuperSete.scripts.enhanced_predict",
        "obj": "",
        "line": 242,
        "column": 0,
        "endLine": null,
        "endColumn": null,
        "path": "Oraculo/SuperSete/scripts/enhanced_predict.py",
        "symbol": "trailing-whitespace",
        "message": "Trailing whitespace",
        "message-id": "C0303"
    },
    {
        "type": "convention",
        "module": "Oraculo.SuperSete.scripts.enhanced_predict",
        "obj": "",
        "line": 248,
        "column": 0,
        "endLine": null,
        "endColumn": null,
        "path": "Oraculo/SuperSete/scripts/enhanced_predict.py",
        "symbol": "trailing-whitespace",
        "message": "Trailing whitespace",
        "message-id": "C0303"
    },
    {
        "type": "convention",
        "module": "Oraculo.SuperSete.scripts.enhanced_predict",
        "obj": "",
        "line": 253,
        "column": 0,
        "endLine": null,
        "endColumn": null,
        "path": "Oraculo/SuperSete/scripts/enhanced_predict.py",
        "symbol": "trailing-whitespace",
        "message": "Trailing whitespace",
        "message-id": "C0303"
    },
    {
        "type": "convention",
        "module": "Oraculo.SuperSete.scripts.enhanced_predict",
        "obj": "",
        "line": 266,
        "column": 0,
        "endLine": null,
        "endColumn": null,
        "path": "Oraculo/SuperSete/scripts/enhanced_predict.py",
        "symbol": "trailing-whitespace",
        "message": "Trailing whitespace",
        "message-id": "C0303"
    },
    {
        "type": "convention",
        "module": "Oraculo.SuperSete.scripts.enhanced_predict",
        "obj": "",
        "line": 272,
        "column": 0,
        "endLine": null,
        "endColumn": null,
        "path": "Oraculo/SuperSete/scripts/enhanced_predict.py",
        "symbol": "trailing-whitespace",
        "message": "Trailing whitespace",
        "message-id": "C0303"
    },
    {
        "type": "convention",
        "module": "Oraculo.SuperSete.scripts.enhanced_predict",
        "obj": "",
        "line": 277,
        "column": 0,
        "endLine": null,
        "endColumn": null,
        "path": "Oraculo/SuperSete/scripts/enhanced_predict.py",
        "symbol": "trailing-whitespace",
        "message": "Trailing whitespace",
        "message-id": "C0303"
    },
    {
        "type": "convention",
        "module": "Oraculo.SuperSete.scripts.enhanced_predict",
        "obj": "",
        "line": 290,
        "column": 0,
        "endLine": null,
        "endColumn": null,
        "path": "Oraculo/SuperSete/scripts/enhanced_predict.py",
        "symbol": "trailing-whitespace",
        "message": "Trailing whitespace",
        "message-id": "C0303"
    },
    {
        "type": "convention",
        "module": "Oraculo.SuperSete.scripts.enhanced_predict",
        "obj": "",
        "line": 300,
        "column": 0,
        "endLine": null,
        "endColumn": null,
        "path": "Oraculo/SuperSete/scripts/enhanced_predict.py",
        "symbol": "trailing-whitespace",
        "message": "Trailing whitespace",
        "message-id": "C0303"
    },
    {
        "type": "convention",
        "module": "Oraculo.SuperSete.scripts.enhanced_predict",
        "obj": "",
        "line": 306,
        "column": 0,
        "endLine": null,
        "endColumn": null,
        "path": "Oraculo/SuperSete/scripts/enhanced_predict.py",
        "symbol": "trailing-whitespace",
        "message": "Trailing whitespace",
        "message-id": "C0303"
    },
    {
        "type": "convention",
        "module": "Oraculo.SuperSete.scripts.enhanced_predict",
        "obj": "",
        "line": 311,
        "column": 0,
        "endLine": null,
        "endColumn": null,
        "path": "Oraculo/SuperSete/scripts/enhanced_predict.py",
        "symbol": "trailing-whitespace",
        "message": "Trailing whitespace",
        "message-id": "C0303"
    },
    {
        "type": "convention",
        "module": "Oraculo.SuperSete.scripts.enhanced_predict",
        "obj": "",
        "line": 323,
        "column": 0,
        "endLine": null,
        "endColumn": null,
        "path": "Oraculo/SuperSete/scripts/enhanced_predict.py",
        "symbol": "trailing-whitespace",
        "message": "Trailing whitespace",
        "message-id": "C0303"
    },
    {
        "type": "convention",
        "module": "Oraculo.SuperSete.scripts.enhanced_predict",
        "obj": "",
        "line": 329,
        "column": 0,
        "endLine": null,
        "endColumn": null,
        "path": "Oraculo/SuperSete/scripts/enhanced_predict.py",
        "symbol": "trailing-whitespace",
        "message": "Trailing whitespace",
        "message-id": "C0303"
    },
    {
        "type": "convention",
        "module": "Oraculo.SuperSete.scripts.enhanced_predict",
        "obj": "",
        "line": 334,
        "column": 0,
        "endLine": null,
        "endColumn": null,
        "path": "Oraculo/SuperSete/scripts/enhanced_predict.py",
        "symbol": "trailing-whitespace",
        "message": "Trailing whitespace",
        "message-id": "C0303"
    },
    {
        "type": "convention",
        "module": "Oraculo.SuperSete.scripts.enhanced_predict",
        "obj": "",
        "line": 338,
        "column": 0,
        "endLine": null,
        "endColumn": null,
        "path": "Oraculo/SuperSete/scripts/enhanced_predict.py",
        "symbol": "trailing-whitespace",
        "message": "Trailing whitespace",
        "message-id": "C0303"
    },
    {
        "type": "convention",
        "module": "Oraculo.SuperSete.scripts.enhanced_predict",
        "obj": "",
        "line": 348,
        "column": 0,
        "endLine": null,
        "endColumn": null,
        "path": "Oraculo/SuperSete/scripts/enhanced_predict.py",
        "symbol": "trailing-whitespace",
        "message": "Trailing whitespace",
        "message-id": "C0303"
    },
    {
        "type": "convention",
        "module": "Oraculo.SuperSete.scripts.enhanced_predict",
        "obj": "",
        "line": 352,
        "column": 0,
        "endLine": null,
        "endColumn": null,
        "path": "Oraculo/SuperSete/scripts/enhanced_predict.py",
        "symbol": "trailing-whitespace",
        "message": "Trailing whitespace",
        "message-id": "C0303"
    },
    {
        "type": "convention",
        "module": "Oraculo.SuperSete.scripts.enhanced_predict",
        "obj": "",
        "line": 358,
        "column": 0,
        "endLine": null,
        "endColumn": null,
        "path": "Oraculo/SuperSete/scripts/enhanced_predict.py",
        "symbol": "trailing-whitespace",
        "message": "Trailing whitespace",
        "message-id": "C0303"
    },
    {
        "type": "convention",
        "module": "Oraculo.SuperSete.scripts.enhanced_predict",
        "obj": "",
        "line": 363,
        "column": 0,
        "endLine": null,
        "endColumn": null,
        "path": "Oraculo/SuperSete/scripts/enhanced_predict.py",
        "symbol": "trailing-whitespace",
        "message": "Trailing whitespace",
        "message-id": "C0303"
    },
    {
        "type": "convention",
        "module": "Oraculo.SuperSete.scripts.enhanced_predict",
        "obj": "",
        "line": 367,
        "column": 0,
        "endLine": null,
        "endColumn": null,
        "path": "Oraculo/SuperSete/scripts/enhanced_predict.py",
        "symbol": "trailing-whitespace",
        "message": "Trailing whitespace",
        "message-id": "C0303"
    },
    {
        "type": "convention",
        "module": "Oraculo.SuperSete.scripts.enhanced_predict",
        "obj": "",
        "line": 383,
        "column": 0,
        "endLine": null,
        "endColumn": null,
        "path": "Oraculo/SuperSete/scripts/enhanced_predict.py",
        "symbol": "trailing-whitespace",
        "message": "Trailing whitespace",
        "message-id": "C0303"
    },
    {
        "type": "convention",
        "module": "Oraculo.SuperSete.scripts.enhanced_predict",
        "obj": "",
        "line": 386,
        "column": 0,
        "endLine": null,
        "endColumn": null,
        "path": "Oraculo/SuperSete/scripts/enhanced_predict.py",
        "symbol": "trailing-whitespace",
        "message": "Trailing whitespace",
        "message-id": "C0303"
    },
    {
        "type": "convention",
        "module": "Oraculo.SuperSete.scripts.enhanced_predict",
        "obj": "",
        "line": 392,
        "column": 0,
        "endLine": null,
        "endColumn": null,
        "path": "Oraculo/SuperSete/scripts/enhanced_predict.py",
        "symbol": "trailing-whitespace",
        "message": "Trailing whitespace",
        "message-id": "C0303"
    },
    {
        "type": "convention",
        "module": "Oraculo.SuperSete.scripts.enhanced_predict",
        "obj": "",
        "line": 401,
        "column": 0,
        "endLine": null,
        "endColumn": null,
        "path": "Oraculo/SuperSete/scripts/enhanced_predict.py",
        "symbol": "trailing-whitespace",
        "message": "Trailing whitespace",
        "message-id": "C0303"
    },
    {
        "type": "convention",
        "module": "Oraculo.SuperSete.scripts.enhanced_predict",
        "obj": "",
        "line": 406,
        "column": 0,
        "endLine": null,
        "endColumn": null,
        "path": "Oraculo/SuperSete/scripts/enhanced_predict.py",
        "symbol": "trailing-whitespace",
        "message": "Trailing whitespace",
        "message-id": "C0303"
    },
    {
        "type": "convention",
        "module": "Oraculo.SuperSete.scripts.enhanced_predict",
        "obj": "",
        "line": 409,
        "column": 0,
        "endLine": null,
        "endColumn": null,
        "path": "Oraculo/SuperSete/scripts/enhanced_predict.py",
        "symbol": "trailing-whitespace",
        "message": "Trailing whitespace",
        "message-id": "C0303"
    },
    {
        "type": "convention",
        "module": "Oraculo.SuperSete.scripts.enhanced_predict",
        "obj": "",
        "line": 415,
        "column": 0,
        "endLine": null,
        "endColumn": null,
        "path": "Oraculo/SuperSete/scripts/enhanced_predict.py",
        "symbol": "trailing-whitespace",
        "message": "Trailing whitespace",
        "message-id": "C0303"
    },
    {
        "type": "convention",
        "module": "Oraculo.SuperSete.scripts.enhanced_predict",
        "obj": "",
        "line": 420,
        "column": 0,
        "endLine": null,
        "endColumn": null,
        "path": "Oraculo/SuperSete/scripts/enhanced_predict.py",
        "symbol": "trailing-whitespace",
        "message": "Trailing whitespace",
        "message-id": "C0303"
    },
    {
        "type": "convention",
        "module": "Oraculo.SuperSete.scripts.enhanced_predict",
        "obj": "",
        "line": 429,
        "column": 0,
        "endLine": null,
        "endColumn": null,
        "path": "Oraculo/SuperSete/scripts/enhanced_predict.py",
        "symbol": "trailing-whitespace",
        "message": "Trailing whitespace",
        "message-id": "C0303"
    },
    {
        "type": "convention",
        "module": "Oraculo.SuperSete.scripts.enhanced_predict",
        "obj": "",
        "line": 436,
        "column": 0,
        "endLine": null,
        "endColumn": null,
        "path": "Oraculo/SuperSete/scripts/enhanced_predict.py",
        "symbol": "trailing-whitespace",
        "message": "Trailing whitespace",
        "message-id": "C0303"
    },
    {
        "type": "convention",
        "module": "Oraculo.SuperSete.scripts.enhanced_predict",
        "obj": "",
        "line": 440,
        "column": 0,
        "endLine": null,
        "endColumn": null,
        "path": "Oraculo/SuperSete/scripts/enhanced_predict.py",
        "symbol": "trailing-whitespace",
        "message": "Trailing whitespace",
        "message-id": "C0303"
    },
    {
        "type": "convention",
        "module": "Oraculo.SuperSete.scripts.enhanced_predict",
        "obj": "",
        "line": 447,
        "column": 0,
        "endLine": null,
        "endColumn": null,
        "path": "Oraculo/SuperSete/scripts/enhanced_predict.py",
        "symbol": "trailing-whitespace",
        "message": "Trailing whitespace",
        "message-id": "C0303"
    },
    {
        "type": "convention",
        "module": "Oraculo.SuperSete.scripts.enhanced_predict",
        "obj": "",
        "line": 453,
        "column": 0,
        "endLine": null,
        "endColumn": null,
        "path": "Oraculo/SuperSete/scripts/enhanced_predict.py",
        "symbol": "trailing-whitespace",
        "message": "Trailing whitespace",
        "message-id": "C0303"
    },
    {
        "type": "convention",
        "module": "Oraculo.SuperSete.scripts.enhanced_predict",
        "obj": "",
        "line": 456,
        "column": 0,
        "endLine": null,
        "endColumn": null,
        "path": "Oraculo/SuperSete/scripts/enhanced_predict.py",
        "symbol": "trailing-whitespace",
        "message": "Trailing whitespace",
        "message-id": "C0303"
    },
    {
        "type": "convention",
        "module": "Oraculo.SuperSete.scripts.enhanced_predict",
        "obj": "",
        "line": 463,
        "column": 0,
        "endLine": null,
        "endColumn": null,
        "path": "Oraculo/SuperSete/scripts/enhanced_predict.py",
        "symbol": "trailing-whitespace",
        "message": "Trailing whitespace",
        "message-id": "C0303"
    },
    {
        "type": "convention",
        "module": "Oraculo.SuperSete.scripts.enhanced_predict",
        "obj": "",
        "line": 465,
        "column": 0,
        "endLine": null,
        "endColumn": null,
        "path": "Oraculo/SuperSete/scripts/enhanced_predict.py",
        "symbol": "trailing-whitespace",
        "message": "Trailing whitespace",
        "message-id": "C0303"
    },
    {
        "type": "convention",
        "module": "Oraculo.SuperSete.scripts.enhanced_predict",
        "obj": "",
        "line": 468,
        "column": 0,
        "endLine": null,
        "endColumn": null,
        "path": "Oraculo/SuperSete/scripts/enhanced_predict.py",
        "symbol": "trailing-whitespace",
        "message": "Trailing whitespace",
        "message-id": "C0303"
    },
    {
        "type": "convention",
        "module": "Oraculo.SuperSete.scripts.enhanced_predict",
        "obj": "",
        "line": 473,
        "column": 0,
        "endLine": null,
        "endColumn": null,
        "path": "Oraculo/SuperSete/scripts/enhanced_predict.py",
        "symbol": "trailing-whitespace",
        "message": "Trailing whitespace",
        "message-id": "C0303"
    },
    {
        "type": "convention",
        "module": "Oraculo.SuperSete.scripts.enhanced_predict",
        "obj": "",
        "line": 480,
        "column": 0,
        "endLine": null,
        "endColumn": null,
        "path": "Oraculo/SuperSete/scripts/enhanced_predict.py",
        "symbol": "trailing-whitespace",
        "message": "Trailing whitespace",
        "message-id": "C0303"
    },
    {
        "type": "warning",
        "module": "Oraculo.SuperSete.scripts.enhanced_predict",
        "obj": "EnhancedSuperSetePredictor._merge_auto_weights",
        "line": 61,
        "column": 8,
        "endLine": 61,
        "endColumn": 23,
        "path": "Oraculo/SuperSete/scripts/enhanced_predict.py",
        "symbol": "reimported",
        "message": "Reimport 'os' (imported line 12)",
        "message-id": "W0404"
    },
    {
        "type": "warning",
        "module": "Oraculo.SuperSete.scripts.predict",
        "obj": "",
        "line": 5,
        "column": 0,
        "endLine": 5,
        "endColumn": 18,
        "path": "Oraculo/SuperSete/scripts/predict.py",
        "symbol": "unused-import",
        "message": "Unused numpy imported as np",
        "message-id": "W0611"
    },
    {
        "type": "convention",
        "module": "scripts.check_deployment",
        "obj": "",
        "line": 13,
        "column": 0,
        "endLine": null,
        "endColumn": null,
        "path": "scripts/check_deployment.py",
        "symbol": "trailing-whitespace",
        "message": "Trailing whitespace",
        "message-id": "C0303"
    },
    {
        "type": "convention",
        "module": "scripts.check_deployment",
        "obj": "",
        "line": 18,
        "column": 0,
        "endLine": null,
        "endColumn": null,
        "path": "scripts/check_deployment.py",
        "symbol": "trailing-whitespace",
        "message": "Trailing whitespace",
        "message-id": "C0303"
    },
    {
        "type": "convention",
        "module": "scripts.check_deployment",
        "obj": "",
        "line": 20,
        "column": 0,
        "endLine": null,
        "endColumn": null,
        "path": "scripts/check_deployment.py",
        "symbol": "trailing-whitespace",
        "message": "Trailing whitespace",
        "message-id": "C0303"
    },
    {
        "type": "convention",
        "module": "scripts.check_deployment",
        "obj": "",
        "line": 26,
        "column": 0,
        "endLine": null,
        "endColumn": null,
        "path": "scripts/check_deployment.py",
        "symbol": "trailing-whitespace",
        "message": "Trailing whitespace",
        "message-id": "C0303"
    },
    {
        "type": "convention",
        "module": "scripts.check_deployment",
        "obj": "",
        "line": 28,
        "column": 0,
        "endLine": null,
        "endColumn": null,
        "path": "scripts/check_deployment.py",
        "symbol": "trailing-whitespace",
        "message": "Trailing whitespace",
        "message-id": "C0303"
    },
    {
        "type": "convention",
        "module": "scripts.check_deployment",
        "obj": "",
        "line": 36,
        "column": 0,
        "endLine": null,
        "endColumn": null,
        "path": "scripts/check_deployment.py",
        "symbol": "trailing-whitespace",
        "message": "Trailing whitespace",
        "message-id": "C0303"
    },
    {
        "type": "convention",
        "module": "scripts.check_deployment",
        "obj": "",
        "line": 39,
        "column": 0,
        "endLine": null,
        "endColumn": null,
        "path": "scripts/check_deployment.py",
        "symbol": "trailing-whitespace",
        "message": "Trailing whitespace",
        "message-id": "C0303"
    },
    {
        "type": "convention",
        "module": "scripts.check_deployment",
        "obj": "",
        "line": 45,
        "column": 0,
        "endLine": null,
        "endColumn": null,
        "path": "scripts/check_deployment.py",
        "symbol": "trailing-whitespace",
        "message": "Trailing whitespace",
        "message-id": "C0303"
    },
    {
        "type": "convention",
        "module": "scripts.check_deployment",
        "obj": "",
        "line": 50,
        "column": 0,
        "endLine": null,
        "endColumn": null,
        "path": "scripts/check_deployment.py",
        "symbol": "trailing-whitespace",
        "message": "Trailing whitespace",
        "message-id": "C0303"
    },
    {
        "type": "convention",
        "module": "scripts.check_deployment",
        "obj": "",
        "line": 55,
        "column": 0,
        "endLine": null,
        "endColumn": null,
        "path": "scripts/check_deployment.py",
        "symbol": "trailing-whitespace",
        "message": "Trailing whitespace",
        "message-id": "C0303"
    },
    {
        "type": "convention",
        "module": "scripts.check_deployment",
        "obj": "",
        "line": 57,
        "column": 0,
        "endLine": null,
        "endColumn": null,
        "path": "scripts/check_deployment.py",
        "symbol": "trailing-whitespace",
        "message": "Trailing whitespace",
        "message-id": "C0303"
    },
    {
        "type": "convention",
        "module": "scripts.check_workflows",
        "obj": "",
        "line": 12,
        "column": 0,
        "endLine": null,
        "endColumn": null,
        "path": "scripts/check_workflows.py",
        "symbol": "trailing-whitespace",
        "message": "Trailing whitespace",
        "message-id": "C0303"
    },
    {
        "type": "convention",
        "module": "scripts.check_workflows",
        "obj": "",
        "line": 15,
        "column": 0,
        "endLine": null,
        "endColumn": null,
        "path": "scripts/check_workflows.py",
        "symbol": "trailing-whitespace",
        "message": "Trailing whitespace",
        "message-id": "C0303"
    },
    {
        "type": "convention",
        "module": "scripts.check_workflows",
        "obj": "",
        "line": 17,
        "column": 0,
        "endLine": null,
        "endColumn": null,
        "path": "scripts/check_workflows.py",
        "symbol": "trailing-whitespace",
        "message": "Trailing whitespace",
        "message-id": "C0303"
    },
    {
        "type": "convention",
        "module": "scripts.check_workflows",
        "obj": "",
        "line": 21,
        "column": 0,
        "endLine": null,
        "endColumn": null,
        "path": "scripts/check_workflows.py",
        "symbol": "trailing-whitespace",
        "message": "Trailing whitespace",
        "message-id": "C0303"
    },
    {
        "type": "convention",
        "module": "scripts.check_workflows",
        "obj": "",
        "line": 28,
        "column": 0,
        "endLine": null,
        "endColumn": null,
        "path": "scripts/check_workflows.py",
        "symbol": "trailing-whitespace",
        "message": "Trailing whitespace",
        "message-id": "C0303"
    },
    {
        "type": "convention",
        "module": "scripts.check_workflows",
        "obj": "",
        "line": 38,
        "column": 0,
        "endLine": null,
        "endColumn": null,
        "path": "scripts/check_workflows.py",
        "symbol": "trailing-whitespace",
        "message": "Trailing whitespace",
        "message-id": "C0303"
    },
    {
        "type": "convention",
        "module": "scripts.check_workflows",
        "obj": "",
        "line": 51,
        "column": 0,
        "endLine": null,
        "endColumn": null,
        "path": "scripts/check_workflows.py",
        "symbol": "trailing-whitespace",
        "message": "Trailing whitespace",
        "message-id": "C0303"
    },
    {
        "type": "convention",
        "module": "scripts.check_workflows",
        "obj": "",
        "line": 65,
        "column": 0,
        "endLine": null,
        "endColumn": null,
        "path": "scripts/check_workflows.py",
        "symbol": "trailing-whitespace",
        "message": "Trailing whitespace",
        "message-id": "C0303"
    },
    {
        "type": "convention",
        "module": "scripts.check_workflows",
        "obj": "",
        "line": 72,
        "column": 0,
        "endLine": null,
        "endColumn": null,
        "path": "scripts/check_workflows.py",
        "symbol": "trailing-whitespace",
        "message": "Trailing whitespace",
        "message-id": "C0303"
    },
    {
        "type": "convention",
        "module": "scripts.check_workflows",
        "obj": "",
        "line": 77,
        "column": 0,
        "endLine": null,
        "endColumn": null,
        "path": "scripts/check_workflows.py",
        "symbol": "trailing-whitespace",
        "message": "Trailing whitespace",
        "message-id": "C0303"
    },
    {
        "type": "convention",
        "module": "scripts.check_workflows",
        "obj": "",
        "line": 81,
        "column": 0,
        "endLine": null,
        "endColumn": null,
        "path": "scripts/check_workflows.py",
        "symbol": "trailing-whitespace",
        "message": "Trailing whitespace",
        "message-id": "C0303"
    },
    {
        "type": "convention",
        "module": "scripts.check_workflows",
        "obj": "",
        "line": 115,
        "column": 0,
        "endLine": null,
        "endColumn": null,
        "path": "scripts/check_workflows.py",
        "symbol": "trailing-whitespace",
        "message": "Trailing whitespace",
        "message-id": "C0303"
    },
    {
        "type": "convention",
        "module": "scripts.check_workflows",
        "obj": "",
        "line": 119,
        "column": 0,
        "endLine": null,
        "endColumn": null,
        "path": "scripts/check_workflows.py",
        "symbol": "trailing-whitespace",
        "message": "Trailing whitespace",
        "message-id": "C0303"
    },
    {
        "type": "convention",
        "module": "scripts.check_workflows",
        "obj": "",
        "line": 128,
        "column": 0,
        "endLine": null,
        "endColumn": null,
        "path": "scripts/check_workflows.py",
        "symbol": "trailing-whitespace",
        "message": "Trailing whitespace",
        "message-id": "C0303"
    },
    {
        "type": "convention",
        "module": "scripts.demo_env_config",
        "obj": "",
        "line": 18,
        "column": 0,
        "endLine": null,
        "endColumn": null,
        "path": "scripts/demo_env_config.py",
        "symbol": "trailing-whitespace",
        "message": "Trailing whitespace",
        "message-id": "C0303"
    },
    {
        "type": "convention",
        "module": "scripts.demo_env_config",
        "obj": "",
        "line": 21,
        "column": 0,
        "endLine": null,
        "endColumn": null,
        "path": "scripts/demo_env_config.py",
        "symbol": "trailing-whitespace",
        "message": "Trailing whitespace",
        "message-id": "C0303"
    },
    {
        "type": "convention",
        "module": "scripts.demo_env_config",
        "obj": "",
        "line": 25,
        "column": 0,
        "endLine": null,
        "endColumn": null,
        "path": "scripts/demo_env_config.py",
        "symbol": "trailing-whitespace",
        "message": "Trailing whitespace",
        "message-id": "C0303"
    },
    {
        "type": "convention",
        "module": "scripts.demo_env_config",
        "obj": "",
        "line": 29,
        "column": 0,
        "endLine": null,
        "endColumn": null,
        "path": "scripts/demo_env_config.py",
        "symbol": "trailing-whitespace",
        "message": "Trailing whitespace",
        "message-id": "C0303"
    },
    {
        "type": "convention",
        "module": "scripts.demo_env_config",
        "obj": "",
        "line": 33,
        "column": 0,
        "endLine": null,
        "endColumn": null,
        "path": "scripts/demo_env_config.py",
        "symbol": "trailing-whitespace",
        "message": "Trailing whitespace",
        "message-id": "C0303"
    },
    {
        "type": "convention",
        "module": "scripts.demo_env_config",
        "obj": "",
        "line": 36,
        "column": 0,
        "endLine": null,
        "endColumn": null,
        "path": "scripts/demo_env_config.py",
        "symbol": "trailing-whitespace",
        "message": "Trailing whitespace",
        "message-id": "C0303"
    },
    {
        "type": "convention",
        "module": "scripts.demo_env_config",
        "obj": "",
        "line": 40,
        "column": 0,
        "endLine": null,
        "endColumn": null,
        "path": "scripts/demo_env_config.py",
        "symbol": "trailing-whitespace",
        "message": "Trailing whitespace",
        "message-id": "C0303"
    },
    {
        "type": "convention",
        "module": "scripts.demo_env_config",
        "obj": "",
        "line": 47,
        "column": 0,
        "endLine": null,
        "endColumn": null,
        "path": "scripts/demo_env_config.py",
        "symbol": "trailing-whitespace",
        "message": "Trailing whitespace",
        "message-id": "C0303"
    },
    {
        "type": "convention",
        "module": "scripts.demo_env_config",
        "obj": "",
        "line": 55,
        "column": 0,
        "endLine": null,
        "endColumn": null,
        "path": "scripts/demo_env_config.py",
        "symbol": "trailing-whitespace",
        "message": "Trailing whitespace",
        "message-id": "C0303"
    },
    {
        "type": "convention",
        "module": "scripts.demo_env_config",
        "obj": "",
        "line": 57,
        "column": 0,
        "endLine": null,
        "endColumn": null,
        "path": "scripts/demo_env_config.py",
        "symbol": "trailing-whitespace",
        "message": "Trailing whitespace",
        "message-id": "C0303"
    },
    {
        "type": "convention",
        "module": "scripts.demo_env_config",
        "obj": "",
        "line": 67,
        "column": 0,
        "endLine": null,
        "endColumn": null,
        "path": "scripts/demo_env_config.py",
        "symbol": "trailing-whitespace",
        "message": "Trailing whitespace",
        "message-id": "C0303"
    },
    {
        "type": "convention",
        "module": "scripts.demo_env_config",
        "obj": "",
        "line": 69,
        "column": 0,
        "endLine": null,
        "endColumn": null,
        "path": "scripts/demo_env_config.py",
        "symbol": "trailing-whitespace",
        "message": "Trailing whitespace",
        "message-id": "C0303"
    },
    {
        "type": "convention",
        "module": "scripts.demo_env_config",
        "obj": "",
        "line": 87,
        "column": 0,
        "endLine": null,
        "endColumn": null,
        "path": "scripts/demo_env_config.py",
        "symbol": "trailing-whitespace",
        "message": "Trailing whitespace",
        "message-id": "C0303"
    },
    {
        "type": "convention",
        "module": "scripts.demo_env_config",
        "obj": "",
        "line": 104,
        "column": 0,
        "endLine": null,
        "endColumn": null,
        "path": "scripts/demo_env_config.py",
        "symbol": "trailing-whitespace",
        "message": "Trailing whitespace",
        "message-id": "C0303"
    },
    {
        "type": "convention",
        "module": "scripts.demo_env_config",
        "obj": "",
        "line": 121,
        "column": 0,
        "endLine": null,
        "endColumn": null,
        "path": "scripts/demo_env_config.py",
        "symbol": "trailing-whitespace",
        "message": "Trailing whitespace",
        "message-id": "C0303"
    },
    {
        "type": "convention",
        "module": "scripts.demo_env_config",
        "obj": "",
        "line": 128,
        "column": 0,
        "endLine": null,
        "endColumn": null,
        "path": "scripts/demo_env_config.py",
        "symbol": "trailing-whitespace",
        "message": "Trailing whitespace",
        "message-id": "C0303"
    },
    {
        "type": "convention",
        "module": "scripts.demo_env_config",
        "obj": "",
        "line": 130,
        "column": 0,
        "endLine": null,
        "endColumn": null,
        "path": "scripts/demo_env_config.py",
        "symbol": "trailing-whitespace",
        "message": "Trailing whitespace",
        "message-id": "C0303"
    },
    {
        "type": "convention",
        "module": "scripts.demo_env_config",
        "obj": "",
        "line": 138,
        "column": 0,
        "endLine": null,
        "endColumn": null,
        "path": "scripts/demo_env_config.py",
        "symbol": "trailing-whitespace",
        "message": "Trailing whitespace",
        "message-id": "C0303"
    },
    {
        "type": "convention",
        "module": "scripts.demo_env_config",
        "obj": "",
        "line": 146,
        "column": 0,
        "endLine": null,
        "endColumn": null,
        "path": "scripts/demo_env_config.py",
        "symbol": "trailing-whitespace",
        "message": "Trailing whitespace",
        "message-id": "C0303"
    },
    {
        "type": "convention",
        "module": "scripts.demo_env_config",
        "obj": "",
        "line": 149,
        "column": 0,
        "endLine": null,
        "endColumn": null,
        "path": "scripts/demo_env_config.py",
        "symbol": "trailing-whitespace",
        "message": "Trailing whitespace",
        "message-id": "C0303"
    },
    {
        "type": "convention",
        "module": "scripts.demo_env_config",
        "obj": "",
        "line": 153,
        "column": 0,
        "endLine": null,
        "endColumn": null,
        "path": "scripts/demo_env_config.py",
        "symbol": "trailing-whitespace",
        "message": "Trailing whitespace",
        "message-id": "C0303"
    },
    {
        "type": "convention",
        "module": "scripts.demo_env_config",
        "obj": "",
        "line": 158,
        "column": 0,
        "endLine": null,
        "endColumn": null,
        "path": "scripts/demo_env_config.py",
        "symbol": "trailing-whitespace",
        "message": "Trailing whitespace",
        "message-id": "C0303"
    },
    {
        "type": "convention",
        "module": "scripts.demo_env_config",
        "obj": "",
        "line": 163,
        "column": 0,
        "endLine": null,
        "endColumn": null,
        "path": "scripts/demo_env_config.py",
        "symbol": "trailing-whitespace",
        "message": "Trailing whitespace",
        "message-id": "C0303"
    },
    {
        "type": "convention",
        "module": "scripts.demo_env_config",
        "obj": "",
        "line": 167,
        "column": 0,
        "endLine": null,
        "endColumn": null,
        "path": "scripts/demo_env_config.py",
        "symbol": "trailing-whitespace",
        "message": "Trailing whitespace",
        "message-id": "C0303"
    },
    {
        "type": "convention",
        "module": "scripts.demo_env_config",
        "obj": "",
        "line": 170,
        "column": 0,
        "endLine": null,
        "endColumn": null,
        "path": "scripts/demo_env_config.py",
        "symbol": "trailing-whitespace",
        "message": "Trailing whitespace",
        "message-id": "C0303"
    },
    {
        "type": "convention",
        "module": "scripts.demo_env_config",
        "obj": "",
        "line": 174,
        "column": 0,
        "endLine": null,
        "endColumn": null,
        "path": "scripts/demo_env_config.py",
        "symbol": "trailing-whitespace",
        "message": "Trailing whitespace",
        "message-id": "C0303"
    },
    {
        "type": "convention",
        "module": "scripts.demo_env_config",
        "obj": "",
        "line": 177,
        "column": 0,
        "endLine": null,
        "endColumn": null,
        "path": "scripts/demo_env_config.py",
        "symbol": "trailing-whitespace",
        "message": "Trailing whitespace",
        "message-id": "C0303"
    },
    {
        "type": "convention",
        "module": "scripts.demo_env_config",
        "obj": "",
        "line": 183,
        "column": 0,
        "endLine": null,
        "endColumn": null,
        "path": "scripts/demo_env_config.py",
        "symbol": "trailing-whitespace",
        "message": "Trailing whitespace",
        "message-id": "C0303"
    },
    {
        "type": "convention",
        "module": "scripts.demo_env_config",
        "obj": "",
        "line": 189,
        "column": 0,
        "endLine": null,
        "endColumn": null,
        "path": "scripts/demo_env_config.py",
        "symbol": "trailing-whitespace",
        "message": "Trailing whitespace",
        "message-id": "C0303"
    },
    {
        "type": "convention",
        "module": "scripts.demo_env_config",
        "obj": "",
        "line": 192,
        "column": 0,
        "endLine": null,
        "endColumn": null,
        "path": "scripts/demo_env_config.py",
        "symbol": "trailing-whitespace",
        "message": "Trailing whitespace",
        "message-id": "C0303"
    },
    {
        "type": "convention",
        "module": "scripts.demo_env_config",
        "obj": "",
        "line": 196,
        "column": 0,
        "endLine": null,
        "endColumn": null,
        "path": "scripts/demo_env_config.py",
        "symbol": "trailing-whitespace",
        "message": "Trailing whitespace",
        "message-id": "C0303"
    },
    {
        "type": "convention",
        "module": "scripts.demo_env_config",
        "obj": "",
        "line": 199,
        "column": 0,
        "endLine": null,
        "endColumn": null,
        "path": "scripts/demo_env_config.py",
        "symbol": "trailing-whitespace",
        "message": "Trailing whitespace",
        "message-id": "C0303"
    },
    {
        "type": "convention",
        "module": "scripts.demo_env_config",
        "obj": "",
        "line": 206,
        "column": 0,
        "endLine": null,
        "endColumn": null,
        "path": "scripts/demo_env_config.py",
        "symbol": "trailing-whitespace",
        "message": "Trailing whitespace",
        "message-id": "C0303"
    },
    {
        "type": "convention",
        "module": "scripts.demo_env_config",
        "obj": "",
        "line": 210,
        "column": 0,
        "endLine": null,
        "endColumn": null,
        "path": "scripts/demo_env_config.py",
        "symbol": "trailing-whitespace",
        "message": "Trailing whitespace",
        "message-id": "C0303"
    },
    {
        "type": "warning",
        "module": "scripts.demo_env_config",
        "obj": "demo_env_config",
        "line": 23,
        "column": 8,
        "endLine": 23,
        "endColumn": 73,
        "path": "scripts/demo_env_config.py",
        "symbol": "unused-import",
        "message": "Unused reload_config imported from Oraculo.core.env_config",
        "message-id": "W0611"
    },
    {
        "type": "warning",
        "module": "scripts.demo_env_config",
        "obj": "demo_env_config",
        "line": 24,
        "column": 8,
        "endLine": 24,
        "endColumn": 84,
        "path": "scripts/demo_env_config.py",
        "symbol": "unused-import",
        "message": "Unused ParallelConfig imported from Oraculo.core.parallel_engine",
        "message-id": "W0611"
    },
    {
        "type": "warning",
        "module": "scripts.fetch_results",
        "obj": "",
        "line": 4,
        "column": 0,
        "endLine": 4,
        "endColumn": 10,
        "path": "scripts/fetch_results.py",
        "symbol": "unused-import",
        "message": "Unused import sys",
        "message-id": "W0611"
    },
    {
        "type": "convention",
        "module": "scripts.generate_html",
        "obj": "",
        "line": 104,
        "column": 0,
        "endLine": null,
        "endColumn": null,
        "path": "scripts/generate_html.py",
        "symbol": "trailing-whitespace",
        "message": "Trailing whitespace",
        "message-id": "C0303"
    },
    {
        "type": "convention",
        "module": "scripts.generate_html",
        "obj": "",
        "line": 109,
        "column": 0,
        "endLine": null,
        "endColumn": null,
        "path": "scripts/generate_html.py",
        "symbol": "trailing-whitespace",
        "message": "Trailing whitespace",
        "message-id": "C0303"
    },
    {
        "type": "convention",
        "module": "scripts.generate_html",
        "obj": "",
        "line": 213,
        "column": 0,
        "endLine": null,
        "endColumn": null,
        "path": "scripts/generate_html.py",
        "symbol": "trailing-whitespace",
        "message": "Trailing whitespace",
        "message-id": "C0303"
    },
    {
        "type": "convention",
        "module": "scripts.generate_html",
        "obj": "",
        "line": 224,
        "column": 0,
        "endLine": null,
        "endColumn": null,
        "path": "scripts/generate_html.py",
        "symbol": "trailing-whitespace",
        "message": "Trailing whitespace",
        "message-id": "C0303"
    },
    {
        "type": "convention",
        "module": "scripts.generate_html",
        "obj": "",
        "line": 307,
        "column": 0,
        "endLine": null,
        "endColumn": null,
        "path": "scripts/generate_html.py",
        "symbol": "trailing-whitespace",
        "message": "Trailing whitespace",
        "message-id": "C0303"
    },
    {
        "type": "convention",
        "module": "scripts.generate_html",
        "obj": "",
        "line": 310,
        "column": 0,
        "endLine": null,
        "endColumn": null,
        "path": "scripts/generate_html.py",
        "symbol": "trailing-whitespace",
        "message": "Trailing whitespace",
        "message-id": "C0303"
    },
    {
        "type": "convention",
        "module": "scripts.generate_html",
        "obj": "",
        "line": 322,
        "column": 0,
        "endLine": null,
        "endColumn": null,
        "path": "scripts/generate_html.py",
        "symbol": "trailing-whitespace",
        "message": "Trailing whitespace",
        "message-id": "C0303"
    },
    {
        "type": "convention",
        "module": "scripts.generate_html",
        "obj": "",
        "line": 338,
        "column": 0,
        "endLine": null,
        "endColumn": null,
        "path": "scripts/generate_html.py",
        "symbol": "trailing-whitespace",
        "message": "Trailing whitespace",
        "message-id": "C0303"
    },
    {
        "type": "convention",
        "module": "scripts.generate_html",
        "obj": "",
        "line": 343,
        "column": 0,
        "endLine": null,
        "endColumn": null,
        "path": "scripts/generate_html.py",
        "symbol": "trailing-whitespace",
        "message": "Trailing whitespace",
        "message-id": "C0303"
    },
    {
        "type": "convention",
        "module": "scripts.generate_html",
        "obj": "",
        "line": 357,
        "column": 0,
        "endLine": null,
        "endColumn": null,
        "path": "scripts/generate_html.py",
        "symbol": "trailing-whitespace",
        "message": "Trailing whitespace",
        "message-id": "C0303"
    },
    {
        "type": "convention",
        "module": "scripts.generate_html",
        "obj": "",
        "line": 372,
        "column": 0,
        "endLine": null,
        "endColumn": null,
        "path": "scripts/generate_html.py",
        "symbol": "trailing-whitespace",
        "message": "Trailing whitespace",
        "message-id": "C0303"
    },
    {
        "type": "convention",
        "module": "scripts.generate_html",
        "obj": "",
        "line": 383,
        "column": 0,
        "endLine": null,
        "endColumn": null,
        "path": "scripts/generate_html.py",
        "symbol": "trailing-whitespace",
        "message": "Trailing whitespace",
        "message-id": "C0303"
    },
    {
        "type": "convention",
        "module": "scripts.generate_html",
        "obj": "",
        "line": 395,
        "column": 0,
        "endLine": null,
        "endColumn": null,
        "path": "scripts/generate_html.py",
        "symbol": "trailing-whitespace",
        "message": "Trailing whitespace",
        "message-id": "C0303"
    },
    {
        "type": "convention",
        "module": "scripts.generate_html",
        "obj": "",
        "line": 397,
        "column": 0,
        "endLine": null,
        "endColumn": null,
        "path": "scripts/generate_html.py",
        "symbol": "trailing-whitespace",
        "message": "Trailing whitespace",
        "message-id": "C0303"
    },
    {
        "type": "convention",
        "module": "scripts.quick_calibrate",
        "obj": "",
        "line": 17,
        "column": 0,
        "endLine": null,
        "endColumn": null,
        "path": "scripts/quick_calibrate.py",
        "symbol": "trailing-whitespace",
        "message": "Trailing whitespace",
        "message-id": "C0303"
    },
    {
        "type": "convention",
        "module": "scripts.quick_calibrate",
        "obj": "",
        "line": 19,
        "column": 0,
        "endLine": null,
        "endColumn": null,
        "path": "scripts/quick_calibrate.py",
        "symbol": "trailing-whitespace",
        "message": "Trailing whitespace",
        "message-id": "C0303"
    },
    {
        "type": "convention",
        "module": "scripts.quick_calibrate",
        "obj": "",
        "line": 22,
        "column": 0,
        "endLine": null,
        "endColumn": null,
        "path": "scripts/quick_calibrate.py",
        "symbol": "trailing-whitespace",
        "message": "Trailing whitespace",
        "message-id": "C0303"
    },
    {
        "type": "convention",
        "module": "scripts.quick_calibrate",
        "obj": "",
        "line": 26,
        "column": 0,
        "endLine": null,
        "endColumn": null,
        "path": "scripts/quick_calibrate.py",
        "symbol": "trailing-whitespace",
        "message": "Trailing whitespace",
        "message-id": "C0303"
    },
    {
        "type": "convention",
        "module": "scripts.quick_calibrate",
        "obj": "",
        "line": 29,
        "column": 0,
        "endLine": null,
        "endColumn": null,
        "path": "scripts/quick_calibrate.py",
        "symbol": "trailing-whitespace",
        "message": "Trailing whitespace",
        "message-id": "C0303"
    },
    {
        "type": "convention",
        "module": "scripts.quick_calibrate",
        "obj": "",
        "line": 41,
        "column": 0,
        "endLine": null,
        "endColumn": null,
        "path": "scripts/quick_calibrate.py",
        "symbol": "trailing-whitespace",
        "message": "Trailing whitespace",
        "message-id": "C0303"
    },
    {
        "type": "convention",
        "module": "scripts.quick_calibrate",
        "obj": "",
        "line": 51,
        "column": 0,
        "endLine": null,
        "endColumn": null,
        "path": "scripts/quick_calibrate.py",
        "symbol": "trailing-whitespace",
        "message": "Trailing whitespace",
        "message-id": "C0303"
    },
    {
        "type": "convention",
        "module": "scripts.quick_calibrate",
        "obj": "",
        "line": 55,
        "column": 0,
        "endLine": null,
        "endColumn": null,
        "path": "scripts/quick_calibrate.py",
        "symbol": "trailing-whitespace",
        "message": "Trailing whitespace",
        "message-id": "C0303"
    },
    {
        "type": "convention",
        "module": "scripts.quick_calibrate",
        "obj": "",
        "line": 57,
        "column": 0,
        "endLine": null,
        "endColumn": null,
        "path": "scripts/quick_calibrate.py",
        "symbol": "trailing-whitespace",
        "message": "Trailing whitespace",
        "message-id": "C0303"
    },
    {
        "type": "warning",
        "module": "scripts.quick_calibrate",
        "obj": "quick_calibrate",
        "line": 49,
        "column": 12,
        "endLine": 50,
        "endColumn": 20,
        "path": "scripts/quick_calibrate.py",
        "symbol": "bare-except",
        "message": "No exception type(s) specified",
        "message-id": "W0702"
    },
    {
        "type": "convention",
        "module": "scripts.test_fast_ci",
        "obj": "",
        "line": 11,
        "column": 0,
        "endLine": null,
        "endColumn": null,
        "path": "scripts/test_fast_ci.py",
        "symbol": "trailing-whitespace",
        "message": "Trailing whitespace",
        "message-id": "C0303"
    },
    {
        "type": "convention",
        "module": "scripts.test_fast_ci",
        "obj": "",
        "line": 13,
        "column": 0,
        "endLine": null,
        "endColumn": null,
        "path": "scripts/test_fast_ci.py",
        "symbol": "trailing-whitespace",
        "message": "Trailing whitespace",
        "message-id": "C0303"
    },
    {
        "type": "convention",
        "module": "scripts.test_fast_ci",
        "obj": "",
        "line": 16,
        "column": 0,
        "endLine": null,
        "endColumn": null,
        "path": "scripts/test_fast_ci.py",
        "symbol": "trailing-whitespace",
        "message": "Trailing whitespace",
        "message-id": "C0303"
    },
    {
        "type": "convention",
        "module": "scripts.test_fast_ci",
        "obj": "",
        "line": 30,
        "column": 0,
        "endLine": null,
        "endColumn": null,
        "path": "scripts/test_fast_ci.py",
        "symbol": "trailing-whitespace",
        "message": "Trailing whitespace",
        "message-id": "C0303"
    },
    {
        "type": "convention",
        "module": "scripts.test_fast_ci",
        "obj": "",
        "line": 36,
        "column": 0,
        "endLine": null,
        "endColumn": null,
        "path": "scripts/test_fast_ci.py",
        "symbol": "trailing-whitespace",
        "message": "Trailing whitespace",
        "message-id": "C0303"
    },
    {
        "type": "convention",
        "module": "scripts.test_fast_ci",
        "obj": "",
        "line": 41,
        "column": 0,
        "endLine": null,
        "endColumn": null,
        "path": "scripts/test_fast_ci.py",
        "symbol": "trailing-whitespace",
        "message": "Trailing whitespace",
        "message-id": "C0303"
    },
    {
        "type": "convention",
        "module": "scripts.test_fast_ci",
        "obj": "",
        "line": 55,
        "column": 0,
        "endLine": null,
        "endColumn": null,
        "path": "scripts/test_fast_ci.py",
        "symbol": "trailing-whitespace",
        "message": "Trailing whitespace",
        "message-id": "C0303"
    },
    {
        "type": "convention",
        "module": "scripts.test_fast_ci",
        "obj": "",
        "line": 61,
        "column": 0,
        "endLine": null,
        "endColumn": null,
        "path": "scripts/test_fast_ci.py",
        "symbol": "trailing-whitespace",
        "message": "Trailing whitespace",
        "message-id": "C0303"
    },
    {
        "type": "convention",
        "module": "scripts.test_fast_ci",
        "obj": "",
        "line": 66,
        "column": 0,
        "endLine": null,
        "endColumn": null,
        "path": "scripts/test_fast_ci.py",
        "symbol": "trailing-whitespace",
        "message": "Trailing whitespace",
        "message-id": "C0303"
    },
    {
        "type": "convention",
        "module": "scripts.test_parallel",
        "obj": "",
        "line": 17,
        "column": 0,
        "endLine": null,
        "endColumn": null,
        "path": "scripts/test_parallel.py",
        "symbol": "trailing-whitespace",
        "message": "Trailing whitespace",
        "message-id": "C0303"
    },
    {
        "type": "convention",
        "module": "scripts.test_parallel",
        "obj": "",
        "line": 20,
        "column": 0,
        "endLine": null,
        "endColumn": null,
        "path": "scripts/test_parallel.py",
        "symbol": "trailing-whitespace",
        "message": "Trailing whitespace",
        "message-id": "C0303"
    },
    {
        "type": "convention",
        "module": "scripts.test_parallel",
        "obj": "",
        "line": 27,
        "column": 0,
        "endLine": null,
        "endColumn": null,
        "path": "scripts/test_parallel.py",
        "symbol": "trailing-whitespace",
        "message": "Trailing whitespace",
        "message-id": "C0303"
    },
    {
        "type": "convention",
        "module": "scripts.test_parallel",
        "obj": "",
        "line": 32,
        "column": 0,
        "endLine": null,
        "endColumn": null,
        "path": "scripts/test_parallel.py",
        "symbol": "trailing-whitespace",
        "message": "Trailing whitespace",
        "message-id": "C0303"
    },
    {
        "type": "convention",
        "module": "scripts.test_parallel",
        "obj": "",
        "line": 39,
        "column": 0,
        "endLine": null,
        "endColumn": null,
        "path": "scripts/test_parallel.py",
        "symbol": "trailing-whitespace",
        "message": "Trailing whitespace",
        "message-id": "C0303"
    },
    {
        "type": "convention",
        "module": "scripts.test_parallel",
        "obj": "",
        "line": 46,
        "column": 0,
        "endLine": null,
        "endColumn": null,
        "path": "scripts/test_parallel.py",
        "symbol": "trailing-whitespace",
        "message": "Trailing whitespace",
        "message-id": "C0303"
    },
    {
        "type": "convention",
        "module": "scripts.test_parallel",
        "obj": "",
        "line": 52,
        "column": 0,
        "endLine": null,
        "endColumn": null,
        "path": "scripts/test_parallel.py",
        "symbol": "trailing-whitespace",
        "message": "Trailing whitespace",
        "message-id": "C0303"
    },
    {
        "type": "convention",
        "module": "scripts.test_parallel",
        "obj": "",
        "line": 56,
        "column": 0,
        "endLine": null,
        "endColumn": null,
        "path": "scripts/test_parallel.py",
        "symbol": "trailing-whitespace",
        "message": "Trailing whitespace",
        "message-id": "C0303"
    },
    {
        "type": "convention",
        "module": "scripts.test_parallel",
        "obj": "",
        "line": 60,
        "column": 0,
        "endLine": null,
        "endColumn": null,
        "path": "scripts/test_parallel.py",
        "symbol": "trailing-whitespace",
        "message": "Trailing whitespace",
        "message-id": "C0303"
    },
    {
        "type": "convention",
        "module": "scripts.test_parallel",
        "obj": "",
        "line": 63,
        "column": 0,
        "endLine": null,
        "endColumn": null,
        "path": "scripts/test_parallel.py",
        "symbol": "trailing-whitespace",
        "message": "Trailing whitespace",
        "message-id": "C0303"
    },
    {
        "type": "convention",
        "module": "scripts.test_parallel",
        "obj": "",
        "line": 66,
        "column": 0,
        "endLine": null,
        "endColumn": null,
        "path": "scripts/test_parallel.py",
        "symbol": "trailing-whitespace",
        "message": "Trailing whitespace",
        "message-id": "C0303"
    },
    {
        "type": "warning",
        "module": "scripts.test_parallel",
        "obj": "test_parallel_system",
        "line": 19,
        "column": 8,
        "endLine": 19,
        "endColumn": 84,
        "path": "scripts/test_parallel.py",
        "symbol": "unused-import",
        "message": "Unused ParallelConfig imported from Oraculo.core.parallel_engine",
        "message-id": "W0611"
    }
]
