2025/09/30 21:18:24 Running all configured tools...
2025/09/30 21:18:24 Running tools for the specified file(s)...
2025/09/30 21:18:24 Running lizard...
================================================
  NLOC    CCN   token  PARAM  length  location  
------------------------------------------------
       3      1     23      3       3 __init__@22-24@./examples/parallel_examples.py
      10      3     77      4      10 parallel_predict@26-35@./examples/parallel_examples.py
      10      3     82      3      10 parallel_train@37-46@./examples/parallel_examples.py
       2      2     20      2       2 get_parallel_engine@48-49@./examples/parallel_examples.py
       2      1      5      0       2 reset_parallel_engines@51-52@./examples/parallel_examples.py
       2      1      6      0       2 is_parallel_enabled@56-57@./examples/parallel_examples.py
      12      3     65      0      26 configure_parallel_environment@59-84@./examples/parallel_examples.py
       4      1     37      1       4 example_parallel_predictions.mock_predict_bayesian@95-98@./examples/parallel_examples.py
       4      1     37      1       4 example_parallel_predictions.mock_predict_neural@100-103@./examples/parallel_examples.py
       4      1     37      1       4 example_parallel_predictions.mock_predict_monte_carlo@105-108@./examples/parallel_examples.py
       2      1     24      4       2 example_parallel_predictions.progress_callback@124-125@./examples/parallel_examples.py
      25      3    118      0      53 example_parallel_predictions@87-139@./examples/parallel_examples.py
       4      1     41      3       4 example_parallel_training.train_model_a@150-153@./examples/parallel_examples.py
       4      1     41      3       4 example_parallel_training.train_model_b@155-158@./examples/parallel_examples.py
       4      1     35      2       4 example_parallel_training.train_model_c@160-163@./examples/parallel_examples.py
       3      2     27      4       3 example_parallel_training.training_progress@191-193@./examples/parallel_examples.py
      38      3    185      0      65 example_parallel_training@142-206@./examples/parallel_examples.py
       3      1     27      2       3 benchmark_performance.heavy_computation@219-221@./examples/parallel_examples.py
      35      5    221      0      56 benchmark_performance@209-264@./examples/parallel_examples.py
      24      1    134      0      38 configuration_examples@267-304@./examples/parallel_examples.py
      14      1     54      0      22 main@307-328@./examples/parallel_examples.py
       7      2     76      3      17 __init__@11-27@./Oraculo/common/models/bayesian.py
      12      4    100      2      23 update_priors@29-51@./Oraculo/common/models/bayesian.py
      14      2     63      1      18 calculate_number_probabilities@53-70@./Oraculo/common/models/bayesian.py
      19      2    110      2      23 calculate_credible_intervals@72-94@./Oraculo/common/models/bayesian.py
      25      6    163      2      35 generate_prediction_mcmc@96-130@./Oraculo/common/models/bayesian.py
      11      2     64      1      14 generate_prediction_map@132-145@./Oraculo/common/models/bayesian.py
      14      2     68      1      19 calculate_model_evidence@147-165@./Oraculo/common/models/bayesian.py
      18      1     63      1      19 predict_with_uncertainty@167-185@./Oraculo/common/models/bayesian.py
       4      2     29      2      10 predict_next_game@188-197@./Oraculo/common/models/bayesian.py
      31     12    213      1      40 analyze_historical_patterns@199-238@./Oraculo/common/models/bayesian.py
       5      3     50      1       5 carregar_dados@242-246@./Oraculo/common/models/bayesian.py
      16      1     69      3      27 gerar_predicao_bayesiana@249-275@./Oraculo/common/models/bayesian.py
       4      4     45      1       4 carregar_dados@5-8@./Oraculo/common/models/beam_search.py
       4      3     26      1       4 calcular_frequencia@10-13@./Oraculo/common/models/beam_search.py
       2      2     23      2       2 score_combination@15-16@./Oraculo/common/models/beam_search.py
       7      3     94      3      13 beam_search@18-30@./Oraculo/common/models/beam_search.py
       2      3     40      1       2 initialize_population@9-10@./Oraculo/common/models/evolutionary.py
       6      2     65      2       6 evaluate_fitness@13-18@./Oraculo/common/models/evolutionary.py
       6      3     60      2       6 mutate@21-26@./Oraculo/common/models/evolutionary.py
       3      1     46      2       3 crossover@29-31@./Oraculo/common/models/evolutionary.py
      14      3    180      3      19 evolve_population@34-52@./Oraculo/common/models/evolutionary.py
       9      4     69      1      11 calculate_frequency_by_column@5-15@./Oraculo/common/models/frequency.py
      12      3     64      1      14 normalize_frequency@18-31@./Oraculo/common/models/frequency.py
       4      4     45      1       4 carregar_dados@5-8@./Oraculo/common/models/markov.py
      13      5    107      1      14 construir_matriz_transicao@10-23@./Oraculo/common/models/markov.py
      16      7    129      3      16 prever_proximas@25-40@./Oraculo/common/models/markov.py
       4      1     33      1       4 gerar_palpite@42-45@./Oraculo/common/models/markov.py
      25      4    145      3      37 __init__@19-55@./Oraculo/common/models/monte_carlo.py
       3      1     26      2       4 load_historical_data@57-60@./Oraculo/common/models/monte_carlo.py
       2      1     22      2       3 set_historical_data@62-64@./Oraculo/common/models/monte_carlo.py
      35     16    312      1      50 _analyze_patterns@66-115@./Oraculo/common/models/monte_carlo.py
       3      1     27      1       3 sample_uniform@117-119@./Oraculo/common/models/monte_carlo.py
      12      3     91      1      13 sample_frequency_weighted@121-133@./Oraculo/common/models/monte_carlo.py
      13      4    113      1      14 sample_inverse_frequency@135-148@./Oraculo/common/models/monte_carlo.py
      12      3     93      1      13 sample_recency_weighted@150-162@./Oraculo/common/models/monte_carlo.py
      20     11    224      1      31 sample_pattern_based@164-194@./Oraculo/common/models/monte_carlo.py
      21     10    207      1      37 sample_gaussian_kernel@196-232@./Oraculo/common/models/monte_carlo.py
      46     13    269      2      63 run_monte_carlo_simulation@234-296@./Oraculo/common/models/monte_carlo.py
      20      3     76      1      24 run_ensemble_simulation@298-321@./Oraculo/common/models/monte_carlo.py
       4      2     40      4       4 _run_ensemble_parallel.progress_callback@342-345@./Oraculo/common/models/monte_carlo.py
      31      4    166      1      45 _run_ensemble_parallel@323-367@./Oraculo/common/models/monte_carlo.py
      11      2     68      1      15 _run_ensemble_sequential@369-383@./Oraculo/common/models/monte_carlo.py
       6      1     49      3       8 _run_strategy_worker@386-393@./Oraculo/common/models/monte_carlo.py
      18      5    135      3      24 _combine_ensemble_results@395-418@./Oraculo/common/models/monte_carlo.py
      37     10    229      3      45 analyze_convergence@420-464@./Oraculo/common/models/monte_carlo.py
       5      3     50      1       5 carregar_dados@467-471@./Oraculo/common/models/monte_carlo.py
      21      2     66      3      23 gerar_predicao_monte_carlo@474-496@./Oraculo/common/models/monte_carlo.py
       4      4     45      1       4 carregar_dados@6-9@./Oraculo/common/models/mutation.py
       6      4     57      1       6 calcular_probabilidades@12-17@./Oraculo/common/models/mutation.py
      21     15    219      3      22 mutar@20-41@./Oraculo/common/models/mutation.py
       2      2     35      2       2 gerar_populacao_base@44-45@./Oraculo/common/models/mutation.py
       5      2     49      3       5 gerar_mutacoes@48-52@./Oraculo/common/models/mutation.py
      26      4    227      2      39 __init__@31-69@./Oraculo/common/models/neural_ensemble.py
      57     24    404      3      78 extract_features@71-148@./Oraculo/common/models/neural_ensemble.py
      19      4     91      3      22 prepare_targets@150-171@./Oraculo/common/models/neural_ensemble.py
      27     12    248      3      46 train@173-218@./Oraculo/common/models/neural_ensemble.py
       4      3     41      4       4 _train_parallel.progress_callback@240-243@./Oraculo/common/models/neural_ensemble.py
      40      5    258      3      56 _train_parallel@220-275@./Oraculo/common/models/neural_ensemble.py
      24      4    190      3      32 _train_sequential@277-308@./Oraculo/common/models/neural_ensemble.py
      31      5    254      4      50 _train_single_model@311-360@./Oraculo/common/models/neural_ensemble.py
      52     22    452      3      79 predict_probabilities@362-440@./Oraculo/common/models/neural_ensemble.py
      32      8    218      4      46 generate_prediction@442-487@./Oraculo/common/models/neural_ensemble.py
       3      1     53      3       7 train_and_predict@490-496@./Oraculo/common/models/neural_ensemble.py
       5      3     50      1       5 carregar_dados@503-507@./Oraculo/common/models/neural_ensemble.py
      13      1     31      1      14 gerar_predicao_neural_ensemble@510-523@./Oraculo/common/models/neural_ensemble.py
       5      4     53      1       5 carregar_dados@5-9@./Oraculo/common/models/poisson.py
       4      1     28      1       4 calcular_frequencias@12-15@./Oraculo/common/models/poisson.py
       4      2     44      1       4 ajustar_poisson@18-21@./Oraculo/common/models/poisson.py
       8      2     68      3       8 gerar_tabela_probabilidades@24-31@./Oraculo/common/models/poisson.py
       8      2     89      2      10 gerar_combinacao_poisson@34-43@./Oraculo/common/models/poisson.py
       9      1     65      2      17 __init__@15-31@./Oraculo/common/models/time_series.py
       4      1     31      2       5 load_historical_data@33-37@./Oraculo/common/models/time_series.py
      21     12    233      1      35 _prepare_time_series@39-73@./Oraculo/common/models/time_series.py
      23      4    249      1      37 _decompose_time_series@75-111@./Oraculo/common/models/time_series.py
      11      4    111      3      14 calculate_autocorrelation@113-126@./Oraculo/common/models/time_series.py
      21      9    213      3      34 detect_cycles@128-161@./Oraculo/common/models/time_series.py
      17      5    150      1      24 predict_trend_continuation@163-186@./Oraculo/common/models/time_series.py
      11      3     72      1      15 predict_seasonal_component@188-202@./Oraculo/common/models/time_series.py
      14      4    129      2      21 predict_mean_reversion@204-224@./Oraculo/common/models/time_series.py
      14      4    140      2      21 predict_momentum@226-246@./Oraculo/common/models/time_series.py
      60     11    398      2      75 generate_ensemble_prediction@248-322@./Oraculo/common/models/time_series.py
      26      4    169      1      36 analyze_stationarity@324-359@./Oraculo/common/models/time_series.py
      11      1     57      1      11 predict_next_game@362-372@./Oraculo/common/models/time_series.py
       5      3     50      1       5 carregar_dados@378-382@./Oraculo/common/models/time_series.py
      19      1     72      3      23 gerar_predicao_time_series@385-407@./Oraculo/common/models/time_series.py
      18      6    125      1      19 _get_predictor_and_config@35-53@./Oraculo/core/auto_calibrator.py
       9     10    119      4      10 _score_prediction@56-65@./Oraculo/core/auto_calibrator.py
      47     22    411      2      64 backtest_models@68-131@./Oraculo/core/auto_calibrator.py
       7      3     54      1       9 _parse_date_str@134-142@./Oraculo/core/auto_calibrator.py
       6      4     47      1       7 _get_date_column@145-151@./Oraculo/core/auto_calibrator.py
      17     16    203      3      20 _extract_actual_numbers@154-173@./Oraculo/core/auto_calibrator.py
       6      2     46      1       7 online_models._parse_ts_from_name@193-199@./Oraculo/core/auto_calibrator.py
      51     17    493      2      69 online_models@176-244@./Oraculo/core/auto_calibrator.py
      15      5    166      4      17 hybrid_weights@247-263@./Oraculo/core/auto_calibrator.py
      17      2    175      3      18 save_weights@266-283@./Oraculo/core/auto_calibrator.py
      13      3    147      5      13 calibrate_and_save@286-298@./Oraculo/core/auto_calibrator.py
       3      1     21      3       3 __init__@30-32@./Oraculo/core/base_predictor.py
       2      1     21      2       3 __call__@34-36@./Oraculo/core/base_predictor.py
      33      1    129     10      35 __init__@42-76@./Oraculo/core/base_predictor.py
       3      1     27      1       3 get_number_list@78-80@./Oraculo/core/base_predictor.py
       5      2     42      1       5 get_bonus_list@82-86@./Oraculo/core/base_predictor.py
      16     11    139      3      20 validate_game@88-107@./Oraculo/core/base_predictor.py
      35      7    276      2      48 __init__@113-160@./Oraculo/core/base_predictor.py
       8      2     49      1       8 load_data@162-169@./Oraculo/core/base_predictor.py
       3      1     24      2       3 _parse_data@172-174@./Oraculo/core/base_predictor.py
      13      2     84      2      15 _generate_synthetic_data@176-190@./Oraculo/core/base_predictor.py
       6      2     50      2       8 run_all_models@192-199@./Oraculo/core/base_predictor.py
       6      2     49      4       6 _run_models_parallel.progress_callback@218-223@./Oraculo/core/base_predictor.py
      22      6    147      2      40 _run_models_parallel@201-240@./Oraculo/core/base_predictor.py
      15      5    105      2      19 _run_models_sequential@242-260@./Oraculo/core/base_predictor.py
       3      1     34      3       3 _run_model@263-265@./Oraculo/core/base_predictor.py
      32     13    272      2      45 combine_predictions@267-311@./Oraculo/core/base_predictor.py
      35      4    309      3      47 save_predictions@313-359@./Oraculo/core/base_predictor.py
      18      7    129      2      20 _serialize_prediction@361-380@./Oraculo/core/base_predictor.py
      17      3     93      1      29 run_complete_analysis@382-410@./Oraculo/core/base_predictor.py
      15      2    123      2      21 display_summary@412-432@./Oraculo/core/base_predictor.py
       6      1     53      2      15 __init__@18-32@./Oraculo/core/env_config.py
      19      5    112      2      23 _find_env_file@34-56@./Oraculo/core/env_config.py
      26     12    194      1      37 _load_env_file@58-94@./Oraculo/core/env_config.py
      15      2     79      1      19 _setup_logging@96-114@./Oraculo/core/env_config.py
       8      2     56      3       8 get_int@116-123@./Oraculo/core/env_config.py
      12      3     91      3      16 get_bool@125-140@./Oraculo/core/env_config.py
       3      1     29      3       3 get_str@142-144@./Oraculo/core/env_config.py
       8      2     58      3       8 get_float@146-153@./Oraculo/core/env_config.py
      17      7    102      1      24 print_config@155-178@./Oraculo/core/env_config.py
      18      7    107      1      26 validate_config@180-205@./Oraculo/core/env_config.py
      14      2     35      1      16 get_env_config@211-226@./Oraculo/core/env_config.py
       4      1     28      1       5 reload_config@228-232@./Oraculo/core/env_config.py
      18      2     46      1      19 get_config@72-90@./Oraculo/core/lottery_configs.py
       3      1     16      0       3 list_supported_lotteries@93-95@./Oraculo/core/lottery_configs.py
       2      1     15      2       8 __init__@27-34@./Oraculo/core/model_adapter.py
      21      3    158      2      36 adapt_bayesian_model@36-71@./Oraculo/core/model_adapter.py
      24      8    173      2      36 adapt_neural_ensemble_model@73-108@./Oraculo/core/model_adapter.py
      19      3    159      2      31 adapt_monte_carlo_model@110-140@./Oraculo/core/model_adapter.py
      17      2    116      2      27 adapt_time_series_model@142-168@./Oraculo/core/model_adapter.py
      23      8    166      2      33 adapt_markov_model@170-202@./Oraculo/core/model_adapter.py
      26      9    233      2      37 adapt_poisson_model@204-240@./Oraculo/core/model_adapter.py
       7      4     62      1       7 adapt_mutation_model.adapt_mutation_model.adapted_gerar_mutacoes.calcular_probabilidades_adapted@249-255@./Oraculo/core/model_adapter.py
       3      2     42      2       3 adapt_mutation_model.adapt_mutation_model.adapted_gerar_mutacoes.gerar_populacao_base_adapted@257-259@./Oraculo/core/model_adapter.py
      18     14    217      3      21 adapt_mutation_model.adapt_mutation_model.adapted_gerar_mutacoes.mutar_adapted@261-281@./Oraculo/core/model_adapter.py
       8      2     55      3      39 adapt_mutation_model.adapted_gerar_mutacoes@248-286@./Oraculo/core/model_adapter.py
      15      3     87      2      59 adapt_mutation_model@242-300@./Oraculo/core/model_adapter.py
      23      9    182      2      31 adapt_beam_search_model@302-332@./Oraculo/core/model_adapter.py
       2      2     54      1       2 get_models_for@77-78@./Oraculo/core/model_registry.py
       5      2     45      3       5 get_int@25-29@./Oraculo/core/parallel_engine.py
       3      1     51      3       3 get_bool@31-33@./Oraculo/core/parallel_engine.py
      18      6    161      3      34 __init__@48-81@./Oraculo/core/parallel_engine.py
      12      2     45      1      15 _get_optimal_workers@83-97@./Oraculo/core/parallel_engine.py
      18      7     87      1      26 get_executor@100-125@./Oraculo/core/parallel_engine.py
      57     13    314      4      76 parallel_predict@127-202@./Oraculo/core/parallel_engine.py
      17      4    132      4      23 _sequential_predict@204-226@./Oraculo/core/parallel_engine.py
      11      2     64      3      13 _safe_predict@229-241@./Oraculo/core/parallel_engine.py
      54     12    292      3      69 parallel_train@243-311@./Oraculo/core/parallel_engine.py
      22      4    140      3      28 _sequential_train@313-340@./Oraculo/core/parallel_engine.py
      11      2     71      4      13 _safe_train@343-355@./Oraculo/core/parallel_engine.py
       3      2     21      0       3 get_max_workers@362-364@./Oraculo/core/parallel_engine.py
       3      1     17      0       3 is_parallel_enabled@367-369@./Oraculo/core/parallel_engine.py
       3      1     16      0       3 use_processes@372-374@./Oraculo/core/parallel_engine.py
       3      1     16      0       3 is_fast_mode@377-379@./Oraculo/core/parallel_engine.py
       6      1     36      0       6 get_timeouts@382-387@./Oraculo/core/parallel_engine.py
       5      2     24      0       6 print_config@390-395@./Oraculo/core/parallel_engine.py
      23      6     82      2      26 get_parallel_engine@402-427@./Oraculo/core/parallel_engine.py
       4      1     15      0       5 reset_parallel_engines@430-434@./Oraculo/core/parallel_engine.py
      20      5     88      0      26 verificar_paths@22-47@./Oraculo/Lotofacil/scripts/benchmark.py
      10      6     71      1      11 parse_date_multi@52-62@./Oraculo/Lotofacil/scripts/benchmark.py
      10      2     60      0      12 load_dataset@65-76@./Oraculo/Lotofacil/scripts/benchmark.py
      12      3     87      1      14 _carregar_arquivo_predicao@78-91@./Oraculo/Lotofacil/scripts/benchmark.py
       6      5     59      2       7 _processar_conteudo_list@93-99@./Oraculo/Lotofacil/scripts/benchmark.py
       9      9    110      2      10 _processar_conteudo_dict@101-110@./Oraculo/Lotofacil/scripts/benchmark.py
      15      5     92      0      20 load_predictions@112-131@./Oraculo/Lotofacil/scripts/benchmark.py
       3      1     23      2       3 comparar@133-135@./Oraculo/Lotofacil/scripts/benchmark.py
      21      8    142      1      28 _processar_concurso_lotofacil@137-164@./Oraculo/Lotofacil/scripts/benchmark.py
       7      4     41      2       8 _filtrar_palpites_validos@166-173@./Oraculo/Lotofacil/scripts/benchmark.py
      12      1     74      2      14 _gerar_registro_lotofacil@175-188@./Oraculo/Lotofacil/scripts/benchmark.py
      23      6    129      0      33 benchmark@190-222@./Oraculo/Lotofacil/scripts/benchmark.py
      12      2     89      1      13 _calcular_faixas_acertos_lotofacil@224-236@./Oraculo/Lotofacil/scripts/benchmark.py
      17      2    131      2      24 _gerar_relatorio_markdown_lotofacil@238-261@./Oraculo/Lotofacil/scripts/benchmark.py
     114     16    903      2     140 _gerar_grafico_interativo_lotofacil@263-402@./Oraculo/Lotofacil/scripts/benchmark.py
      14      2    100      1      18 gerar_summary@404-421@./Oraculo/Lotofacil/scripts/benchmark.py
      13      1    141      1      13 __init__@20-32@./Oraculo/Lotofacil/scripts/enhanced_predict.py
      19     14    192      2      19 _parse_data@34-52@./Oraculo/Lotofacil/scripts/enhanced_predict.py
      19      9    144      3      19 _run_model@54-72@./Oraculo/Lotofacil/scripts/enhanced_predict.py
      20      3    160      2      25 display_summary@74-98@./Oraculo/Lotofacil/scripts/enhanced_predict.py
      33      5    316      1      33 generate_heatmap_from_csv@15-47@./Oraculo/Lotofacil/scripts/predict.py
      20      5     88      0      26 verificar_paths@21-46@./Oraculo/MegaSena/scripts/benchmark.py
      10      6     71      1      11 parse_date_multi@52-62@./Oraculo/MegaSena/scripts/benchmark.py
       9      2     55      0      11 load_dataset@65-75@./Oraculo/MegaSena/scripts/benchmark.py
      12      3     87      1      14 _carregar_arquivo_predicao@78-91@./Oraculo/MegaSena/scripts/benchmark.py
       6      5     59      2       7 _processar_conteudo_list@93-99@./Oraculo/MegaSena/scripts/benchmark.py
       9      9    110      2      10 _processar_conteudo_dict@101-110@./Oraculo/MegaSena/scripts/benchmark.py
      15      5     92      0      20 load_predictions@112-131@./Oraculo/MegaSena/scripts/benchmark.py
       3      1     23      2       3 comparar@134-136@./Oraculo/MegaSena/scripts/benchmark.py
      22      9    166      1      28 _processar_concurso_megasena@139-166@./Oraculo/MegaSena/scripts/benchmark.py
       7      4     41      2       8 _filtrar_palpites_validos@168-175@./Oraculo/MegaSena/scripts/benchmark.py
       8      1     50      2      10 _gerar_registro_megasena@177-186@./Oraculo/MegaSena/scripts/benchmark.py
      39      9    226      0      51 benchmark@188-238@./Oraculo/MegaSena/scripts/benchmark.py
      10      2     71      1      11 _calcular_faixas_acertos_megasena@241-251@./Oraculo/MegaSena/scripts/benchmark.py
      20      3    153      2      27 _gerar_relatorio_markdown_megasena@253-279@./Oraculo/MegaSena/scripts/benchmark.py
     121     17    940      2     148 _gerar_grafico_interativo_megasena@281-428@./Oraculo/MegaSena/scripts/benchmark.py
      15      2    117      1      20 gerar_summary@430-449@./Oraculo/MegaSena/scripts/benchmark.py
      22      6    215      1      27 __init__@37-63@./Oraculo/MegaSena/scripts/enhanced_predict.py
      14      6    141      1      14 _merge_auto_weights@65-78@./Oraculo/MegaSena/scripts/enhanced_predict.py
      22     19    237      2      34 _parse_data@80-113@./Oraculo/MegaSena/scripts/enhanced_predict.py
      20      9    146      3      20 _run_model@115-134@./Oraculo/MegaSena/scripts/enhanced_predict.py
      11      3     45      0      13 main@137-149@./Oraculo/MegaSena/scripts/enhanced_predict.py
      13      9    157      1      13 _coletar_dezenas@30-42@./Oraculo/MegaSena/scripts/predict.py
      16      4    147      3      16 _matriz_heatmap@45-60@./Oraculo/MegaSena/scripts/predict.py
      38      7    275      0      38 gerar_heatmap_megasena@63-100@./Oraculo/MegaSena/scripts/predict.py
      21      5     89      0      22 main@103-124@./Oraculo/MegaSena/scripts/predict.py
      19      4     75      0      24 verificar_paths@24-47@./Oraculo/Milionaria/scripts/benchmark.py
      10      6     71      1      11 parse_date_multi@50-60@./Oraculo/Milionaria/scripts/benchmark.py
       9      2     53      0      10 load_dataset@63-72@./Oraculo/Milionaria/scripts/benchmark.py
      12      3     87      1      14 _carregar_arquivo_predicao@75-88@./Oraculo/Milionaria/scripts/benchmark.py
       6      5     59      2       7 _processar_conteudo_list@90-96@./Oraculo/Milionaria/scripts/benchmark.py
       9      9    110      2      10 _processar_conteudo_dict@98-107@./Oraculo/Milionaria/scripts/benchmark.py
      15      5     92      0      20 load_predictions@109-128@./Oraculo/Milionaria/scripts/benchmark.py
       3      1     23      2       4 comparar@131-134@./Oraculo/Milionaria/scripts/benchmark.py
      25      7    120      1      31 _processar_concurso_milionaria@137-167@./Oraculo/Milionaria/scripts/benchmark.py
      11      6     55      2      14 _filtrar_palpites_validos@169-182@./Oraculo/Milionaria/scripts/benchmark.py
       8      1     50      2      10 _gerar_registro_milionaria@184-193@./Oraculo/Milionaria/scripts/benchmark.py
      36      9    217      0      47 benchmark@195-241@./Oraculo/Milionaria/scripts/benchmark.py
      10      2     71      1      11 _calcular_faixas_acertos_milionaria@244-254@./Oraculo/Milionaria/scripts/benchmark.py
      20      3    153      2      27 _gerar_relatorio_markdown_milionaria@256-282@./Oraculo/Milionaria/scripts/benchmark.py
     105     12    844      2     129 _gerar_grafico_interativo_milionaria@284-412@./Oraculo/Milionaria/scripts/benchmark.py
      15      2    117      1      20 gerar_summary@414-433@./Oraculo/Milionaria/scripts/benchmark.py
      22      6    215      1      27 __init__@38-64@./Oraculo/Milionaria/scripts/enhanced_predict.py
      14      6    141      1      14 _merge_auto_weights@66-79@./Oraculo/Milionaria/scripts/enhanced_predict.py
      26     27    311      2      47 _parse_data@81-127@./Oraculo/Milionaria/scripts/enhanced_predict.py
      27     11    193      3      33 _run_model@129-161@./Oraculo/Milionaria/scripts/enhanced_predict.py
       4      1     54      2       6 _predict_clovers@163-168@./Oraculo/Milionaria/scripts/enhanced_predict.py
      17      2    139      2      23 display_summary@170-192@./Oraculo/Milionaria/scripts/enhanced_predict.py
      11      3     45      0      13 main@195-207@./Oraculo/Milionaria/scripts/enhanced_predict.py
      11      1     77      3      11 _plotly_dark_layout@27-37@./Oraculo/Milionaria/scripts/predict.py
      59     20    495      0      68 gerar_heatmap_milionaria@40-107@./Oraculo/Milionaria/scripts/predict.py
      48     15    407      0      53 gerar_mini_heatmap_trevos@110-162@./Oraculo/Milionaria/scripts/predict.py
      22      5     92      0      22 main@165-186@./Oraculo/Milionaria/scripts/predict.py
      20      5     88      0      26 verificar_paths@20-45@./Oraculo/Quina/scripts/benchmark.py
      10      6     71      1      11 parse_date_multi@52-62@./Oraculo/Quina/scripts/benchmark.py
       9      2     55      0      11 load_dataset@65-75@./Oraculo/Quina/scripts/benchmark.py
      12      3     87      1      14 _carregar_arquivo_predicao@78-91@./Oraculo/Quina/scripts/benchmark.py
       6      5     59      2       7 _processar_conteudo_list@93-99@./Oraculo/Quina/scripts/benchmark.py
       9      9    110      2      10 _processar_conteudo_dict@101-110@./Oraculo/Quina/scripts/benchmark.py
      15      5     92      0      20 load_predictions@112-131@./Oraculo/Quina/scripts/benchmark.py
       3      1     23      2       3 comparar@134-136@./Oraculo/Quina/scripts/benchmark.py
      25      7    120      1      31 _processar_concurso_quina@139-169@./Oraculo/Quina/scripts/benchmark.py
      11      6     55      2      14 _filtrar_palpites_validos@171-184@./Oraculo/Quina/scripts/benchmark.py
       8      1     50      2      10 _gerar_registro_quina@186-195@./Oraculo/Quina/scripts/benchmark.py
      36      9    217      0      47 benchmark@197-243@./Oraculo/Quina/scripts/benchmark.py
      11      2     80      1      12 _calcular_faixas_acertos_quina@246-257@./Oraculo/Quina/scripts/benchmark.py
      20      3    153      2      27 _gerar_relatorio_markdown_quina@259-285@./Oraculo/Quina/scripts/benchmark.py
     125     18    966      2     152 _gerar_grafico_interativo_quina@287-438@./Oraculo/Quina/scripts/benchmark.py
      15      2    117      1      20 gerar_summary@440-459@./Oraculo/Quina/scripts/benchmark.py
      22      6    215      1      26 __init__@37-62@./Oraculo/Quina/scripts/enhanced_predict.py
      14      6    141      1      14 _merge_auto_weights@64-77@./Oraculo/Quina/scripts/enhanced_predict.py
      22     19    237      2      34 _parse_data@79-112@./Oraculo/Quina/scripts/enhanced_predict.py
      20      9    146      3      20 _run_model@114-133@./Oraculo/Quina/scripts/enhanced_predict.py
      11      3     45      0      13 main@136-148@./Oraculo/Quina/scripts/enhanced_predict.py
      66     20    515      0      72 gerar_heatmap_quina@27-98@./Oraculo/Quina/scripts/predict.py
      21      5     89      0      21 main@101-121@./Oraculo/Quina/scripts/predict.py
      19      4     75      0      24 verificar_paths@25-48@./Oraculo/SuperSete/scripts/benchmark.py
      10      6     71      1      11 parse_date_multi@51-61@./Oraculo/SuperSete/scripts/benchmark.py
       9      2     53      0      10 load_dataset@63-72@./Oraculo/SuperSete/scripts/benchmark.py
      12      3     87      1      14 _carregar_arquivo_predicao@74-87@./Oraculo/SuperSete/scripts/benchmark.py
       6      5     59      2       7 _processar_conteudo_list@89-95@./Oraculo/SuperSete/scripts/benchmark.py
       9      9    110      2      10 _processar_conteudo_dict@97-106@./Oraculo/SuperSete/scripts/benchmark.py
      15      5     92      0      20 load_predictions@108-127@./Oraculo/SuperSete/scripts/benchmark.py
       3      1     23      2       3 comparar@129-131@./Oraculo/SuperSete/scripts/benchmark.py
      25      7    120      1      31 _processar_concurso_supersete@133-163@./Oraculo/SuperSete/scripts/benchmark.py
       4      5     59      2       5 _calcular_acertos_supersete@165-169@./Oraculo/SuperSete/scripts/benchmark.py
      11      6     55      2      14 _filtrar_palpites_validos@171-184@./Oraculo/SuperSete/scripts/benchmark.py
       9      1     55      2      11 _gerar_registro_supersete@186-196@./Oraculo/SuperSete/scripts/benchmark.py
      36      9    217      0      47 benchmark@198-244@./Oraculo/SuperSete/scripts/benchmark.py
      11      2     80      1      12 _calcular_faixas_acertos_supersete@246-257@./Oraculo/SuperSete/scripts/benchmark.py
      17      2    131      2      24 _gerar_relatorio_markdown_supersete@259-282@./Oraculo/SuperSete/scripts/benchmark.py
     105     12    844      2     129 _gerar_grafico_interativo_supersete@284-412@./Oraculo/SuperSete/scripts/benchmark.py
      14      2    100      1      18 gerar_summary@414-431@./Oraculo/SuperSete/scripts/benchmark.py
      25      5    212      1      30 __init__@29-58@./Oraculo/SuperSete/scripts/enhanced_predict.py
      14      6    141      1      14 _merge_auto_weights@60-73@./Oraculo/SuperSete/scripts/enhanced_predict.py
      22     17    225      2      34 _parse_data@75-108@./Oraculo/SuperSete/scripts/enhanced_predict.py
       2      1     13      2       2 _run_model.timeout_handler@120-121@./Oraculo/SuperSete/scripts/enhanced_predict.py
      45     19    262      3      57 _run_model@110-166@./Oraculo/SuperSete/scripts/enhanced_predict.py
      20      7    153      2      26 _simple_bayesian_model@168-193@./Oraculo/SuperSete/scripts/enhanced_predict.py
      18      6    159      2      22 _simple_neural_model@195-216@./Oraculo/SuperSete/scripts/enhanced_predict.py
      25     10    207      2      30 _simple_monte_carlo_model@218-247@./Oraculo/SuperSete/scripts/enhanced_predict.py
      20      6    176      2      23 _simple_time_series_model@249-271@./Oraculo/SuperSete/scripts/enhanced_predict.py
      28     10    221      2      33 _simple_markov_model@273-305@./Oraculo/SuperSete/scripts/enhanced_predict.py
      18      6    135      2      22 _simple_poisson_model@307-328@./Oraculo/SuperSete/scripts/enhanced_predict.py
      20      5    164      2      28 _simple_mutation_model@330-357@./Oraculo/SuperSete/scripts/enhanced_predict.py
      25     11    201      2      33 _simple_beam_search_model@359-391@./Oraculo/SuperSete/scripts/enhanced_predict.py
       8      2     55      2       8 _generate_random_prediction@393-400@./Oraculo/SuperSete/scripts/enhanced_predict.py
      30     12    237      2      45 combine_predictions@402-446@./Oraculo/SuperSete/scripts/enhanced_predict.py
      20      3    148      2      27 display_summary@448-474@./Oraculo/SuperSete/scripts/enhanced_predict.py
      11      3     45      0      13 main@477-489@./Oraculo/SuperSete/scripts/enhanced_predict.py
      33      9    321      1      34 generate_supersete_heatmap@15-48@./Oraculo/SuperSete/scripts/predict.py
      49     10    248      2      56 run_lottery_prediction@28-83@./Oraculo/lottery_orchestrator.py
      33      9    196      1      42 run_all_lotteries@86-127@./Oraculo/lottery_orchestrator.py
      62     10    256      0      76 main@130-205@./Oraculo/lottery_orchestrator.py
      28      8    145      2      36 check_pages_deployment@11-46@./scripts/check_deployment.py
      50      9    237      0      64 check_workflow_names@10-73@./scripts/check_workflows.py
      34      1     27      0      37 check_trigger_logic@75-111@./scripts/check_workflows.py
      32      3    157      0      48 demo_env_config@16-63@./scripts/demo_env_config.py
      65      3    136      0      78 create_sample_env_files@65-142@./scripts/demo_env_config.py
      27      2    145      0      42 demo_dynamic_config@144-185@./scripts/demo_env_config.py
      15      2     60      0      25 main@187-211@./scripts/demo_env_config.py
       6      2     45      2       6 api_url_for@51-56@./scripts/fetch_results.py
       9      3     72      2       9 api_get_json@59-67@./scripts/fetch_results.py
       8      4     48      1       8 _to_int_list@70-77@./scripts/fetch_results.py
      13     12    151      2      16 _infer_number_columns@80-95@./scripts/fetch_results.py
      41     28    394      3      48 _parse_api_row@98-145@./scripts/fetch_results.py
      47     16    300      2      54 sync_game_via_api@148-201@./scripts/fetch_results.py
       7      6     66      1       7 _candidate_xlsx_from_tags@204-210@./scripts/fetch_results.py
       7      5     63      1       7 _candidate_xlsx_from_attrs@213-219@./scripts/fetch_results.py
       7      5     84      1       7 _candidate_xlsx_from_text@222-228@./scripts/fetch_results.py
       9      5     78      2       9 _find_xlsx_link@231-239@./scripts/fetch_results.py
       6      2     47      1       7 _extract_postback_target@242-248@./scripts/fetch_results.py
      15      7    116      2      15 _try_known_paths@251-265@./scripts/fetch_results.py
       5      3     50      2       5 _download_direct@268-272@./scripts/fetch_results.py
      25     12    270      4      26 _download_via_postback@275-300@./scripts/fetch_results.py
      14      4    112      1      16 download_results_xlsx@303-318@./scripts/fetch_results.py
      15      4    125      2      17 xlsx_bytes_to_csv@321-337@./scripts/fetch_results.py
      42     12    283      0      45 main@340-384@./scripts/fetch_results.py
       6      2     49      1       6 _arquivo_recente@43-48@./scripts/generate_html.py
      32     16    252      1      35 _df_de_arquivo@50-84@./scripts/generate_html.py
       4      3     32      1       4 gerar_tabela_previsoes._format_prediction@105-108@./scripts/generate_html.py
      11      5     95      1      12 gerar_tabela_previsoes._normalize_prediction@145-156@./scripts/generate_html.py
      11      4     56      1      11 gerar_tabela_previsoes._jogo_str@172-182@./scripts/generate_html.py
      86     33    570      1     130 gerar_tabela_previsoes@86-215@./scripts/generate_html.py
      10      3     56      1      12 carregar_heatmap@217-228@./scripts/generate_html.py
      35      1    155      1      35 get_game_colors@230-264@./scripts/generate_html.py
     137     20    483      2     170 gerar_conteudo_jogo@266-435@./scripts/generate_html.py
      30      4    175      0      45 quick_calibrate@15-59@./scripts/quick_calibrate.py
      48      8    210      0      59 test_fast_ci@9-67@./scripts/test_fast_ci.py
       3      1     29      1       3 test_parallel_system.simple_task@29-31@./scripts/test_parallel.py
      43      5    219      0      60 test_parallel_system@13-72@./scripts/test_parallel.py
49 file analyzed.
==============================================================
NLOC    Avg.NLOC  AvgCCN  Avg.token  function_cnt    file
--------------------------------------------------------------
     67       0.0     0.0        0.0         0     ./.codacy/tools-configs/eslint.config.mjs
    220      10.0     1.8       61.7        21     ./examples/parallel_examples.py
    203      14.7     3.2       89.0        12     ./Oraculo/common/models/bayesian.py
     26       4.2     3.0       47.0         4     ./Oraculo/common/models/beam_search.py
     44       6.2     2.4       78.2         5     ./Oraculo/common/models/evolutionary.py
     39      10.5     3.5       66.5         2     ./Oraculo/common/models/frequency.py
     44       9.2     4.2       78.5         4     ./Oraculo/common/models/markov.py
    373      17.2     5.0      120.4        20     ./Oraculo/common/models/monte_carlo.py
     47       7.6     5.4       81.0         5     ./Oraculo/common/models/mutation.py
    372      25.6     7.4      193.6        13     ./Oraculo/common/models/neural_ensemble.py
     38       5.8     2.2       56.4         5     ./Oraculo/common/models/poisson.py
    307      17.7     4.5      142.6        15     ./Oraculo/common/models/time_series.py
      0       0.0     0.0        0.0         0     ./Oraculo/common/models/__init__.py
    245      18.7     8.2      180.5        11     ./Oraculo/core/auto_calibrator.py
    317      14.5     3.7      106.2        20     ./Oraculo/core/base_predictor.py
    164      12.5     3.8       78.7        12     ./Oraculo/core/env_config.py
     75      10.5     1.5       31.0         2     ./Oraculo/core/lottery_configs.py
    220      15.8     5.2      128.1        13     ./Oraculo/core/model_adapter.py
     69       2.0     2.0       54.0         1     ./Oraculo/core/model_registry.py
    320      14.6     3.7       85.7        19     ./Oraculo/core/parallel_engine.py
      4       0.0     0.0        0.0         0     ./Oraculo/core/__init__.py
    326      19.1     4.8      137.4        16     ./Oraculo/Lotofacil/scripts/benchmark.py
     82      17.8     6.8      159.2         4     ./Oraculo/Lotofacil/scripts/enhanced_predict.py
     59      33.0     5.0      316.0         1     ./Oraculo/Lotofacil/scripts/predict.py
    347      20.4     5.2      146.8        16     ./Oraculo/MegaSena/scripts/benchmark.py
    119      17.8     8.6      156.8         5     ./Oraculo/MegaSena/scripts/enhanced_predict.py
    110      22.0     6.2      167.0         4     ./Oraculo/MegaSena/scripts/predict.py
      4       0.0     0.0        0.0         0     ./Oraculo/MegaSena/__init__.py
    335      19.6     4.8      137.3        16     ./Oraculo/Milionaria/scripts/benchmark.py
    152      17.3     8.0      156.9         7     ./Oraculo/Milionaria/scripts/enhanced_predict.py
    159      35.0    10.2      267.8         4     ./Oraculo/Milionaria/scripts/predict.py
      4       0.0     0.0        0.0         0     ./Oraculo/Milionaria/__init__.py
    357      20.9     5.2      146.4        16     ./Oraculo/Quina/scripts/benchmark.py
    119      17.8     8.6      156.8         5     ./Oraculo/Quina/scripts/enhanced_predict.py
    106      43.5    12.5      302.0         2     ./Oraculo/Quina/scripts/predict.py
      4       0.0     0.0        0.0         0     ./Oraculo/Quina/__init__.py
    337      18.5     4.8      131.2        17     ./Oraculo/SuperSete/scripts/benchmark.py
    372      20.6     7.6      162.0        17     ./Oraculo/SuperSete/scripts/enhanced_predict.py
     59      33.0     9.0      321.0         1     ./Oraculo/SuperSete/scripts/predict.py
    166      48.0     9.7      233.3         3     ./Oraculo/lottery_orchestrator.py
     47      28.0     8.0      145.0         1     ./scripts/check_deployment.py
    106      42.0     5.0      132.0         2     ./scripts/check_workflows.py
    151      34.8     2.5      124.5         4     ./scripts/demo_env_config.py
    319      16.2     7.6      135.5        17     ./scripts/fetch_results.py
    572      36.9     9.7      194.2         9     ./scripts/generate_html.py
     46      30.0     4.0      175.0         1     ./scripts/quick_calibrate.py
     20       0.0     0.0        0.0         0     ./scripts/smoke_adapter_test.py
     56      48.0     8.0      210.0         1     ./scripts/test_fast_ci.py
     55      23.0     3.0      124.0         2     ./scripts/test_parallel.py

===========================================================================================================
!!!! Warnings (cyclomatic_complexity > 15 or length > 1000 or nloc > 1000000 or parameter_count > 100) !!!!
================================================
  NLOC    CCN   token  PARAM  length  location  
------------------------------------------------
      35     16    312      1      50 _analyze_patterns@66-115@./Oraculo/common/models/monte_carlo.py
      57     24    404      3      78 extract_features@71-148@./Oraculo/common/models/neural_ensemble.py
      52     22    452      3      79 predict_probabilities@362-440@./Oraculo/common/models/neural_ensemble.py
      47     22    411      2      64 backtest_models@68-131@./Oraculo/core/auto_calibrator.py
      17     16    203      3      20 _extract_actual_numbers@154-173@./Oraculo/core/auto_calibrator.py
      51     17    493      2      69 online_models@176-244@./Oraculo/core/auto_calibrator.py
     114     16    903      2     140 _gerar_grafico_interativo_lotofacil@263-402@./Oraculo/Lotofacil/scripts/benchmark.py
     121     17    940      2     148 _gerar_grafico_interativo_megasena@281-428@./Oraculo/MegaSena/scripts/benchmark.py
      22     19    237      2      34 _parse_data@80-113@./Oraculo/MegaSena/scripts/enhanced_predict.py
      26     27    311      2      47 _parse_data@81-127@./Oraculo/Milionaria/scripts/enhanced_predict.py
      59     20    495      0      68 gerar_heatmap_milionaria@40-107@./Oraculo/Milionaria/scripts/predict.py
     125     18    966      2     152 _gerar_grafico_interativo_quina@287-438@./Oraculo/Quina/scripts/benchmark.py
      22     19    237      2      34 _parse_data@79-112@./Oraculo/Quina/scripts/enhanced_predict.py
      66     20    515      0      72 gerar_heatmap_quina@27-98@./Oraculo/Quina/scripts/predict.py
      22     17    225      2      34 _parse_data@75-108@./Oraculo/SuperSete/scripts/enhanced_predict.py
      45     19    262      3      57 _run_model@110-166@./Oraculo/SuperSete/scripts/enhanced_predict.py
      41     28    394      3      48 _parse_api_row@98-145@./scripts/fetch_results.py
      47     16    300      2      54 sync_game_via_api@148-201@./scripts/fetch_results.py
      32     16    252      1      35 _df_de_arquivo@50-84@./scripts/generate_html.py
      86     33    570      1     130 gerar_tabela_previsoes@86-215@./scripts/generate_html.py
     137     20    483      2     170 gerar_conteudo_jogo@266-435@./scripts/generate_html.py
==========================================================================================
Total nloc   Avg.NLOC  AvgCCN  Avg.token   Fun Cnt  Warning cnt   Fun Rt   nloc Rt
------------------------------------------------------------------------------------------
      7783      18.2     5.3      130.3      355           21      0.06    0.19
2025/09/30 21:18:28 Running tools for the specified file(s)...
2025/09/30 21:18:28 Running pmd...
[WARN] Progressbar rendering conflicts with reporting to STDOUT. No progressbar will be shown. Try running with argument -r <file> to output the report to a file instead.
[WARN] This analysis could be faster, please consider using Incremental Analysis: https://docs.pmd-code.org/pmd-doc-7.11.0/pmd_userdocs_incremental_analysis.html
2025/09/30 21:18:44 Running tools for the specified file(s)...
2025/09/30 21:18:44 Running pylint...
[
    {
        "type": "convention",
        "module": "examples.parallel_examples",
        "obj": "",
        "line": 19,
        "column": 0,
        "endLine": null,
        "endColumn": null,
        "path": "examples/parallel_examples.py",
        "symbol": "trailing-whitespace",
        "message": "Trailing whitespace",
        "message-id": "C0303"
    },
    {
        "type": "convention",
        "module": "examples.parallel_examples",
        "obj": "",
        "line": 25,
        "column": 0,
        "endLine": null,
        "endColumn": null,
        "path": "examples/parallel_examples.py",
        "symbol": "trailing-whitespace",
        "message": "Trailing whitespace",
        "message-id": "C0303"
    },
    {
        "type": "convention",
        "module": "examples.parallel_examples",
        "obj": "",
        "line": 36,
        "column": 0,
        "endLine": null,
        "endColumn": null,
        "path": "examples/parallel_examples.py",
        "symbol": "trailing-whitespace",
        "message": "Trailing whitespace",
        "message-id": "C0303"
    },
    {
        "type": "convention",
        "module": "examples.parallel_examples",
        "obj": "",
        "line": 47,
        "column": 0,
        "endLine": null,
        "endColumn": null,
        "path": "examples/parallel_examples.py",
        "symbol": "trailing-whitespace",
        "message": "Trailing whitespace",
        "message-id": "C0303"
    },
    {
        "type": "convention",
        "module": "examples.parallel_examples",
        "obj": "",
        "line": 50,
        "column": 0,
        "endLine": null,
        "endColumn": null,
        "path": "examples/parallel_examples.py",
        "symbol": "trailing-whitespace",
        "message": "Trailing whitespace",
        "message-id": "C0303"
    },
    {
        "type": "convention",
        "module": "examples.parallel_examples",
        "obj": "",
        "line": 53,
        "column": 0,
        "endLine": null,
        "endColumn": null,
        "path": "examples/parallel_examples.py",
        "symbol": "trailing-whitespace",
        "message": "Trailing whitespace",
        "message-id": "C0303"
    },
    {
        "type": "convention",
        "module": "examples.parallel_examples",
        "obj": "",
        "line": 67,
        "column": 0,
        "endLine": null,
        "endColumn": null,
        "path": "examples/parallel_examples.py",
        "symbol": "trailing-whitespace",
        "message": "Trailing whitespace",
        "message-id": "C0303"
    },
    {
        "type": "convention",
        "module": "examples.parallel_examples",
        "obj": "",
        "line": 70,
        "column": 0,
        "endLine": null,
        "endColumn": null,
        "path": "examples/parallel_examples.py",
        "symbol": "trailing-whitespace",
        "message": "Trailing whitespace",
        "message-id": "C0303"
    },
    {
        "type": "convention",
        "module": "examples.parallel_examples",
        "obj": "",
        "line": 73,
        "column": 0,
        "endLine": null,
        "endColumn": null,
        "path": "examples/parallel_examples.py",
        "symbol": "trailing-whitespace",
        "message": "Trailing whitespace",
        "message-id": "C0303"
    },
    {
        "type": "convention",
        "module": "examples.parallel_examples",
        "obj": "",
        "line": 77,
        "column": 0,
        "endLine": null,
        "endColumn": null,
        "path": "examples/parallel_examples.py",
        "symbol": "trailing-whitespace",
        "message": "Trailing whitespace",
        "message-id": "C0303"
    },
    {
        "type": "convention",
        "module": "examples.parallel_examples",
        "obj": "",
        "line": 81,
        "column": 0,
        "endLine": null,
        "endColumn": null,
        "path": "examples/parallel_examples.py",
        "symbol": "trailing-whitespace",
        "message": "Trailing whitespace",
        "message-id": "C0303"
    },
    {
        "type": "convention",
        "module": "examples.parallel_examples",
        "obj": "",
        "line": 93,
        "column": 0,
        "endLine": null,
        "endColumn": null,
        "path": "examples/parallel_examples.py",
        "symbol": "trailing-whitespace",
        "message": "Trailing whitespace",
        "message-id": "C0303"
    },
    {
        "type": "convention",
        "module": "examples.parallel_examples",
        "obj": "",
        "line": 99,
        "column": 0,
        "endLine": null,
        "endColumn": null,
        "path": "examples/parallel_examples.py",
        "symbol": "trailing-whitespace",
        "message": "Trailing whitespace",
        "message-id": "C0303"
    },
    {
        "type": "convention",
        "module": "examples.parallel_examples",
        "obj": "",
        "line": 104,
        "column": 0,
        "endLine": null,
        "endColumn": null,
        "path": "examples/parallel_examples.py",
        "symbol": "trailing-whitespace",
        "message": "Trailing whitespace",
        "message-id": "C0303"
    },
    {
        "type": "convention",
        "module": "examples.parallel_examples",
        "obj": "",
        "line": 109,
        "column": 0,
        "endLine": null,
        "endColumn": null,
        "path": "examples/parallel_examples.py",
        "symbol": "trailing-whitespace",
        "message": "Trailing whitespace",
        "message-id": "C0303"
    },
    {
        "type": "convention",
        "module": "examples.parallel_examples",
        "obj": "",
        "line": 116,
        "column": 0,
        "endLine": null,
        "endColumn": null,
        "path": "examples/parallel_examples.py",
        "symbol": "trailing-whitespace",
        "message": "Trailing whitespace",
        "message-id": "C0303"
    },
    {
        "type": "convention",
        "module": "examples.parallel_examples",
        "obj": "",
        "line": 119,
        "column": 0,
        "endLine": null,
        "endColumn": null,
        "path": "examples/parallel_examples.py",
        "symbol": "trailing-whitespace",
        "message": "Trailing whitespace",
        "message-id": "C0303"
    },
    {
        "type": "convention",
        "module": "examples.parallel_examples",
        "obj": "",
        "line": 122,
        "column": 0,
        "endLine": null,
        "endColumn": null,
        "path": "examples/parallel_examples.py",
        "symbol": "trailing-whitespace",
        "message": "Trailing whitespace",
        "message-id": "C0303"
    },
    {
        "type": "convention",
        "module": "examples.parallel_examples",
        "obj": "",
        "line": 126,
        "column": 0,
        "endLine": null,
        "endColumn": null,
        "path": "examples/parallel_examples.py",
        "symbol": "trailing-whitespace",
        "message": "Trailing whitespace",
        "message-id": "C0303"
    },
    {
        "type": "convention",
        "module": "examples.parallel_examples",
        "obj": "",
        "line": 135,
        "column": 0,
        "endLine": null,
        "endColumn": null,
        "path": "examples/parallel_examples.py",
        "symbol": "trailing-whitespace",
        "message": "Trailing whitespace",
        "message-id": "C0303"
    },
    {
        "type": "convention",
        "module": "examples.parallel_examples",
        "obj": "",
        "line": 148,
        "column": 0,
        "endLine": null,
        "endColumn": null,
        "path": "examples/parallel_examples.py",
        "symbol": "trailing-whitespace",
        "message": "Trailing whitespace",
        "message-id": "C0303"
    },
    {
        "type": "convention",
        "module": "examples.parallel_examples",
        "obj": "",
        "line": 154,
        "column": 0,
        "endLine": null,
        "endColumn": null,
        "path": "examples/parallel_examples.py",
        "symbol": "trailing-whitespace",
        "message": "Trailing whitespace",
        "message-id": "C0303"
    },
    {
        "type": "convention",
        "module": "examples.parallel_examples",
        "obj": "",
        "line": 159,
        "column": 0,
        "endLine": null,
        "endColumn": null,
        "path": "examples/parallel_examples.py",
        "symbol": "trailing-whitespace",
        "message": "Trailing whitespace",
        "message-id": "C0303"
    },
    {
        "type": "convention",
        "module": "examples.parallel_examples",
        "obj": "",
        "line": 164,
        "column": 0,
        "endLine": null,
        "endColumn": null,
        "path": "examples/parallel_examples.py",
        "symbol": "trailing-whitespace",
        "message": "Trailing whitespace",
        "message-id": "C0303"
    },
    {
        "type": "convention",
        "module": "examples.parallel_examples",
        "obj": "",
        "line": 186,
        "column": 0,
        "endLine": null,
        "endColumn": null,
        "path": "examples/parallel_examples.py",
        "symbol": "trailing-whitespace",
        "message": "Trailing whitespace",
        "message-id": "C0303"
    },
    {
        "type": "convention",
        "module": "examples.parallel_examples",
        "obj": "",
        "line": 189,
        "column": 0,
        "endLine": null,
        "endColumn": null,
        "path": "examples/parallel_examples.py",
        "symbol": "trailing-whitespace",
        "message": "Trailing whitespace",
        "message-id": "C0303"
    },
    {
        "type": "convention",
        "module": "examples.parallel_examples",
        "obj": "",
        "line": 194,
        "column": 0,
        "endLine": null,
        "endColumn": null,
        "path": "examples/parallel_examples.py",
        "symbol": "trailing-whitespace",
        "message": "Trailing whitespace",
        "message-id": "C0303"
    },
    {
        "type": "convention",
        "module": "examples.parallel_examples",
        "obj": "",
        "line": 202,
        "column": 0,
        "endLine": null,
        "endColumn": null,
        "path": "examples/parallel_examples.py",
        "symbol": "trailing-whitespace",
        "message": "Trailing whitespace",
        "message-id": "C0303"
    },
    {
        "type": "convention",
        "module": "examples.parallel_examples",
        "obj": "",
        "line": 215,
        "column": 0,
        "endLine": null,
        "endColumn": null,
        "path": "examples/parallel_examples.py",
        "symbol": "trailing-whitespace",
        "message": "Trailing whitespace",
        "message-id": "C0303"
    },
    {
        "type": "convention",
        "module": "examples.parallel_examples",
        "obj": "",
        "line": 217,
        "column": 0,
        "endLine": null,
        "endColumn": null,
        "path": "examples/parallel_examples.py",
        "symbol": "trailing-whitespace",
        "message": "Trailing whitespace",
        "message-id": "C0303"
    },
    {
        "type": "convention",
        "module": "examples.parallel_examples",
        "obj": "",
        "line": 222,
        "column": 0,
        "endLine": null,
        "endColumn": null,
        "path": "examples/parallel_examples.py",
        "symbol": "trailing-whitespace",
        "message": "Trailing whitespace",
        "message-id": "C0303"
    },
    {
        "type": "convention",
        "module": "examples.parallel_examples",
        "obj": "",
        "line": 225,
        "column": 0,
        "endLine": null,
        "endColumn": null,
        "path": "examples/parallel_examples.py",
        "symbol": "trailing-whitespace",
        "message": "Trailing whitespace",
        "message-id": "C0303"
    },
    {
        "type": "convention",
        "module": "examples.parallel_examples",
        "obj": "",
        "line": 234,
        "column": 0,
        "endLine": null,
        "endColumn": null,
        "path": "examples/parallel_examples.py",
        "symbol": "trailing-whitespace",
        "message": "Trailing whitespace",
        "message-id": "C0303"
    },
    {
        "type": "convention",
        "module": "examples.parallel_examples",
        "obj": "",
        "line": 237,
        "column": 0,
        "endLine": null,
        "endColumn": null,
        "path": "examples/parallel_examples.py",
        "symbol": "trailing-whitespace",
        "message": "Trailing whitespace",
        "message-id": "C0303"
    },
    {
        "type": "convention",
        "module": "examples.parallel_examples",
        "obj": "",
        "line": 248,
        "column": 0,
        "endLine": null,
        "endColumn": null,
        "path": "examples/parallel_examples.py",
        "symbol": "trailing-whitespace",
        "message": "Trailing whitespace",
        "message-id": "C0303"
    },
    {
        "type": "convention",
        "module": "examples.parallel_examples",
        "obj": "",
        "line": 254,
        "column": 0,
        "endLine": null,
        "endColumn": null,
        "path": "examples/parallel_examples.py",
        "symbol": "trailing-whitespace",
        "message": "Trailing whitespace",
        "message-id": "C0303"
    },
    {
        "type": "convention",
        "module": "examples.parallel_examples",
        "obj": "",
        "line": 258,
        "column": 0,
        "endLine": null,
        "endColumn": null,
        "path": "examples/parallel_examples.py",
        "symbol": "trailing-whitespace",
        "message": "Trailing whitespace",
        "message-id": "C0303"
    },
    {
        "type": "convention",
        "module": "examples.parallel_examples",
        "obj": "",
        "line": 273,
        "column": 0,
        "endLine": null,
        "endColumn": null,
        "path": "examples/parallel_examples.py",
        "symbol": "trailing-whitespace",
        "message": "Trailing whitespace",
        "message-id": "C0303"
    },
    {
        "type": "convention",
        "module": "examples.parallel_examples",
        "obj": "",
        "line": 276,
        "column": 0,
        "endLine": null,
        "endColumn": null,
        "path": "examples/parallel_examples.py",
        "symbol": "trailing-whitespace",
        "message": "Trailing whitespace",
        "message-id": "C0303"
    },
    {
        "type": "convention",
        "module": "examples.parallel_examples",
        "obj": "",
        "line": 282,
        "column": 0,
        "endLine": null,
        "endColumn": null,
        "path": "examples/parallel_examples.py",
        "symbol": "trailing-whitespace",
        "message": "Trailing whitespace",
        "message-id": "C0303"
    },
    {
        "type": "convention",
        "module": "examples.parallel_examples",
        "obj": "",
        "line": 285,
        "column": 0,
        "endLine": null,
        "endColumn": null,
        "path": "examples/parallel_examples.py",
        "symbol": "trailing-whitespace",
        "message": "Trailing whitespace",
        "message-id": "C0303"
    },
    {
        "type": "convention",
        "module": "examples.parallel_examples",
        "obj": "",
        "line": 291,
        "column": 0,
        "endLine": null,
        "endColumn": null,
        "path": "examples/parallel_examples.py",
        "symbol": "trailing-whitespace",
        "message": "Trailing whitespace",
        "message-id": "C0303"
    },
    {
        "type": "convention",
        "module": "examples.parallel_examples",
        "obj": "",
        "line": 297,
        "column": 0,
        "endLine": null,
        "endColumn": null,
        "path": "examples/parallel_examples.py",
        "symbol": "trailing-whitespace",
        "message": "Trailing whitespace",
        "message-id": "C0303"
    },
    {
        "type": "convention",
        "module": "examples.parallel_examples",
        "obj": "",
        "line": 313,
        "column": 0,
        "endLine": null,
        "endColumn": null,
        "path": "examples/parallel_examples.py",
        "symbol": "trailing-whitespace",
        "message": "Trailing whitespace",
        "message-id": "C0303"
    },
    {
        "type": "convention",
        "module": "examples.parallel_examples",
        "obj": "",
        "line": 316,
        "column": 0,
        "endLine": null,
        "endColumn": null,
        "path": "examples/parallel_examples.py",
        "symbol": "trailing-whitespace",
        "message": "Trailing whitespace",
        "message-id": "C0303"
    },
    {
        "type": "convention",
        "module": "examples.parallel_examples",
        "obj": "",
        "line": 322,
        "column": 0,
        "endLine": null,
        "endColumn": null,
        "path": "examples/parallel_examples.py",
        "symbol": "trailing-whitespace",
        "message": "Trailing whitespace",
        "message-id": "C0303"
    },
    {
        "type": "warning",
        "module": "examples.parallel_examples",
        "obj": "benchmark_performance",
        "line": 252,
        "column": 4,
        "endLine": 252,
        "endColumn": 20,
        "path": "examples/parallel_examples.py",
        "symbol": "unused-variable",
        "message": "Unused variable 'parallel_results'",
        "message-id": "W0612"
    },
    {
        "type": "warning",
        "module": "examples.parallel_examples",
        "obj": "",
        "line": 10,
        "column": 0,
        "endLine": 10,
        "endColumn": 28,
        "path": "examples/parallel_examples.py",
        "symbol": "unused-import",
        "message": "Unused Dict imported from typing",
        "message-id": "W0611"
    },
    {
        "type": "warning",
        "module": "examples.parallel_examples",
        "obj": "",
        "line": 16,
        "column": 4,
        "endLine": 16,
        "endColumn": 104,
        "path": "examples/parallel_examples.py",
        "symbol": "unused-import",
        "message": "Unused ParallelConfig imported from Oraculo.core.parallel_engine",
        "message-id": "W0611"
    },
    {
        "type": "convention",
        "module": "Oraculo.lottery_orchestrator",
        "obj": "",
        "line": 40,
        "column": 0,
        "endLine": null,
        "endColumn": null,
        "path": "Oraculo/lottery_orchestrator.py",
        "symbol": "trailing-whitespace",
        "message": "Trailing whitespace",
        "message-id": "C0303"
    },
    {
        "type": "convention",
        "module": "Oraculo.lottery_orchestrator",
        "obj": "",
        "line": 59,
        "column": 0,
        "endLine": null,
        "endColumn": null,
        "path": "Oraculo/lottery_orchestrator.py",
        "symbol": "trailing-whitespace",
        "message": "Trailing whitespace",
        "message-id": "C0303"
    },
    {
        "type": "convention",
        "module": "Oraculo.lottery_orchestrator",
        "obj": "",
        "line": 65,
        "column": 0,
        "endLine": null,
        "endColumn": null,
        "path": "Oraculo/lottery_orchestrator.py",
        "symbol": "trailing-whitespace",
        "message": "Trailing whitespace",
        "message-id": "C0303"
    },
    {
        "type": "convention",
        "module": "Oraculo.lottery_orchestrator",
        "obj": "",
        "line": 68,
        "column": 0,
        "endLine": null,
        "endColumn": null,
        "path": "Oraculo/lottery_orchestrator.py",
        "symbol": "trailing-whitespace",
        "message": "Trailing whitespace",
        "message-id": "C0303"
    },
    {
        "type": "convention",
        "module": "Oraculo.lottery_orchestrator",
        "obj": "",
        "line": 75,
        "column": 0,
        "endLine": null,
        "endColumn": null,
        "path": "Oraculo/lottery_orchestrator.py",
        "symbol": "trailing-whitespace",
        "message": "Trailing whitespace",
        "message-id": "C0303"
    },
    {
        "type": "convention",
        "module": "Oraculo.lottery_orchestrator",
        "obj": "",
        "line": 97,
        "column": 0,
        "endLine": null,
        "endColumn": null,
        "path": "Oraculo/lottery_orchestrator.py",
        "symbol": "trailing-whitespace",
        "message": "Trailing whitespace",
        "message-id": "C0303"
    },
    {
        "type": "convention",
        "module": "Oraculo.lottery_orchestrator",
        "obj": "",
        "line": 100,
        "column": 0,
        "endLine": null,
        "endColumn": null,
        "path": "Oraculo/lottery_orchestrator.py",
        "symbol": "trailing-whitespace",
        "message": "Trailing whitespace",
        "message-id": "C0303"
    },
    {
        "type": "convention",
        "module": "Oraculo.lottery_orchestrator",
        "obj": "",
        "line": 104,
        "column": 0,
        "endLine": null,
        "endColumn": null,
        "path": "Oraculo/lottery_orchestrator.py",
        "symbol": "trailing-whitespace",
        "message": "Trailing whitespace",
        "message-id": "C0303"
    },
    {
        "type": "convention",
        "module": "Oraculo.lottery_orchestrator",
        "obj": "",
        "line": 108,
        "column": 0,
        "endLine": null,
        "endColumn": null,
        "path": "Oraculo/lottery_orchestrator.py",
        "symbol": "trailing-whitespace",
        "message": "Trailing whitespace",
        "message-id": "C0303"
    },
    {
        "type": "convention",
        "module": "Oraculo.lottery_orchestrator",
        "obj": "",
        "line": 112,
        "column": 0,
        "endLine": null,
        "endColumn": null,
        "path": "Oraculo/lottery_orchestrator.py",
        "symbol": "trailing-whitespace",
        "message": "Trailing whitespace",
        "message-id": "C0303"
    },
    {
        "type": "convention",
        "module": "Oraculo.lottery_orchestrator",
        "obj": "",
        "line": 116,
        "column": 0,
        "endLine": null,
        "endColumn": null,
        "path": "Oraculo/lottery_orchestrator.py",
        "symbol": "trailing-whitespace",
        "message": "Trailing whitespace",
        "message-id": "C0303"
    },
    {
        "type": "convention",
        "module": "Oraculo.lottery_orchestrator",
        "obj": "",
        "line": 124,
        "column": 0,
        "endLine": null,
        "endColumn": null,
        "path": "Oraculo/lottery_orchestrator.py",
        "symbol": "trailing-whitespace",
        "message": "Trailing whitespace",
        "message-id": "C0303"
    },
    {
        "type": "convention",
        "module": "Oraculo.lottery_orchestrator",
        "obj": "",
        "line": 126,
        "column": 0,
        "endLine": null,
        "endColumn": null,
        "path": "Oraculo/lottery_orchestrator.py",
        "symbol": "trailing-whitespace",
        "message": "Trailing whitespace",
        "message-id": "C0303"
    },
    {
        "type": "convention",
        "module": "Oraculo.lottery_orchestrator",
        "obj": "",
        "line": 144,
        "column": 0,
        "endLine": null,
        "endColumn": null,
        "path": "Oraculo/lottery_orchestrator.py",
        "symbol": "trailing-whitespace",
        "message": "Trailing whitespace",
        "message-id": "C0303"
    },
    {
        "type": "convention",
        "module": "Oraculo.lottery_orchestrator",
        "obj": "",
        "line": 150,
        "column": 0,
        "endLine": null,
        "endColumn": null,
        "path": "Oraculo/lottery_orchestrator.py",
        "symbol": "trailing-whitespace",
        "message": "Trailing whitespace",
        "message-id": "C0303"
    },
    {
        "type": "convention",
        "module": "Oraculo.lottery_orchestrator",
        "obj": "",
        "line": 156,
        "column": 0,
        "endLine": null,
        "endColumn": null,
        "path": "Oraculo/lottery_orchestrator.py",
        "symbol": "trailing-whitespace",
        "message": "Trailing whitespace",
        "message-id": "C0303"
    },
    {
        "type": "convention",
        "module": "Oraculo.lottery_orchestrator",
        "obj": "",
        "line": 162,
        "column": 0,
        "endLine": null,
        "endColumn": null,
        "path": "Oraculo/lottery_orchestrator.py",
        "symbol": "trailing-whitespace",
        "message": "Trailing whitespace",
        "message-id": "C0303"
    },
    {
        "type": "convention",
        "module": "Oraculo.lottery_orchestrator",
        "obj": "",
        "line": 168,
        "column": 0,
        "endLine": null,
        "endColumn": null,
        "path": "Oraculo/lottery_orchestrator.py",
        "symbol": "trailing-whitespace",
        "message": "Trailing whitespace",
        "message-id": "C0303"
    },
    {
        "type": "convention",
        "module": "Oraculo.lottery_orchestrator",
        "obj": "",
        "line": 170,
        "column": 0,
        "endLine": null,
        "endColumn": null,
        "path": "Oraculo/lottery_orchestrator.py",
        "symbol": "trailing-whitespace",
        "message": "Trailing whitespace",
        "message-id": "C0303"
    },
    {
        "type": "convention",
        "module": "Oraculo.lottery_orchestrator",
        "obj": "",
        "line": 179,
        "column": 0,
        "endLine": null,
        "endColumn": null,
        "path": "Oraculo/lottery_orchestrator.py",
        "symbol": "trailing-whitespace",
        "message": "Trailing whitespace",
        "message-id": "C0303"
    },
    {
        "type": "convention",
        "module": "Oraculo.lottery_orchestrator",
        "obj": "",
        "line": 182,
        "column": 78,
        "endLine": null,
        "endColumn": null,
        "path": "Oraculo/lottery_orchestrator.py",
        "symbol": "trailing-whitespace",
        "message": "Trailing whitespace",
        "message-id": "C0303"
    },
    {
        "type": "convention",
        "module": "Oraculo.lottery_orchestrator",
        "obj": "",
        "line": 187,
        "column": 0,
        "endLine": null,
        "endColumn": null,
        "path": "Oraculo/lottery_orchestrator.py",
        "symbol": "trailing-whitespace",
        "message": "Trailing whitespace",
        "message-id": "C0303"
    },
    {
        "type": "convention",
        "module": "Oraculo.lottery_orchestrator",
        "obj": "",
        "line": 191,
        "column": 0,
        "endLine": null,
        "endColumn": null,
        "path": "Oraculo/lottery_orchestrator.py",
        "symbol": "trailing-whitespace",
        "message": "Trailing whitespace",
        "message-id": "C0303"
    },
    {
        "type": "convention",
        "module": "Oraculo.lottery_orchestrator",
        "obj": "",
        "line": 197,
        "column": 0,
        "endLine": null,
        "endColumn": null,
        "path": "Oraculo/lottery_orchestrator.py",
        "symbol": "trailing-whitespace",
        "message": "Trailing whitespace",
        "message-id": "C0303"
    },
    {
        "type": "convention",
        "module": "Oraculo.lottery_orchestrator",
        "obj": "",
        "line": 204,
        "column": 0,
        "endLine": null,
        "endColumn": null,
        "path": "Oraculo/lottery_orchestrator.py",
        "symbol": "trailing-whitespace",
        "message": "Trailing whitespace",
        "message-id": "C0303"
    },
    {
        "type": "warning",
        "module": "Oraculo.common.models.evolutionary",
        "obj": "evolve_population",
        "line": 38,
        "column": 8,
        "endLine": 38,
        "endColumn": 11,
        "path": "Oraculo/common/models/evolutionary.py",
        "symbol": "unused-variable",
        "message": "Unused variable 'gen'",
        "message-id": "W0612"
    },
    {
        "type": "convention",
        "module": "Oraculo.common.models.monte_carlo",
        "obj": "",
        "line": 18,
        "column": 0,
        "endLine": null,
        "endColumn": null,
        "path": "Oraculo/common/models/monte_carlo.py",
        "symbol": "trailing-whitespace",
        "message": "Trailing whitespace",
        "message-id": "C0303"
    },
    {
        "type": "convention",
        "module": "Oraculo.common.models.monte_carlo",
        "obj": "",
        "line": 33,
        "column": 0,
        "endLine": null,
        "endColumn": null,
        "path": "Oraculo/common/models/monte_carlo.py",
        "symbol": "trailing-whitespace",
        "message": "Trailing whitespace",
        "message-id": "C0303"
    },
    {
        "type": "convention",
        "module": "Oraculo.common.models.monte_carlo",
        "obj": "",
        "line": 41,
        "column": 0,
        "endLine": null,
        "endColumn": null,
        "path": "Oraculo/common/models/monte_carlo.py",
        "symbol": "trailing-whitespace",
        "message": "Trailing whitespace",
        "message-id": "C0303"
    },
    {
        "type": "convention",
        "module": "Oraculo.common.models.monte_carlo",
        "obj": "",
        "line": 56,
        "column": 0,
        "endLine": null,
        "endColumn": null,
        "path": "Oraculo/common/models/monte_carlo.py",
        "symbol": "trailing-whitespace",
        "message": "Trailing whitespace",
        "message-id": "C0303"
    },
    {
        "type": "convention",
        "module": "Oraculo.common.models.monte_carlo",
        "obj": "",
        "line": 61,
        "column": 0,
        "endLine": null,
        "endColumn": null,
        "path": "Oraculo/common/models/monte_carlo.py",
        "symbol": "trailing-whitespace",
        "message": "Trailing whitespace",
        "message-id": "C0303"
    },
    {
        "type": "convention",
        "module": "Oraculo.common.models.monte_carlo",
        "obj": "",
        "line": 65,
        "column": 0,
        "endLine": null,
        "endColumn": null,
        "path": "Oraculo/common/models/monte_carlo.py",
        "symbol": "trailing-whitespace",
        "message": "Trailing whitespace",
        "message-id": "C0303"
    },
    {
        "type": "convention",
        "module": "Oraculo.common.models.monte_carlo",
        "obj": "",
        "line": 70,
        "column": 0,
        "endLine": null,
        "endColumn": null,
        "path": "Oraculo/common/models/monte_carlo.py",
        "symbol": "trailing-whitespace",
        "message": "Trailing whitespace",
        "message-id": "C0303"
    },
    {
        "type": "convention",
        "module": "Oraculo.common.models.monte_carlo",
        "obj": "",
        "line": 75,
        "column": 0,
        "endLine": null,
        "endColumn": null,
        "path": "Oraculo/common/models/monte_carlo.py",
        "symbol": "trailing-whitespace",
        "message": "Trailing whitespace",
        "message-id": "C0303"
    },
    {
        "type": "convention",
        "module": "Oraculo.common.models.monte_carlo",
        "obj": "",
        "line": 86,
        "column": 0,
        "endLine": null,
        "endColumn": null,
        "path": "Oraculo/common/models/monte_carlo.py",
        "symbol": "trailing-whitespace",
        "message": "Trailing whitespace",
        "message-id": "C0303"
    },
    {
        "type": "convention",
        "module": "Oraculo.common.models.monte_carlo",
        "obj": "",
        "line": 93,
        "column": 0,
        "endLine": null,
        "endColumn": null,
        "path": "Oraculo/common/models/monte_carlo.py",
        "symbol": "trailing-whitespace",
        "message": "Trailing whitespace",
        "message-id": "C0303"
    },
    {
        "type": "convention",
        "module": "Oraculo.common.models.monte_carlo",
        "obj": "",
        "line": 99,
        "column": 0,
        "endLine": null,
        "endColumn": null,
        "path": "Oraculo/common/models/monte_carlo.py",
        "symbol": "trailing-whitespace",
        "message": "Trailing whitespace",
        "message-id": "C0303"
    },
    {
        "type": "convention",
        "module": "Oraculo.common.models.monte_carlo",
        "obj": "",
        "line": 104,
        "column": 0,
        "endLine": null,
        "endColumn": null,
        "path": "Oraculo/common/models/monte_carlo.py",
        "symbol": "trailing-whitespace",
        "message": "Trailing whitespace",
        "message-id": "C0303"
    },
    {
        "type": "convention",
        "module": "Oraculo.common.models.monte_carlo",
        "obj": "",
        "line": 114,
        "column": 0,
        "endLine": null,
        "endColumn": null,
        "path": "Oraculo/common/models/monte_carlo.py",
        "symbol": "trailing-whitespace",
        "message": "Trailing whitespace",
        "message-id": "C0303"
    },
    {
        "type": "convention",
        "module": "Oraculo.common.models.monte_carlo",
        "obj": "",
        "line": 116,
        "column": 0,
        "endLine": null,
        "endColumn": null,
        "path": "Oraculo/common/models/monte_carlo.py",
        "symbol": "trailing-whitespace",
        "message": "Trailing whitespace",
        "message-id": "C0303"
    },
    {
        "type": "convention",
        "module": "Oraculo.common.models.monte_carlo",
        "obj": "",
        "line": 120,
        "column": 0,
        "endLine": null,
        "endColumn": null,
        "path": "Oraculo/common/models/monte_carlo.py",
        "symbol": "trailing-whitespace",
        "message": "Trailing whitespace",
        "message-id": "C0303"
    },
    {
        "type": "convention",
        "module": "Oraculo.common.models.monte_carlo",
        "obj": "",
        "line": 125,
        "column": 0,
        "endLine": null,
        "endColumn": null,
        "path": "Oraculo/common/models/monte_carlo.py",
        "symbol": "trailing-whitespace",
        "message": "Trailing whitespace",
        "message-id": "C0303"
    },
    {
        "type": "convention",
        "module": "Oraculo.common.models.monte_carlo",
        "obj": "",
        "line": 128,
        "column": 31,
        "endLine": null,
        "endColumn": null,
        "path": "Oraculo/common/models/monte_carlo.py",
        "symbol": "trailing-whitespace",
        "message": "Trailing whitespace",
        "message-id": "C0303"
    },
    {
        "type": "convention",
        "module": "Oraculo.common.models.monte_carlo",
        "obj": "",
        "line": 129,
        "column": 39,
        "endLine": null,
        "endColumn": null,
        "path": "Oraculo/common/models/monte_carlo.py",
        "symbol": "trailing-whitespace",
        "message": "Trailing whitespace",
        "message-id": "C0303"
    },
    {
        "type": "convention",
        "module": "Oraculo.common.models.monte_carlo",
        "obj": "",
        "line": 130,
        "column": 26,
        "endLine": null,
        "endColumn": null,
        "path": "Oraculo/common/models/monte_carlo.py",
        "symbol": "trailing-whitespace",
        "message": "Trailing whitespace",
        "message-id": "C0303"
    },
    {
        "type": "convention",
        "module": "Oraculo.common.models.monte_carlo",
        "obj": "",
        "line": 134,
        "column": 0,
        "endLine": null,
        "endColumn": null,
        "path": "Oraculo/common/models/monte_carlo.py",
        "symbol": "trailing-whitespace",
        "message": "Trailing whitespace",
        "message-id": "C0303"
    },
    {
        "type": "convention",
        "module": "Oraculo.common.models.monte_carlo",
        "obj": "",
        "line": 139,
        "column": 0,
        "endLine": null,
        "endColumn": null,
        "path": "Oraculo/common/models/monte_carlo.py",
        "symbol": "trailing-whitespace",
        "message": "Trailing whitespace",
        "message-id": "C0303"
    },
    {
        "type": "convention",
        "module": "Oraculo.common.models.monte_carlo",
        "obj": "",
        "line": 149,
        "column": 0,
        "endLine": null,
        "endColumn": null,
        "path": "Oraculo/common/models/monte_carlo.py",
        "symbol": "trailing-whitespace",
        "message": "Trailing whitespace",
        "message-id": "C0303"
    },
    {
        "type": "convention",
        "module": "Oraculo.common.models.monte_carlo",
        "obj": "",
        "line": 154,
        "column": 0,
        "endLine": null,
        "endColumn": null,
        "path": "Oraculo/common/models/monte_carlo.py",
        "symbol": "trailing-whitespace",
        "message": "Trailing whitespace",
        "message-id": "C0303"
    },
    {
        "type": "convention",
        "module": "Oraculo.common.models.monte_carlo",
        "obj": "",
        "line": 163,
        "column": 0,
        "endLine": null,
        "endColumn": null,
        "path": "Oraculo/common/models/monte_carlo.py",
        "symbol": "trailing-whitespace",
        "message": "Trailing whitespace",
        "message-id": "C0303"
    },
    {
        "type": "convention",
        "module": "Oraculo.common.models.monte_carlo",
        "obj": "",
        "line": 168,
        "column": 0,
        "endLine": null,
        "endColumn": null,
        "path": "Oraculo/common/models/monte_carlo.py",
        "symbol": "trailing-whitespace",
        "message": "Trailing whitespace",
        "message-id": "C0303"
    },
    {
        "type": "convention",
        "module": "Oraculo.common.models.monte_carlo",
        "obj": "",
        "line": 173,
        "column": 0,
        "endLine": null,
        "endColumn": null,
        "path": "Oraculo/common/models/monte_carlo.py",
        "symbol": "trailing-whitespace",
        "message": "Trailing whitespace",
        "message-id": "C0303"
    },
    {
        "type": "convention",
        "module": "Oraculo.common.models.monte_carlo",
        "obj": "",
        "line": 177,
        "column": 0,
        "endLine": null,
        "endColumn": null,
        "path": "Oraculo/common/models/monte_carlo.py",
        "symbol": "trailing-whitespace",
        "message": "Trailing whitespace",
        "message-id": "C0303"
    },
    {
        "type": "convention",
        "module": "Oraculo.common.models.monte_carlo",
        "obj": "",
        "line": 179,
        "column": 72,
        "endLine": null,
        "endColumn": null,
        "path": "Oraculo/common/models/monte_carlo.py",
        "symbol": "trailing-whitespace",
        "message": "Trailing whitespace",
        "message-id": "C0303"
    },
    {
        "type": "convention",
        "module": "Oraculo.common.models.monte_carlo",
        "obj": "",
        "line": 182,
        "column": 0,
        "endLine": null,
        "endColumn": null,
        "path": "Oraculo/common/models/monte_carlo.py",
        "symbol": "trailing-whitespace",
        "message": "Trailing whitespace",
        "message-id": "C0303"
    },
    {
        "type": "convention",
        "module": "Oraculo.common.models.monte_carlo",
        "obj": "",
        "line": 188,
        "column": 0,
        "endLine": null,
        "endColumn": null,
        "path": "Oraculo/common/models/monte_carlo.py",
        "symbol": "trailing-whitespace",
        "message": "Trailing whitespace",
        "message-id": "C0303"
    },
    {
        "type": "convention",
        "module": "Oraculo.common.models.monte_carlo",
        "obj": "",
        "line": 191,
        "column": 0,
        "endLine": null,
        "endColumn": null,
        "path": "Oraculo/common/models/monte_carlo.py",
        "symbol": "trailing-whitespace",
        "message": "Trailing whitespace",
        "message-id": "C0303"
    },
    {
        "type": "convention",
        "module": "Oraculo.common.models.monte_carlo",
        "obj": "",
        "line": 195,
        "column": 0,
        "endLine": null,
        "endColumn": null,
        "path": "Oraculo/common/models/monte_carlo.py",
        "symbol": "trailing-whitespace",
        "message": "Trailing whitespace",
        "message-id": "C0303"
    },
    {
        "type": "convention",
        "module": "Oraculo.common.models.monte_carlo",
        "obj": "",
        "line": 200,
        "column": 0,
        "endLine": null,
        "endColumn": null,
        "path": "Oraculo/common/models/monte_carlo.py",
        "symbol": "trailing-whitespace",
        "message": "Trailing whitespace",
        "message-id": "C0303"
    },
    {
        "type": "convention",
        "module": "Oraculo.common.models.monte_carlo",
        "obj": "",
        "line": 203,
        "column": 0,
        "endLine": null,
        "endColumn": null,
        "path": "Oraculo/common/models/monte_carlo.py",
        "symbol": "trailing-whitespace",
        "message": "Trailing whitespace",
        "message-id": "C0303"
    },
    {
        "type": "convention",
        "module": "Oraculo.common.models.monte_carlo",
        "obj": "",
        "line": 206,
        "column": 0,
        "endLine": null,
        "endColumn": null,
        "path": "Oraculo/common/models/monte_carlo.py",
        "symbol": "trailing-whitespace",
        "message": "Trailing whitespace",
        "message-id": "C0303"
    },
    {
        "type": "convention",
        "module": "Oraculo.common.models.monte_carlo",
        "obj": "",
        "line": 209,
        "column": 0,
        "endLine": null,
        "endColumn": null,
        "path": "Oraculo/common/models/monte_carlo.py",
        "symbol": "trailing-whitespace",
        "message": "Trailing whitespace",
        "message-id": "C0303"
    },
    {
        "type": "convention",
        "module": "Oraculo.common.models.monte_carlo",
        "obj": "",
        "line": 213,
        "column": 0,
        "endLine": null,
        "endColumn": null,
        "path": "Oraculo/common/models/monte_carlo.py",
        "symbol": "trailing-whitespace",
        "message": "Trailing whitespace",
        "message-id": "C0303"
    },
    {
        "type": "convention",
        "module": "Oraculo.common.models.monte_carlo",
        "obj": "",
        "line": 217,
        "column": 0,
        "endLine": null,
        "endColumn": null,
        "path": "Oraculo/common/models/monte_carlo.py",
        "symbol": "trailing-whitespace",
        "message": "Trailing whitespace",
        "message-id": "C0303"
    },
    {
        "type": "convention",
        "module": "Oraculo.common.models.monte_carlo",
        "obj": "",
        "line": 220,
        "column": 0,
        "endLine": null,
        "endColumn": null,
        "path": "Oraculo/common/models/monte_carlo.py",
        "symbol": "trailing-whitespace",
        "message": "Trailing whitespace",
        "message-id": "C0303"
    },
    {
        "type": "convention",
        "module": "Oraculo.common.models.monte_carlo",
        "obj": "",
        "line": 224,
        "column": 0,
        "endLine": null,
        "endColumn": null,
        "path": "Oraculo/common/models/monte_carlo.py",
        "symbol": "trailing-whitespace",
        "message": "Trailing whitespace",
        "message-id": "C0303"
    },
    {
        "type": "convention",
        "module": "Oraculo.common.models.monte_carlo",
        "obj": "",
        "line": 231,
        "column": 0,
        "endLine": null,
        "endColumn": null,
        "path": "Oraculo/common/models/monte_carlo.py",
        "symbol": "trailing-whitespace",
        "message": "Trailing whitespace",
        "message-id": "C0303"
    },
    {
        "type": "convention",
        "module": "Oraculo.common.models.monte_carlo",
        "obj": "",
        "line": 233,
        "column": 0,
        "endLine": null,
        "endColumn": null,
        "path": "Oraculo/common/models/monte_carlo.py",
        "symbol": "trailing-whitespace",
        "message": "Trailing whitespace",
        "message-id": "C0303"
    },
    {
        "type": "convention",
        "module": "Oraculo.common.models.monte_carlo",
        "obj": "",
        "line": 246,
        "column": 0,
        "endLine": null,
        "endColumn": null,
        "path": "Oraculo/common/models/monte_carlo.py",
        "symbol": "trailing-whitespace",
        "message": "Trailing whitespace",
        "message-id": "C0303"
    },
    {
        "type": "convention",
        "module": "Oraculo.common.models.monte_carlo",
        "obj": "",
        "line": 248,
        "column": 0,
        "endLine": null,
        "endColumn": null,
        "path": "Oraculo/common/models/monte_carlo.py",
        "symbol": "trailing-whitespace",
        "message": "Trailing whitespace",
        "message-id": "C0303"
    },
    {
        "type": "convention",
        "module": "Oraculo.common.models.monte_carlo",
        "obj": "",
        "line": 252,
        "column": 0,
        "endLine": null,
        "endColumn": null,
        "path": "Oraculo/common/models/monte_carlo.py",
        "symbol": "trailing-whitespace",
        "message": "Trailing whitespace",
        "message-id": "C0303"
    },
    {
        "type": "convention",
        "module": "Oraculo.common.models.monte_carlo",
        "obj": "",
        "line": 255,
        "column": 0,
        "endLine": null,
        "endColumn": null,
        "path": "Oraculo/common/models/monte_carlo.py",
        "symbol": "trailing-whitespace",
        "message": "Trailing whitespace",
        "message-id": "C0303"
    },
    {
        "type": "convention",
        "module": "Oraculo.common.models.monte_carlo",
        "obj": "",
        "line": 259,
        "column": 0,
        "endLine": null,
        "endColumn": null,
        "path": "Oraculo/common/models/monte_carlo.py",
        "symbol": "trailing-whitespace",
        "message": "Trailing whitespace",
        "message-id": "C0303"
    },
    {
        "type": "convention",
        "module": "Oraculo.common.models.monte_carlo",
        "obj": "",
        "line": 262,
        "column": 0,
        "endLine": null,
        "endColumn": null,
        "path": "Oraculo/common/models/monte_carlo.py",
        "symbol": "trailing-whitespace",
        "message": "Trailing whitespace",
        "message-id": "C0303"
    },
    {
        "type": "convention",
        "module": "Oraculo.common.models.monte_carlo",
        "obj": "",
        "line": 266,
        "column": 0,
        "endLine": null,
        "endColumn": null,
        "path": "Oraculo/common/models/monte_carlo.py",
        "symbol": "trailing-whitespace",
        "message": "Trailing whitespace",
        "message-id": "C0303"
    },
    {
        "type": "convention",
        "module": "Oraculo.common.models.monte_carlo",
        "obj": "",
        "line": 269,
        "column": 43,
        "endLine": null,
        "endColumn": null,
        "path": "Oraculo/common/models/monte_carlo.py",
        "symbol": "trailing-whitespace",
        "message": "Trailing whitespace",
        "message-id": "C0303"
    },
    {
        "type": "convention",
        "module": "Oraculo.common.models.monte_carlo",
        "obj": "",
        "line": 272,
        "column": 0,
        "endLine": null,
        "endColumn": null,
        "path": "Oraculo/common/models/monte_carlo.py",
        "symbol": "trailing-whitespace",
        "message": "Trailing whitespace",
        "message-id": "C0303"
    },
    {
        "type": "convention",
        "module": "Oraculo.common.models.monte_carlo",
        "obj": "",
        "line": 277,
        "column": 0,
        "endLine": null,
        "endColumn": null,
        "path": "Oraculo/common/models/monte_carlo.py",
        "symbol": "trailing-whitespace",
        "message": "Trailing whitespace",
        "message-id": "C0303"
    },
    {
        "type": "convention",
        "module": "Oraculo.common.models.monte_carlo",
        "obj": "",
        "line": 279,
        "column": 64,
        "endLine": null,
        "endColumn": null,
        "path": "Oraculo/common/models/monte_carlo.py",
        "symbol": "trailing-whitespace",
        "message": "Trailing whitespace",
        "message-id": "C0303"
    },
    {
        "type": "convention",
        "module": "Oraculo.common.models.monte_carlo",
        "obj": "",
        "line": 282,
        "column": 0,
        "endLine": null,
        "endColumn": null,
        "path": "Oraculo/common/models/monte_carlo.py",
        "symbol": "trailing-whitespace",
        "message": "Trailing whitespace",
        "message-id": "C0303"
    },
    {
        "type": "convention",
        "module": "Oraculo.common.models.monte_carlo",
        "obj": "",
        "line": 287,
        "column": 0,
        "endLine": null,
        "endColumn": null,
        "path": "Oraculo/common/models/monte_carlo.py",
        "symbol": "trailing-whitespace",
        "message": "Trailing whitespace",
        "message-id": "C0303"
    },
    {
        "type": "convention",
        "module": "Oraculo.common.models.monte_carlo",
        "obj": "",
        "line": 297,
        "column": 0,
        "endLine": null,
        "endColumn": null,
        "path": "Oraculo/common/models/monte_carlo.py",
        "symbol": "trailing-whitespace",
        "message": "Trailing whitespace",
        "message-id": "C0303"
    },
    {
        "type": "convention",
        "module": "Oraculo.common.models.monte_carlo",
        "obj": "",
        "line": 306,
        "column": 0,
        "endLine": null,
        "endColumn": null,
        "path": "Oraculo/common/models/monte_carlo.py",
        "symbol": "trailing-whitespace",
        "message": "Trailing whitespace",
        "message-id": "C0303"
    },
    {
        "type": "convention",
        "module": "Oraculo.common.models.monte_carlo",
        "obj": "",
        "line": 317,
        "column": 0,
        "endLine": null,
        "endColumn": null,
        "path": "Oraculo/common/models/monte_carlo.py",
        "symbol": "trailing-whitespace",
        "message": "Trailing whitespace",
        "message-id": "C0303"
    },
    {
        "type": "convention",
        "module": "Oraculo.common.models.monte_carlo",
        "obj": "",
        "line": 322,
        "column": 0,
        "endLine": null,
        "endColumn": null,
        "path": "Oraculo/common/models/monte_carlo.py",
        "symbol": "trailing-whitespace",
        "message": "Trailing whitespace",
        "message-id": "C0303"
    },
    {
        "type": "convention",
        "module": "Oraculo.common.models.monte_carlo",
        "obj": "",
        "line": 326,
        "column": 0,
        "endLine": null,
        "endColumn": null,
        "path": "Oraculo/common/models/monte_carlo.py",
        "symbol": "trailing-whitespace",
        "message": "Trailing whitespace",
        "message-id": "C0303"
    },
    {
        "type": "convention",
        "module": "Oraculo.common.models.monte_carlo",
        "obj": "",
        "line": 340,
        "column": 0,
        "endLine": null,
        "endColumn": null,
        "path": "Oraculo/common/models/monte_carlo.py",
        "symbol": "trailing-whitespace",
        "message": "Trailing whitespace",
        "message-id": "C0303"
    },
    {
        "type": "convention",
        "module": "Oraculo.common.models.monte_carlo",
        "obj": "",
        "line": 346,
        "column": 0,
        "endLine": null,
        "endColumn": null,
        "path": "Oraculo/common/models/monte_carlo.py",
        "symbol": "trailing-whitespace",
        "message": "Trailing whitespace",
        "message-id": "C0303"
    },
    {
        "type": "convention",
        "module": "Oraculo.common.models.monte_carlo",
        "obj": "",
        "line": 353,
        "column": 0,
        "endLine": null,
        "endColumn": null,
        "path": "Oraculo/common/models/monte_carlo.py",
        "symbol": "trailing-whitespace",
        "message": "Trailing whitespace",
        "message-id": "C0303"
    },
    {
        "type": "convention",
        "module": "Oraculo.common.models.monte_carlo",
        "obj": "",
        "line": 357,
        "column": 0,
        "endLine": null,
        "endColumn": null,
        "path": "Oraculo/common/models/monte_carlo.py",
        "symbol": "trailing-whitespace",
        "message": "Trailing whitespace",
        "message-id": "C0303"
    },
    {
        "type": "convention",
        "module": "Oraculo.common.models.monte_carlo",
        "obj": "",
        "line": 363,
        "column": 0,
        "endLine": null,
        "endColumn": null,
        "path": "Oraculo/common/models/monte_carlo.py",
        "symbol": "trailing-whitespace",
        "message": "Trailing whitespace",
        "message-id": "C0303"
    },
    {
        "type": "convention",
        "module": "Oraculo.common.models.monte_carlo",
        "obj": "",
        "line": 366,
        "column": 0,
        "endLine": null,
        "endColumn": null,
        "path": "Oraculo/common/models/monte_carlo.py",
        "symbol": "trailing-whitespace",
        "message": "Trailing whitespace",
        "message-id": "C0303"
    },
    {
        "type": "convention",
        "module": "Oraculo.common.models.monte_carlo",
        "obj": "",
        "line": 368,
        "column": 0,
        "endLine": null,
        "endColumn": null,
        "path": "Oraculo/common/models/monte_carlo.py",
        "symbol": "trailing-whitespace",
        "message": "Trailing whitespace",
        "message-id": "C0303"
    },
    {
        "type": "convention",
        "module": "Oraculo.common.models.monte_carlo",
        "obj": "",
        "line": 372,
        "column": 0,
        "endLine": null,
        "endColumn": null,
        "path": "Oraculo/common/models/monte_carlo.py",
        "symbol": "trailing-whitespace",
        "message": "Trailing whitespace",
        "message-id": "C0303"
    },
    {
        "type": "convention",
        "module": "Oraculo.common.models.monte_carlo",
        "obj": "",
        "line": 375,
        "column": 0,
        "endLine": null,
        "endColumn": null,
        "path": "Oraculo/common/models/monte_carlo.py",
        "symbol": "trailing-whitespace",
        "message": "Trailing whitespace",
        "message-id": "C0303"
    },
    {
        "type": "convention",
        "module": "Oraculo.common.models.monte_carlo",
        "obj": "",
        "line": 382,
        "column": 0,
        "endLine": null,
        "endColumn": null,
        "path": "Oraculo/common/models/monte_carlo.py",
        "symbol": "trailing-whitespace",
        "message": "Trailing whitespace",
        "message-id": "C0303"
    },
    {
        "type": "convention",
        "module": "Oraculo.common.models.monte_carlo",
        "obj": "",
        "line": 384,
        "column": 0,
        "endLine": null,
        "endColumn": null,
        "path": "Oraculo/common/models/monte_carlo.py",
        "symbol": "trailing-whitespace",
        "message": "Trailing whitespace",
        "message-id": "C0303"
    },
    {
        "type": "convention",
        "module": "Oraculo.common.models.monte_carlo",
        "obj": "",
        "line": 386,
        "column": 62,
        "endLine": null,
        "endColumn": null,
        "path": "Oraculo/common/models/monte_carlo.py",
        "symbol": "trailing-whitespace",
        "message": "Trailing whitespace",
        "message-id": "C0303"
    },
    {
        "type": "convention",
        "module": "Oraculo.common.models.monte_carlo",
        "obj": "",
        "line": 392,
        "column": 0,
        "endLine": null,
        "endColumn": null,
        "path": "Oraculo/common/models/monte_carlo.py",
        "symbol": "trailing-whitespace",
        "message": "Trailing whitespace",
        "message-id": "C0303"
    },
    {
        "type": "convention",
        "module": "Oraculo.common.models.monte_carlo",
        "obj": "",
        "line": 394,
        "column": 0,
        "endLine": null,
        "endColumn": null,
        "path": "Oraculo/common/models/monte_carlo.py",
        "symbol": "trailing-whitespace",
        "message": "Trailing whitespace",
        "message-id": "C0303"
    },
    {
        "type": "convention",
        "module": "Oraculo.common.models.monte_carlo",
        "obj": "",
        "line": 395,
        "column": 63,
        "endLine": null,
        "endColumn": null,
        "path": "Oraculo/common/models/monte_carlo.py",
        "symbol": "trailing-whitespace",
        "message": "Trailing whitespace",
        "message-id": "C0303"
    },
    {
        "type": "convention",
        "module": "Oraculo.common.models.monte_carlo",
        "obj": "",
        "line": 403,
        "column": 0,
        "endLine": null,
        "endColumn": null,
        "path": "Oraculo/common/models/monte_carlo.py",
        "symbol": "trailing-whitespace",
        "message": "Trailing whitespace",
        "message-id": "C0303"
    },
    {
        "type": "convention",
        "module": "Oraculo.common.models.monte_carlo",
        "obj": "",
        "line": 407,
        "column": 0,
        "endLine": null,
        "endColumn": null,
        "path": "Oraculo/common/models/monte_carlo.py",
        "symbol": "trailing-whitespace",
        "message": "Trailing whitespace",
        "message-id": "C0303"
    },
    {
        "type": "convention",
        "module": "Oraculo.common.models.monte_carlo",
        "obj": "",
        "line": 411,
        "column": 0,
        "endLine": null,
        "endColumn": null,
        "path": "Oraculo/common/models/monte_carlo.py",
        "symbol": "trailing-whitespace",
        "message": "Trailing whitespace",
        "message-id": "C0303"
    },
    {
        "type": "convention",
        "module": "Oraculo.common.models.monte_carlo",
        "obj": "",
        "line": 419,
        "column": 0,
        "endLine": null,
        "endColumn": null,
        "path": "Oraculo/common/models/monte_carlo.py",
        "symbol": "trailing-whitespace",
        "message": "Trailing whitespace",
        "message-id": "C0303"
    },
    {
        "type": "convention",
        "module": "Oraculo.common.models.monte_carlo",
        "obj": "",
        "line": 420,
        "column": 71,
        "endLine": null,
        "endColumn": null,
        "path": "Oraculo/common/models/monte_carlo.py",
        "symbol": "trailing-whitespace",
        "message": "Trailing whitespace",
        "message-id": "C0303"
    },
    {
        "type": "convention",
        "module": "Oraculo.common.models.monte_carlo",
        "obj": "",
        "line": 433,
        "column": 0,
        "endLine": null,
        "endColumn": null,
        "path": "Oraculo/common/models/monte_carlo.py",
        "symbol": "trailing-whitespace",
        "message": "Trailing whitespace",
        "message-id": "C0303"
    },
    {
        "type": "convention",
        "module": "Oraculo.common.models.monte_carlo",
        "obj": "",
        "line": 436,
        "column": 0,
        "endLine": null,
        "endColumn": null,
        "path": "Oraculo/common/models/monte_carlo.py",
        "symbol": "trailing-whitespace",
        "message": "Trailing whitespace",
        "message-id": "C0303"
    },
    {
        "type": "convention",
        "module": "Oraculo.common.models.monte_carlo",
        "obj": "",
        "line": 438,
        "column": 0,
        "endLine": null,
        "endColumn": null,
        "path": "Oraculo/common/models/monte_carlo.py",
        "symbol": "trailing-whitespace",
        "message": "Trailing whitespace",
        "message-id": "C0303"
    },
    {
        "type": "convention",
        "module": "Oraculo.common.models.monte_carlo",
        "obj": "",
        "line": 443,
        "column": 0,
        "endLine": null,
        "endColumn": null,
        "path": "Oraculo/common/models/monte_carlo.py",
        "symbol": "trailing-whitespace",
        "message": "Trailing whitespace",
        "message-id": "C0303"
    },
    {
        "type": "convention",
        "module": "Oraculo.common.models.monte_carlo",
        "obj": "",
        "line": 447,
        "column": 61,
        "endLine": null,
        "endColumn": null,
        "path": "Oraculo/common/models/monte_carlo.py",
        "symbol": "trailing-whitespace",
        "message": "Trailing whitespace",
        "message-id": "C0303"
    },
    {
        "type": "convention",
        "module": "Oraculo.common.models.monte_carlo",
        "obj": "",
        "line": 450,
        "column": 0,
        "endLine": null,
        "endColumn": null,
        "path": "Oraculo/common/models/monte_carlo.py",
        "symbol": "trailing-whitespace",
        "message": "Trailing whitespace",
        "message-id": "C0303"
    },
    {
        "type": "convention",
        "module": "Oraculo.common.models.monte_carlo",
        "obj": "",
        "line": 457,
        "column": 0,
        "endLine": null,
        "endColumn": null,
        "path": "Oraculo/common/models/monte_carlo.py",
        "symbol": "trailing-whitespace",
        "message": "Trailing whitespace",
        "message-id": "C0303"
    },
    {
        "type": "convention",
        "module": "Oraculo.common.models.monte_carlo",
        "obj": "",
        "line": 459,
        "column": 0,
        "endLine": null,
        "endColumn": null,
        "path": "Oraculo/common/models/monte_carlo.py",
        "symbol": "trailing-whitespace",
        "message": "Trailing whitespace",
        "message-id": "C0303"
    },
    {
        "type": "convention",
        "module": "Oraculo.common.models.monte_carlo",
        "obj": "",
        "line": 474,
        "column": 54,
        "endLine": null,
        "endColumn": null,
        "path": "Oraculo/common/models/monte_carlo.py",
        "symbol": "trailing-whitespace",
        "message": "Trailing whitespace",
        "message-id": "C0303"
    },
    {
        "type": "convention",
        "module": "Oraculo.common.models.monte_carlo",
        "obj": "",
        "line": 490,
        "column": 0,
        "endLine": null,
        "endColumn": null,
        "path": "Oraculo/common/models/monte_carlo.py",
        "symbol": "trailing-whitespace",
        "message": "Trailing whitespace",
        "message-id": "C0303"
    },
    {
        "type": "convention",
        "module": "Oraculo.common.models.monte_carlo",
        "obj": "",
        "line": 495,
        "column": 0,
        "endLine": null,
        "endColumn": null,
        "path": "Oraculo/common/models/monte_carlo.py",
        "symbol": "trailing-whitespace",
        "message": "Trailing whitespace",
        "message-id": "C0303"
    },
    {
        "type": "convention",
        "module": "Oraculo.common.models.monte_carlo",
        "obj": "",
        "line": 501,
        "column": 0,
        "endLine": null,
        "endColumn": null,
        "path": "Oraculo/common/models/monte_carlo.py",
        "symbol": "trailing-whitespace",
        "message": "Trailing whitespace",
        "message-id": "C0303"
    },
    {
        "type": "convention",
        "module": "Oraculo.common.models.monte_carlo",
        "obj": "",
        "line": 505,
        "column": 0,
        "endLine": null,
        "endColumn": null,
        "path": "Oraculo/common/models/monte_carlo.py",
        "symbol": "trailing-whitespace",
        "message": "Trailing whitespace",
        "message-id": "C0303"
    },
    {
        "type": "convention",
        "module": "Oraculo.common.models.monte_carlo",
        "obj": "",
        "line": 508,
        "column": 0,
        "endLine": null,
        "endColumn": null,
        "path": "Oraculo/common/models/monte_carlo.py",
        "symbol": "trailing-whitespace",
        "message": "Trailing whitespace",
        "message-id": "C0303"
    },
    {
        "type": "convention",
        "module": "Oraculo.common.models.monte_carlo",
        "obj": "",
        "line": 512,
        "column": 0,
        "endLine": null,
        "endColumn": null,
        "path": "Oraculo/common/models/monte_carlo.py",
        "symbol": "trailing-whitespace",
        "message": "Trailing whitespace",
        "message-id": "C0303"
    },
    {
        "type": "convention",
        "module": "Oraculo.common.models.monte_carlo",
        "obj": "",
        "line": 516,
        "column": 0,
        "endLine": null,
        "endColumn": null,
        "path": "Oraculo/common/models/monte_carlo.py",
        "symbol": "trailing-whitespace",
        "message": "Trailing whitespace",
        "message-id": "C0303"
    },
    {
        "type": "warning",
        "module": "Oraculo.common.models.monte_carlo",
        "obj": "",
        "line": 4,
        "column": 0,
        "endLine": 4,
        "endColumn": 41,
        "path": "Oraculo/common/models/monte_carlo.py",
        "symbol": "unused-import",
        "message": "Unused Tuple imported from typing",
        "message-id": "W0611"
    },
    {
        "type": "convention",
        "module": "Oraculo.common.models.mutation",
        "obj": "mutar",
        "line": 22,
        "column": 4,
        "endLine": 28,
        "endColumn": 30,
        "path": "Oraculo/common/models/mutation.py",
        "symbol": "consider-using-enumerate",
        "message": "Consider using enumerate instead of iterating with range and len",
        "message-id": "C0200"
    },
    {
        "type": "convention",
        "module": "Oraculo.common.models.neural_ensemble",
        "obj": "",
        "line": 30,
        "column": 0,
        "endLine": null,
        "endColumn": null,
        "path": "Oraculo/common/models/neural_ensemble.py",
        "symbol": "trailing-whitespace",
        "message": "Trailing whitespace",
        "message-id": "C0303"
    },
    {
        "type": "convention",
        "module": "Oraculo.common.models.neural_ensemble",
        "obj": "",
        "line": 45,
        "column": 0,
        "endLine": null,
        "endColumn": null,
        "path": "Oraculo/common/models/neural_ensemble.py",
        "symbol": "trailing-whitespace",
        "message": "Trailing whitespace",
        "message-id": "C0303"
    },
    {
        "type": "convention",
        "module": "Oraculo.common.models.neural_ensemble",
        "obj": "",
        "line": 49,
        "column": 0,
        "endLine": null,
        "endColumn": null,
        "path": "Oraculo/common/models/neural_ensemble.py",
        "symbol": "trailing-whitespace",
        "message": "Trailing whitespace",
        "message-id": "C0303"
    },
    {
        "type": "convention",
        "module": "Oraculo.common.models.neural_ensemble",
        "obj": "",
        "line": 66,
        "column": 0,
        "endLine": null,
        "endColumn": null,
        "path": "Oraculo/common/models/neural_ensemble.py",
        "symbol": "trailing-whitespace",
        "message": "Trailing whitespace",
        "message-id": "C0303"
    },
    {
        "type": "convention",
        "module": "Oraculo.common.models.neural_ensemble",
        "obj": "",
        "line": 70,
        "column": 0,
        "endLine": null,
        "endColumn": null,
        "path": "Oraculo/common/models/neural_ensemble.py",
        "symbol": "trailing-whitespace",
        "message": "Trailing whitespace",
        "message-id": "C0303"
    },
    {
        "type": "convention",
        "module": "Oraculo.common.models.neural_ensemble",
        "obj": "",
        "line": 83,
        "column": 0,
        "endLine": null,
        "endColumn": null,
        "path": "Oraculo/common/models/neural_ensemble.py",
        "symbol": "trailing-whitespace",
        "message": "Trailing whitespace",
        "message-id": "C0303"
    },
    {
        "type": "convention",
        "module": "Oraculo.common.models.neural_ensemble",
        "obj": "",
        "line": 92,
        "column": 0,
        "endLine": null,
        "endColumn": null,
        "path": "Oraculo/common/models/neural_ensemble.py",
        "symbol": "trailing-whitespace",
        "message": "Trailing whitespace",
        "message-id": "C0303"
    },
    {
        "type": "convention",
        "module": "Oraculo.common.models.neural_ensemble",
        "obj": "",
        "line": 98,
        "column": 0,
        "endLine": null,
        "endColumn": null,
        "path": "Oraculo/common/models/neural_ensemble.py",
        "symbol": "trailing-whitespace",
        "message": "Trailing whitespace",
        "message-id": "C0303"
    },
    {
        "type": "convention",
        "module": "Oraculo.common.models.neural_ensemble",
        "obj": "",
        "line": 107,
        "column": 0,
        "endLine": null,
        "endColumn": null,
        "path": "Oraculo/common/models/neural_ensemble.py",
        "symbol": "trailing-whitespace",
        "message": "Trailing whitespace",
        "message-id": "C0303"
    },
    {
        "type": "convention",
        "module": "Oraculo.common.models.neural_ensemble",
        "obj": "",
        "line": 117,
        "column": 0,
        "endLine": null,
        "endColumn": null,
        "path": "Oraculo/common/models/neural_ensemble.py",
        "symbol": "trailing-whitespace",
        "message": "Trailing whitespace",
        "message-id": "C0303"
    },
    {
        "type": "convention",
        "module": "Oraculo.common.models.neural_ensemble",
        "obj": "",
        "line": 127,
        "column": 0,
        "endLine": null,
        "endColumn": null,
        "path": "Oraculo/common/models/neural_ensemble.py",
        "symbol": "trailing-whitespace",
        "message": "Trailing whitespace",
        "message-id": "C0303"
    },
    {
        "type": "convention",
        "module": "Oraculo.common.models.neural_ensemble",
        "obj": "",
        "line": 132,
        "column": 0,
        "endLine": null,
        "endColumn": null,
        "path": "Oraculo/common/models/neural_ensemble.py",
        "symbol": "trailing-whitespace",
        "message": "Trailing whitespace",
        "message-id": "C0303"
    },
    {
        "type": "convention",
        "module": "Oraculo.common.models.neural_ensemble",
        "obj": "",
        "line": 139,
        "column": 0,
        "endLine": null,
        "endColumn": null,
        "path": "Oraculo/common/models/neural_ensemble.py",
        "symbol": "trailing-whitespace",
        "message": "Trailing whitespace",
        "message-id": "C0303"
    },
    {
        "type": "convention",
        "module": "Oraculo.common.models.neural_ensemble",
        "obj": "",
        "line": 145,
        "column": 0,
        "endLine": null,
        "endColumn": null,
        "path": "Oraculo/common/models/neural_ensemble.py",
        "symbol": "trailing-whitespace",
        "message": "Trailing whitespace",
        "message-id": "C0303"
    },
    {
        "type": "convention",
        "module": "Oraculo.common.models.neural_ensemble",
        "obj": "",
        "line": 147,
        "column": 0,
        "endLine": null,
        "endColumn": null,
        "path": "Oraculo/common/models/neural_ensemble.py",
        "symbol": "trailing-whitespace",
        "message": "Trailing whitespace",
        "message-id": "C0303"
    },
    {
        "type": "convention",
        "module": "Oraculo.common.models.neural_ensemble",
        "obj": "",
        "line": 149,
        "column": 0,
        "endLine": null,
        "endColumn": null,
        "path": "Oraculo/common/models/neural_ensemble.py",
        "symbol": "trailing-whitespace",
        "message": "Trailing whitespace",
        "message-id": "C0303"
    },
    {
        "type": "convention",
        "module": "Oraculo.common.models.neural_ensemble",
        "obj": "",
        "line": 162,
        "column": 0,
        "endLine": null,
        "endColumn": null,
        "path": "Oraculo/common/models/neural_ensemble.py",
        "symbol": "trailing-whitespace",
        "message": "Trailing whitespace",
        "message-id": "C0303"
    },
    {
        "type": "convention",
        "module": "Oraculo.common.models.neural_ensemble",
        "obj": "",
        "line": 170,
        "column": 0,
        "endLine": null,
        "endColumn": null,
        "path": "Oraculo/common/models/neural_ensemble.py",
        "symbol": "trailing-whitespace",
        "message": "Trailing whitespace",
        "message-id": "C0303"
    },
    {
        "type": "convention",
        "module": "Oraculo.common.models.neural_ensemble",
        "obj": "",
        "line": 172,
        "column": 0,
        "endLine": null,
        "endColumn": null,
        "path": "Oraculo/common/models/neural_ensemble.py",
        "symbol": "trailing-whitespace",
        "message": "Trailing whitespace",
        "message-id": "C0303"
    },
    {
        "type": "convention",
        "module": "Oraculo.common.models.neural_ensemble",
        "obj": "",
        "line": 184,
        "column": 0,
        "endLine": null,
        "endColumn": null,
        "path": "Oraculo/common/models/neural_ensemble.py",
        "symbol": "trailing-whitespace",
        "message": "Trailing whitespace",
        "message-id": "C0303"
    },
    {
        "type": "convention",
        "module": "Oraculo.common.models.neural_ensemble",
        "obj": "",
        "line": 186,
        "column": 0,
        "endLine": null,
        "endColumn": null,
        "path": "Oraculo/common/models/neural_ensemble.py",
        "symbol": "trailing-whitespace",
        "message": "Trailing whitespace",
        "message-id": "C0303"
    },
    {
        "type": "convention",
        "module": "Oraculo.common.models.neural_ensemble",
        "obj": "",
        "line": 190,
        "column": 0,
        "endLine": null,
        "endColumn": null,
        "path": "Oraculo/common/models/neural_ensemble.py",
        "symbol": "trailing-whitespace",
        "message": "Trailing whitespace",
        "message-id": "C0303"
    },
    {
        "type": "convention",
        "module": "Oraculo.common.models.neural_ensemble",
        "obj": "",
        "line": 192,
        "column": 0,
        "endLine": null,
        "endColumn": null,
        "path": "Oraculo/common/models/neural_ensemble.py",
        "symbol": "trailing-whitespace",
        "message": "Trailing whitespace",
        "message-id": "C0303"
    },
    {
        "type": "convention",
        "module": "Oraculo.common.models.neural_ensemble",
        "obj": "",
        "line": 200,
        "column": 0,
        "endLine": null,
        "endColumn": null,
        "path": "Oraculo/common/models/neural_ensemble.py",
        "symbol": "trailing-whitespace",
        "message": "Trailing whitespace",
        "message-id": "C0303"
    },
    {
        "type": "convention",
        "module": "Oraculo.common.models.neural_ensemble",
        "obj": "",
        "line": 203,
        "column": 0,
        "endLine": null,
        "endColumn": null,
        "path": "Oraculo/common/models/neural_ensemble.py",
        "symbol": "trailing-whitespace",
        "message": "Trailing whitespace",
        "message-id": "C0303"
    },
    {
        "type": "convention",
        "module": "Oraculo.common.models.neural_ensemble",
        "obj": "",
        "line": 214,
        "column": 0,
        "endLine": null,
        "endColumn": null,
        "path": "Oraculo/common/models/neural_ensemble.py",
        "symbol": "trailing-whitespace",
        "message": "Trailing whitespace",
        "message-id": "C0303"
    },
    {
        "type": "convention",
        "module": "Oraculo.common.models.neural_ensemble",
        "obj": "",
        "line": 219,
        "column": 0,
        "endLine": null,
        "endColumn": null,
        "path": "Oraculo/common/models/neural_ensemble.py",
        "symbol": "trailing-whitespace",
        "message": "Trailing whitespace",
        "message-id": "C0303"
    },
    {
        "type": "convention",
        "module": "Oraculo.common.models.neural_ensemble",
        "obj": "",
        "line": 223,
        "column": 0,
        "endLine": null,
        "endColumn": null,
        "path": "Oraculo/common/models/neural_ensemble.py",
        "symbol": "trailing-whitespace",
        "message": "Trailing whitespace",
        "message-id": "C0303"
    },
    {
        "type": "convention",
        "module": "Oraculo.common.models.neural_ensemble",
        "obj": "",
        "line": 238,
        "column": 0,
        "endLine": null,
        "endColumn": null,
        "path": "Oraculo/common/models/neural_ensemble.py",
        "symbol": "trailing-whitespace",
        "message": "Trailing whitespace",
        "message-id": "C0303"
    },
    {
        "type": "convention",
        "module": "Oraculo.common.models.neural_ensemble",
        "obj": "",
        "line": 244,
        "column": 0,
        "endLine": null,
        "endColumn": null,
        "path": "Oraculo/common/models/neural_ensemble.py",
        "symbol": "trailing-whitespace",
        "message": "Trailing whitespace",
        "message-id": "C0303"
    },
    {
        "type": "convention",
        "module": "Oraculo.common.models.neural_ensemble",
        "obj": "",
        "line": 251,
        "column": 0,
        "endLine": null,
        "endColumn": null,
        "path": "Oraculo/common/models/neural_ensemble.py",
        "symbol": "trailing-whitespace",
        "message": "Trailing whitespace",
        "message-id": "C0303"
    },
    {
        "type": "convention",
        "module": "Oraculo.common.models.neural_ensemble",
        "obj": "",
        "line": 256,
        "column": 0,
        "endLine": null,
        "endColumn": null,
        "path": "Oraculo/common/models/neural_ensemble.py",
        "symbol": "trailing-whitespace",
        "message": "Trailing whitespace",
        "message-id": "C0303"
    },
    {
        "type": "convention",
        "module": "Oraculo.common.models.neural_ensemble",
        "obj": "",
        "line": 265,
        "column": 0,
        "endLine": null,
        "endColumn": null,
        "path": "Oraculo/common/models/neural_ensemble.py",
        "symbol": "trailing-whitespace",
        "message": "Trailing whitespace",
        "message-id": "C0303"
    },
    {
        "type": "convention",
        "module": "Oraculo.common.models.neural_ensemble",
        "obj": "",
        "line": 269,
        "column": 0,
        "endLine": null,
        "endColumn": null,
        "path": "Oraculo/common/models/neural_ensemble.py",
        "symbol": "trailing-whitespace",
        "message": "Trailing whitespace",
        "message-id": "C0303"
    },
    {
        "type": "convention",
        "module": "Oraculo.common.models.neural_ensemble",
        "obj": "",
        "line": 273,
        "column": 0,
        "endLine": null,
        "endColumn": null,
        "path": "Oraculo/common/models/neural_ensemble.py",
        "symbol": "trailing-whitespace",
        "message": "Trailing whitespace",
        "message-id": "C0303"
    },
    {
        "type": "convention",
        "module": "Oraculo.common.models.neural_ensemble",
        "obj": "",
        "line": 276,
        "column": 0,
        "endLine": null,
        "endColumn": null,
        "path": "Oraculo/common/models/neural_ensemble.py",
        "symbol": "trailing-whitespace",
        "message": "Trailing whitespace",
        "message-id": "C0303"
    },
    {
        "type": "convention",
        "module": "Oraculo.common.models.neural_ensemble",
        "obj": "",
        "line": 280,
        "column": 0,
        "endLine": null,
        "endColumn": null,
        "path": "Oraculo/common/models/neural_ensemble.py",
        "symbol": "trailing-whitespace",
        "message": "Trailing whitespace",
        "message-id": "C0303"
    },
    {
        "type": "convention",
        "module": "Oraculo.common.models.neural_ensemble",
        "obj": "",
        "line": 284,
        "column": 0,
        "endLine": null,
        "endColumn": null,
        "path": "Oraculo/common/models/neural_ensemble.py",
        "symbol": "trailing-whitespace",
        "message": "Trailing whitespace",
        "message-id": "C0303"
    },
    {
        "type": "convention",
        "module": "Oraculo.common.models.neural_ensemble",
        "obj": "",
        "line": 290,
        "column": 0,
        "endLine": null,
        "endColumn": null,
        "path": "Oraculo/common/models/neural_ensemble.py",
        "symbol": "trailing-whitespace",
        "message": "Trailing whitespace",
        "message-id": "C0303"
    },
    {
        "type": "convention",
        "module": "Oraculo.common.models.neural_ensemble",
        "obj": "",
        "line": 294,
        "column": 0,
        "endLine": null,
        "endColumn": null,
        "path": "Oraculo/common/models/neural_ensemble.py",
        "symbol": "trailing-whitespace",
        "message": "Trailing whitespace",
        "message-id": "C0303"
    },
    {
        "type": "convention",
        "module": "Oraculo.common.models.neural_ensemble",
        "obj": "",
        "line": 297,
        "column": 38,
        "endLine": null,
        "endColumn": null,
        "path": "Oraculo/common/models/neural_ensemble.py",
        "symbol": "trailing-whitespace",
        "message": "Trailing whitespace",
        "message-id": "C0303"
    },
    {
        "type": "convention",
        "module": "Oraculo.common.models.neural_ensemble",
        "obj": "",
        "line": 298,
        "column": 32,
        "endLine": null,
        "endColumn": null,
        "path": "Oraculo/common/models/neural_ensemble.py",
        "symbol": "trailing-whitespace",
        "message": "Trailing whitespace",
        "message-id": "C0303"
    },
    {
        "type": "convention",
        "module": "Oraculo.common.models.neural_ensemble",
        "obj": "",
        "line": 299,
        "column": 34,
        "endLine": null,
        "endColumn": null,
        "path": "Oraculo/common/models/neural_ensemble.py",
        "symbol": "trailing-whitespace",
        "message": "Trailing whitespace",
        "message-id": "C0303"
    },
    {
        "type": "convention",
        "module": "Oraculo.common.models.neural_ensemble",
        "obj": "",
        "line": 306,
        "column": 0,
        "endLine": null,
        "endColumn": null,
        "path": "Oraculo/common/models/neural_ensemble.py",
        "symbol": "trailing-whitespace",
        "message": "Trailing whitespace",
        "message-id": "C0303"
    },
    {
        "type": "convention",
        "module": "Oraculo.common.models.neural_ensemble",
        "obj": "",
        "line": 309,
        "column": 0,
        "endLine": null,
        "endColumn": null,
        "path": "Oraculo/common/models/neural_ensemble.py",
        "symbol": "trailing-whitespace",
        "message": "Trailing whitespace",
        "message-id": "C0303"
    },
    {
        "type": "convention",
        "module": "Oraculo.common.models.neural_ensemble",
        "obj": "",
        "line": 311,
        "column": 64,
        "endLine": null,
        "endColumn": null,
        "path": "Oraculo/common/models/neural_ensemble.py",
        "symbol": "trailing-whitespace",
        "message": "Trailing whitespace",
        "message-id": "C0303"
    },
    {
        "type": "convention",
        "module": "Oraculo.common.models.neural_ensemble",
        "obj": "",
        "line": 315,
        "column": 0,
        "endLine": null,
        "endColumn": null,
        "path": "Oraculo/common/models/neural_ensemble.py",
        "symbol": "trailing-whitespace",
        "message": "Trailing whitespace",
        "message-id": "C0303"
    },
    {
        "type": "convention",
        "module": "Oraculo.common.models.neural_ensemble",
        "obj": "",
        "line": 318,
        "column": 0,
        "endLine": null,
        "endColumn": null,
        "path": "Oraculo/common/models/neural_ensemble.py",
        "symbol": "trailing-whitespace",
        "message": "Trailing whitespace",
        "message-id": "C0303"
    },
    {
        "type": "convention",
        "module": "Oraculo.common.models.neural_ensemble",
        "obj": "",
        "line": 322,
        "column": 0,
        "endLine": null,
        "endColumn": null,
        "path": "Oraculo/common/models/neural_ensemble.py",
        "symbol": "trailing-whitespace",
        "message": "Trailing whitespace",
        "message-id": "C0303"
    },
    {
        "type": "convention",
        "module": "Oraculo.common.models.neural_ensemble",
        "obj": "",
        "line": 330,
        "column": 0,
        "endLine": null,
        "endColumn": null,
        "path": "Oraculo/common/models/neural_ensemble.py",
        "symbol": "trailing-whitespace",
        "message": "Trailing whitespace",
        "message-id": "C0303"
    },
    {
        "type": "convention",
        "module": "Oraculo.common.models.neural_ensemble",
        "obj": "",
        "line": 336,
        "column": 0,
        "endLine": null,
        "endColumn": null,
        "path": "Oraculo/common/models/neural_ensemble.py",
        "symbol": "trailing-whitespace",
        "message": "Trailing whitespace",
        "message-id": "C0303"
    },
    {
        "type": "convention",
        "module": "Oraculo.common.models.neural_ensemble",
        "obj": "",
        "line": 343,
        "column": 0,
        "endLine": null,
        "endColumn": null,
        "path": "Oraculo/common/models/neural_ensemble.py",
        "symbol": "trailing-whitespace",
        "message": "Trailing whitespace",
        "message-id": "C0303"
    },
    {
        "type": "convention",
        "module": "Oraculo.common.models.neural_ensemble",
        "obj": "",
        "line": 348,
        "column": 0,
        "endLine": null,
        "endColumn": null,
        "path": "Oraculo/common/models/neural_ensemble.py",
        "symbol": "trailing-whitespace",
        "message": "Trailing whitespace",
        "message-id": "C0303"
    },
    {
        "type": "convention",
        "module": "Oraculo.common.models.neural_ensemble",
        "obj": "",
        "line": 351,
        "column": 0,
        "endLine": null,
        "endColumn": null,
        "path": "Oraculo/common/models/neural_ensemble.py",
        "symbol": "trailing-whitespace",
        "message": "Trailing whitespace",
        "message-id": "C0303"
    },
    {
        "type": "convention",
        "module": "Oraculo.common.models.neural_ensemble",
        "obj": "",
        "line": 353,
        "column": 0,
        "endLine": null,
        "endColumn": null,
        "path": "Oraculo/common/models/neural_ensemble.py",
        "symbol": "trailing-whitespace",
        "message": "Trailing whitespace",
        "message-id": "C0303"
    },
    {
        "type": "convention",
        "module": "Oraculo.common.models.neural_ensemble",
        "obj": "",
        "line": 361,
        "column": 0,
        "endLine": null,
        "endColumn": null,
        "path": "Oraculo/common/models/neural_ensemble.py",
        "symbol": "trailing-whitespace",
        "message": "Trailing whitespace",
        "message-id": "C0303"
    },
    {
        "type": "convention",
        "module": "Oraculo.common.models.neural_ensemble",
        "obj": "",
        "line": 379,
        "column": 0,
        "endLine": null,
        "endColumn": null,
        "path": "Oraculo/common/models/neural_ensemble.py",
        "symbol": "trailing-whitespace",
        "message": "Trailing whitespace",
        "message-id": "C0303"
    },
    {
        "type": "convention",
        "module": "Oraculo.common.models.neural_ensemble",
        "obj": "",
        "line": 385,
        "column": 0,
        "endLine": null,
        "endColumn": null,
        "path": "Oraculo/common/models/neural_ensemble.py",
        "symbol": "trailing-whitespace",
        "message": "Trailing whitespace",
        "message-id": "C0303"
    },
    {
        "type": "convention",
        "module": "Oraculo.common.models.neural_ensemble",
        "obj": "",
        "line": 389,
        "column": 0,
        "endLine": null,
        "endColumn": null,
        "path": "Oraculo/common/models/neural_ensemble.py",
        "symbol": "trailing-whitespace",
        "message": "Trailing whitespace",
        "message-id": "C0303"
    },
    {
        "type": "convention",
        "module": "Oraculo.common.models.neural_ensemble",
        "obj": "",
        "line": 395,
        "column": 0,
        "endLine": null,
        "endColumn": null,
        "path": "Oraculo/common/models/neural_ensemble.py",
        "symbol": "trailing-whitespace",
        "message": "Trailing whitespace",
        "message-id": "C0303"
    },
    {
        "type": "convention",
        "module": "Oraculo.common.models.neural_ensemble",
        "obj": "",
        "line": 397,
        "column": 0,
        "endLine": null,
        "endColumn": null,
        "path": "Oraculo/common/models/neural_ensemble.py",
        "symbol": "trailing-whitespace",
        "message": "Trailing whitespace",
        "message-id": "C0303"
    },
    {
        "type": "convention",
        "module": "Oraculo.common.models.neural_ensemble",
        "obj": "",
        "line": 405,
        "column": 0,
        "endLine": null,
        "endColumn": null,
        "path": "Oraculo/common/models/neural_ensemble.py",
        "symbol": "trailing-whitespace",
        "message": "Trailing whitespace",
        "message-id": "C0303"
    },
    {
        "type": "convention",
        "module": "Oraculo.common.models.neural_ensemble",
        "obj": "",
        "line": 408,
        "column": 0,
        "endLine": null,
        "endColumn": null,
        "path": "Oraculo/common/models/neural_ensemble.py",
        "symbol": "trailing-whitespace",
        "message": "Trailing whitespace",
        "message-id": "C0303"
    },
    {
        "type": "convention",
        "module": "Oraculo.common.models.neural_ensemble",
        "obj": "",
        "line": 412,
        "column": 0,
        "endLine": null,
        "endColumn": null,
        "path": "Oraculo/common/models/neural_ensemble.py",
        "symbol": "trailing-whitespace",
        "message": "Trailing whitespace",
        "message-id": "C0303"
    },
    {
        "type": "convention",
        "module": "Oraculo.common.models.neural_ensemble",
        "obj": "",
        "line": 419,
        "column": 0,
        "endLine": null,
        "endColumn": null,
        "path": "Oraculo/common/models/neural_ensemble.py",
        "symbol": "trailing-whitespace",
        "message": "Trailing whitespace",
        "message-id": "C0303"
    },
    {
        "type": "convention",
        "module": "Oraculo.common.models.neural_ensemble",
        "obj": "",
        "line": 422,
        "column": 0,
        "endLine": null,
        "endColumn": null,
        "path": "Oraculo/common/models/neural_ensemble.py",
        "symbol": "trailing-whitespace",
        "message": "Trailing whitespace",
        "message-id": "C0303"
    },
    {
        "type": "convention",
        "module": "Oraculo.common.models.neural_ensemble",
        "obj": "",
        "line": 427,
        "column": 0,
        "endLine": null,
        "endColumn": null,
        "path": "Oraculo/common/models/neural_ensemble.py",
        "symbol": "trailing-whitespace",
        "message": "Trailing whitespace",
        "message-id": "C0303"
    },
    {
        "type": "convention",
        "module": "Oraculo.common.models.neural_ensemble",
        "obj": "",
        "line": 434,
        "column": 0,
        "endLine": null,
        "endColumn": null,
        "path": "Oraculo/common/models/neural_ensemble.py",
        "symbol": "trailing-whitespace",
        "message": "Trailing whitespace",
        "message-id": "C0303"
    },
    {
        "type": "convention",
        "module": "Oraculo.common.models.neural_ensemble",
        "obj": "",
        "line": 439,
        "column": 0,
        "endLine": null,
        "endColumn": null,
        "path": "Oraculo/common/models/neural_ensemble.py",
        "symbol": "trailing-whitespace",
        "message": "Trailing whitespace",
        "message-id": "C0303"
    },
    {
        "type": "convention",
        "module": "Oraculo.common.models.neural_ensemble",
        "obj": "",
        "line": 441,
        "column": 0,
        "endLine": null,
        "endColumn": null,
        "path": "Oraculo/common/models/neural_ensemble.py",
        "symbol": "trailing-whitespace",
        "message": "Trailing whitespace",
        "message-id": "C0303"
    },
    {
        "type": "convention",
        "module": "Oraculo.common.models.neural_ensemble",
        "obj": "",
        "line": 522,
        "column": 0,
        "endLine": null,
        "endColumn": null,
        "path": "Oraculo/common/models/neural_ensemble.py",
        "symbol": "trailing-whitespace",
        "message": "Trailing whitespace",
        "message-id": "C0303"
    },
    {
        "type": "convention",
        "module": "Oraculo.common.models.neural_ensemble",
        "obj": "",
        "line": 528,
        "column": 0,
        "endLine": null,
        "endColumn": null,
        "path": "Oraculo/common/models/neural_ensemble.py",
        "symbol": "trailing-whitespace",
        "message": "Trailing whitespace",
        "message-id": "C0303"
    },
    {
        "type": "convention",
        "module": "Oraculo.common.models.neural_ensemble",
        "obj": "",
        "line": 532,
        "column": 0,
        "endLine": null,
        "endColumn": null,
        "path": "Oraculo/common/models/neural_ensemble.py",
        "symbol": "trailing-whitespace",
        "message": "Trailing whitespace",
        "message-id": "C0303"
    },
    {
        "type": "convention",
        "module": "Oraculo.common.models.neural_ensemble",
        "obj": "",
        "line": 535,
        "column": 0,
        "endLine": null,
        "endColumn": null,
        "path": "Oraculo/common/models/neural_ensemble.py",
        "symbol": "trailing-whitespace",
        "message": "Trailing whitespace",
        "message-id": "C0303"
    },
    {
        "type": "convention",
        "module": "Oraculo.common.models.neural_ensemble",
        "obj": "",
        "line": 539,
        "column": 0,
        "endLine": null,
        "endColumn": null,
        "path": "Oraculo/common/models/neural_ensemble.py",
        "symbol": "trailing-whitespace",
        "message": "Trailing whitespace",
        "message-id": "C0303"
    },
    {
        "type": "convention",
        "module": "Oraculo.common.models.neural_ensemble",
        "obj": "",
        "line": 542,
        "column": 0,
        "endLine": null,
        "endColumn": null,
        "path": "Oraculo/common/models/neural_ensemble.py",
        "symbol": "trailing-whitespace",
        "message": "Trailing whitespace",
        "message-id": "C0303"
    },
    {
        "type": "convention",
        "module": "Oraculo.common.models.neural_ensemble",
        "obj": "",
        "line": 546,
        "column": 0,
        "endLine": null,
        "endColumn": null,
        "path": "Oraculo/common/models/neural_ensemble.py",
        "symbol": "trailing-whitespace",
        "message": "Trailing whitespace",
        "message-id": "C0303"
    },
    {
        "type": "warning",
        "module": "Oraculo.common.models.neural_ensemble",
        "obj": "NeuralEnsembleLotofacil._train_sequential",
        "line": 296,
        "column": 16,
        "endLine": 296,
        "endColumn": 29,
        "path": "Oraculo/common/models/neural_ensemble.py",
        "symbol": "unused-variable",
        "message": "Unused variable 'trained_model'",
        "message-id": "W0612"
    },
    {
        "type": "warning",
        "module": "Oraculo.common.models.neural_ensemble",
        "obj": "NeuralEnsembleLotofacil.predict_probabilities",
        "line": 409,
        "column": 12,
        "endLine": 411,
        "endColumn": 24,
        "path": "Oraculo/common/models/neural_ensemble.py",
        "symbol": "unused-variable",
        "message": "Unused variable 'e'",
        "message-id": "W0612"
    },
    {
        "type": "warning",
        "module": "Oraculo.common.models.neural_ensemble",
        "obj": "",
        "line": 18,
        "column": 4,
        "endLine": 18,
        "endColumn": 46,
        "path": "Oraculo/common/models/neural_ensemble.py",
        "symbol": "unused-import",
        "message": "Unused accuracy_score imported from sklearn.metrics",
        "message-id": "W0611"
    },
    {
        "type": "convention",
        "module": "Oraculo.common.models.time_series",
        "obj": "",
        "line": 14,
        "column": 0,
        "endLine": null,
        "endColumn": null,
        "path": "Oraculo/common/models/time_series.py",
        "symbol": "trailing-whitespace",
        "message": "Trailing whitespace",
        "message-id": "C0303"
    },
    {
        "type": "convention",
        "module": "Oraculo.common.models.time_series",
        "obj": "",
        "line": 26,
        "column": 0,
        "endLine": null,
        "endColumn": null,
        "path": "Oraculo/common/models/time_series.py",
        "symbol": "trailing-whitespace",
        "message": "Trailing whitespace",
        "message-id": "C0303"
    },
    {
        "type": "convention",
        "module": "Oraculo.common.models.time_series",
        "obj": "",
        "line": 32,
        "column": 0,
        "endLine": null,
        "endColumn": null,
        "path": "Oraculo/common/models/time_series.py",
        "symbol": "trailing-whitespace",
        "message": "Trailing whitespace",
        "message-id": "C0303"
    },
    {
        "type": "convention",
        "module": "Oraculo.common.models.time_series",
        "obj": "",
        "line": 38,
        "column": 0,
        "endLine": null,
        "endColumn": null,
        "path": "Oraculo/common/models/time_series.py",
        "symbol": "trailing-whitespace",
        "message": "Trailing whitespace",
        "message-id": "C0303"
    },
    {
        "type": "convention",
        "module": "Oraculo.common.models.time_series",
        "obj": "",
        "line": 43,
        "column": 0,
        "endLine": null,
        "endColumn": null,
        "path": "Oraculo/common/models/time_series.py",
        "symbol": "trailing-whitespace",
        "message": "Trailing whitespace",
        "message-id": "C0303"
    },
    {
        "type": "convention",
        "module": "Oraculo.common.models.time_series",
        "obj": "",
        "line": 48,
        "column": 0,
        "endLine": null,
        "endColumn": null,
        "path": "Oraculo/common/models/time_series.py",
        "symbol": "trailing-whitespace",
        "message": "Trailing whitespace",
        "message-id": "C0303"
    },
    {
        "type": "convention",
        "module": "Oraculo.common.models.time_series",
        "obj": "",
        "line": 54,
        "column": 0,
        "endLine": null,
        "endColumn": null,
        "path": "Oraculo/common/models/time_series.py",
        "symbol": "trailing-whitespace",
        "message": "Trailing whitespace",
        "message-id": "C0303"
    },
    {
        "type": "convention",
        "module": "Oraculo.common.models.time_series",
        "obj": "",
        "line": 57,
        "column": 0,
        "endLine": null,
        "endColumn": null,
        "path": "Oraculo/common/models/time_series.py",
        "symbol": "trailing-whitespace",
        "message": "Trailing whitespace",
        "message-id": "C0303"
    },
    {
        "type": "convention",
        "module": "Oraculo.common.models.time_series",
        "obj": "",
        "line": 59,
        "column": 68,
        "endLine": null,
        "endColumn": null,
        "path": "Oraculo/common/models/time_series.py",
        "symbol": "trailing-whitespace",
        "message": "Trailing whitespace",
        "message-id": "C0303"
    },
    {
        "type": "convention",
        "module": "Oraculo.common.models.time_series",
        "obj": "",
        "line": 62,
        "column": 0,
        "endLine": null,
        "endColumn": null,
        "path": "Oraculo/common/models/time_series.py",
        "symbol": "trailing-whitespace",
        "message": "Trailing whitespace",
        "message-id": "C0303"
    },
    {
        "type": "convention",
        "module": "Oraculo.common.models.time_series",
        "obj": "",
        "line": 66,
        "column": 0,
        "endLine": null,
        "endColumn": null,
        "path": "Oraculo/common/models/time_series.py",
        "symbol": "trailing-whitespace",
        "message": "Trailing whitespace",
        "message-id": "C0303"
    },
    {
        "type": "convention",
        "module": "Oraculo.common.models.time_series",
        "obj": "",
        "line": 70,
        "column": 0,
        "endLine": null,
        "endColumn": null,
        "path": "Oraculo/common/models/time_series.py",
        "symbol": "trailing-whitespace",
        "message": "Trailing whitespace",
        "message-id": "C0303"
    },
    {
        "type": "convention",
        "module": "Oraculo.common.models.time_series",
        "obj": "",
        "line": 74,
        "column": 0,
        "endLine": null,
        "endColumn": null,
        "path": "Oraculo/common/models/time_series.py",
        "symbol": "trailing-whitespace",
        "message": "Trailing whitespace",
        "message-id": "C0303"
    },
    {
        "type": "convention",
        "module": "Oraculo.common.models.time_series",
        "obj": "",
        "line": 79,
        "column": 0,
        "endLine": null,
        "endColumn": null,
        "path": "Oraculo/common/models/time_series.py",
        "symbol": "trailing-whitespace",
        "message": "Trailing whitespace",
        "message-id": "C0303"
    },
    {
        "type": "convention",
        "module": "Oraculo.common.models.time_series",
        "obj": "",
        "line": 82,
        "column": 0,
        "endLine": null,
        "endColumn": null,
        "path": "Oraculo/common/models/time_series.py",
        "symbol": "trailing-whitespace",
        "message": "Trailing whitespace",
        "message-id": "C0303"
    },
    {
        "type": "convention",
        "module": "Oraculo.common.models.time_series",
        "obj": "",
        "line": 86,
        "column": 0,
        "endLine": null,
        "endColumn": null,
        "path": "Oraculo/common/models/time_series.py",
        "symbol": "trailing-whitespace",
        "message": "Trailing whitespace",
        "message-id": "C0303"
    },
    {
        "type": "convention",
        "module": "Oraculo.common.models.time_series",
        "obj": "",
        "line": 89,
        "column": 0,
        "endLine": null,
        "endColumn": null,
        "path": "Oraculo/common/models/time_series.py",
        "symbol": "trailing-whitespace",
        "message": "Trailing whitespace",
        "message-id": "C0303"
    },
    {
        "type": "convention",
        "module": "Oraculo.common.models.time_series",
        "obj": "",
        "line": 97,
        "column": 0,
        "endLine": null,
        "endColumn": null,
        "path": "Oraculo/common/models/time_series.py",
        "symbol": "trailing-whitespace",
        "message": "Trailing whitespace",
        "message-id": "C0303"
    },
    {
        "type": "convention",
        "module": "Oraculo.common.models.time_series",
        "obj": "",
        "line": 103,
        "column": 0,
        "endLine": null,
        "endColumn": null,
        "path": "Oraculo/common/models/time_series.py",
        "symbol": "trailing-whitespace",
        "message": "Trailing whitespace",
        "message-id": "C0303"
    },
    {
        "type": "convention",
        "module": "Oraculo.common.models.time_series",
        "obj": "",
        "line": 112,
        "column": 0,
        "endLine": null,
        "endColumn": null,
        "path": "Oraculo/common/models/time_series.py",
        "symbol": "trailing-whitespace",
        "message": "Trailing whitespace",
        "message-id": "C0303"
    },
    {
        "type": "convention",
        "module": "Oraculo.common.models.time_series",
        "obj": "",
        "line": 117,
        "column": 0,
        "endLine": null,
        "endColumn": null,
        "path": "Oraculo/common/models/time_series.py",
        "symbol": "trailing-whitespace",
        "message": "Trailing whitespace",
        "message-id": "C0303"
    },
    {
        "type": "convention",
        "module": "Oraculo.common.models.time_series",
        "obj": "",
        "line": 125,
        "column": 0,
        "endLine": null,
        "endColumn": null,
        "path": "Oraculo/common/models/time_series.py",
        "symbol": "trailing-whitespace",
        "message": "Trailing whitespace",
        "message-id": "C0303"
    },
    {
        "type": "convention",
        "module": "Oraculo.common.models.time_series",
        "obj": "",
        "line": 127,
        "column": 0,
        "endLine": null,
        "endColumn": null,
        "path": "Oraculo/common/models/time_series.py",
        "symbol": "trailing-whitespace",
        "message": "Trailing whitespace",
        "message-id": "C0303"
    },
    {
        "type": "convention",
        "module": "Oraculo.common.models.time_series",
        "obj": "",
        "line": 131,
        "column": 0,
        "endLine": null,
        "endColumn": null,
        "path": "Oraculo/common/models/time_series.py",
        "symbol": "trailing-whitespace",
        "message": "Trailing whitespace",
        "message-id": "C0303"
    },
    {
        "type": "convention",
        "module": "Oraculo.common.models.time_series",
        "obj": "",
        "line": 134,
        "column": 0,
        "endLine": null,
        "endColumn": null,
        "path": "Oraculo/common/models/time_series.py",
        "symbol": "trailing-whitespace",
        "message": "Trailing whitespace",
        "message-id": "C0303"
    },
    {
        "type": "convention",
        "module": "Oraculo.common.models.time_series",
        "obj": "",
        "line": 140,
        "column": 0,
        "endLine": null,
        "endColumn": null,
        "path": "Oraculo/common/models/time_series.py",
        "symbol": "trailing-whitespace",
        "message": "Trailing whitespace",
        "message-id": "C0303"
    },
    {
        "type": "convention",
        "module": "Oraculo.common.models.time_series",
        "obj": "",
        "line": 143,
        "column": 0,
        "endLine": null,
        "endColumn": null,
        "path": "Oraculo/common/models/time_series.py",
        "symbol": "trailing-whitespace",
        "message": "Trailing whitespace",
        "message-id": "C0303"
    },
    {
        "type": "convention",
        "module": "Oraculo.common.models.time_series",
        "obj": "",
        "line": 145,
        "column": 0,
        "endLine": null,
        "endColumn": null,
        "path": "Oraculo/common/models/time_series.py",
        "symbol": "trailing-whitespace",
        "message": "Trailing whitespace",
        "message-id": "C0303"
    },
    {
        "type": "convention",
        "module": "Oraculo.common.models.time_series",
        "obj": "",
        "line": 151,
        "column": 0,
        "endLine": null,
        "endColumn": null,
        "path": "Oraculo/common/models/time_series.py",
        "symbol": "trailing-whitespace",
        "message": "Trailing whitespace",
        "message-id": "C0303"
    },
    {
        "type": "convention",
        "module": "Oraculo.common.models.time_series",
        "obj": "",
        "line": 152,
        "column": 83,
        "endLine": null,
        "endColumn": null,
        "path": "Oraculo/common/models/time_series.py",
        "symbol": "trailing-whitespace",
        "message": "Trailing whitespace",
        "message-id": "C0303"
    },
    {
        "type": "convention",
        "module": "Oraculo.common.models.time_series",
        "obj": "",
        "line": 155,
        "column": 0,
        "endLine": null,
        "endColumn": null,
        "path": "Oraculo/common/models/time_series.py",
        "symbol": "trailing-whitespace",
        "message": "Trailing whitespace",
        "message-id": "C0303"
    },
    {
        "type": "convention",
        "module": "Oraculo.common.models.time_series",
        "obj": "",
        "line": 158,
        "column": 0,
        "endLine": null,
        "endColumn": null,
        "path": "Oraculo/common/models/time_series.py",
        "symbol": "trailing-whitespace",
        "message": "Trailing whitespace",
        "message-id": "C0303"
    },
    {
        "type": "convention",
        "module": "Oraculo.common.models.time_series",
        "obj": "",
        "line": 160,
        "column": 0,
        "endLine": null,
        "endColumn": null,
        "path": "Oraculo/common/models/time_series.py",
        "symbol": "trailing-whitespace",
        "message": "Trailing whitespace",
        "message-id": "C0303"
    },
    {
        "type": "convention",
        "module": "Oraculo.common.models.time_series",
        "obj": "",
        "line": 162,
        "column": 0,
        "endLine": null,
        "endColumn": null,
        "path": "Oraculo/common/models/time_series.py",
        "symbol": "trailing-whitespace",
        "message": "Trailing whitespace",
        "message-id": "C0303"
    },
    {
        "type": "convention",
        "module": "Oraculo.common.models.time_series",
        "obj": "",
        "line": 166,
        "column": 0,
        "endLine": null,
        "endColumn": null,
        "path": "Oraculo/common/models/time_series.py",
        "symbol": "trailing-whitespace",
        "message": "Trailing whitespace",
        "message-id": "C0303"
    },
    {
        "type": "convention",
        "module": "Oraculo.common.models.time_series",
        "obj": "",
        "line": 169,
        "column": 0,
        "endLine": null,
        "endColumn": null,
        "path": "Oraculo/common/models/time_series.py",
        "symbol": "trailing-whitespace",
        "message": "Trailing whitespace",
        "message-id": "C0303"
    },
    {
        "type": "convention",
        "module": "Oraculo.common.models.time_series",
        "obj": "",
        "line": 176,
        "column": 0,
        "endLine": null,
        "endColumn": null,
        "path": "Oraculo/common/models/time_series.py",
        "symbol": "trailing-whitespace",
        "message": "Trailing whitespace",
        "message-id": "C0303"
    },
    {
        "type": "convention",
        "module": "Oraculo.common.models.time_series",
        "obj": "",
        "line": 185,
        "column": 0,
        "endLine": null,
        "endColumn": null,
        "path": "Oraculo/common/models/time_series.py",
        "symbol": "trailing-whitespace",
        "message": "Trailing whitespace",
        "message-id": "C0303"
    },
    {
        "type": "convention",
        "module": "Oraculo.common.models.time_series",
        "obj": "",
        "line": 187,
        "column": 0,
        "endLine": null,
        "endColumn": null,
        "path": "Oraculo/common/models/time_series.py",
        "symbol": "trailing-whitespace",
        "message": "Trailing whitespace",
        "message-id": "C0303"
    },
    {
        "type": "convention",
        "module": "Oraculo.common.models.time_series",
        "obj": "",
        "line": 191,
        "column": 0,
        "endLine": null,
        "endColumn": null,
        "path": "Oraculo/common/models/time_series.py",
        "symbol": "trailing-whitespace",
        "message": "Trailing whitespace",
        "message-id": "C0303"
    },
    {
        "type": "convention",
        "module": "Oraculo.common.models.time_series",
        "obj": "",
        "line": 194,
        "column": 0,
        "endLine": null,
        "endColumn": null,
        "path": "Oraculo/common/models/time_series.py",
        "symbol": "trailing-whitespace",
        "message": "Trailing whitespace",
        "message-id": "C0303"
    },
    {
        "type": "convention",
        "module": "Oraculo.common.models.time_series",
        "obj": "",
        "line": 201,
        "column": 0,
        "endLine": null,
        "endColumn": null,
        "path": "Oraculo/common/models/time_series.py",
        "symbol": "trailing-whitespace",
        "message": "Trailing whitespace",
        "message-id": "C0303"
    },
    {
        "type": "convention",
        "module": "Oraculo.common.models.time_series",
        "obj": "",
        "line": 203,
        "column": 0,
        "endLine": null,
        "endColumn": null,
        "path": "Oraculo/common/models/time_series.py",
        "symbol": "trailing-whitespace",
        "message": "Trailing whitespace",
        "message-id": "C0303"
    },
    {
        "type": "convention",
        "module": "Oraculo.common.models.time_series",
        "obj": "",
        "line": 207,
        "column": 0,
        "endLine": null,
        "endColumn": null,
        "path": "Oraculo/common/models/time_series.py",
        "symbol": "trailing-whitespace",
        "message": "Trailing whitespace",
        "message-id": "C0303"
    },
    {
        "type": "convention",
        "module": "Oraculo.common.models.time_series",
        "obj": "",
        "line": 210,
        "column": 0,
        "endLine": null,
        "endColumn": null,
        "path": "Oraculo/common/models/time_series.py",
        "symbol": "trailing-whitespace",
        "message": "Trailing whitespace",
        "message-id": "C0303"
    },
    {
        "type": "convention",
        "module": "Oraculo.common.models.time_series",
        "obj": "",
        "line": 214,
        "column": 0,
        "endLine": null,
        "endColumn": null,
        "path": "Oraculo/common/models/time_series.py",
        "symbol": "trailing-whitespace",
        "message": "Trailing whitespace",
        "message-id": "C0303"
    },
    {
        "type": "convention",
        "module": "Oraculo.common.models.time_series",
        "obj": "",
        "line": 218,
        "column": 0,
        "endLine": null,
        "endColumn": null,
        "path": "Oraculo/common/models/time_series.py",
        "symbol": "trailing-whitespace",
        "message": "Trailing whitespace",
        "message-id": "C0303"
    },
    {
        "type": "convention",
        "module": "Oraculo.common.models.time_series",
        "obj": "",
        "line": 223,
        "column": 0,
        "endLine": null,
        "endColumn": null,
        "path": "Oraculo/common/models/time_series.py",
        "symbol": "trailing-whitespace",
        "message": "Trailing whitespace",
        "message-id": "C0303"
    },
    {
        "type": "convention",
        "module": "Oraculo.common.models.time_series",
        "obj": "",
        "line": 225,
        "column": 0,
        "endLine": null,
        "endColumn": null,
        "path": "Oraculo/common/models/time_series.py",
        "symbol": "trailing-whitespace",
        "message": "Trailing whitespace",
        "message-id": "C0303"
    },
    {
        "type": "convention",
        "module": "Oraculo.common.models.time_series",
        "obj": "",
        "line": 229,
        "column": 0,
        "endLine": null,
        "endColumn": null,
        "path": "Oraculo/common/models/time_series.py",
        "symbol": "trailing-whitespace",
        "message": "Trailing whitespace",
        "message-id": "C0303"
    },
    {
        "type": "convention",
        "module": "Oraculo.common.models.time_series",
        "obj": "",
        "line": 232,
        "column": 0,
        "endLine": null,
        "endColumn": null,
        "path": "Oraculo/common/models/time_series.py",
        "symbol": "trailing-whitespace",
        "message": "Trailing whitespace",
        "message-id": "C0303"
    },
    {
        "type": "convention",
        "module": "Oraculo.common.models.time_series",
        "obj": "",
        "line": 236,
        "column": 0,
        "endLine": null,
        "endColumn": null,
        "path": "Oraculo/common/models/time_series.py",
        "symbol": "trailing-whitespace",
        "message": "Trailing whitespace",
        "message-id": "C0303"
    },
    {
        "type": "convention",
        "module": "Oraculo.common.models.time_series",
        "obj": "",
        "line": 240,
        "column": 0,
        "endLine": null,
        "endColumn": null,
        "path": "Oraculo/common/models/time_series.py",
        "symbol": "trailing-whitespace",
        "message": "Trailing whitespace",
        "message-id": "C0303"
    },
    {
        "type": "convention",
        "module": "Oraculo.common.models.time_series",
        "obj": "",
        "line": 245,
        "column": 0,
        "endLine": null,
        "endColumn": null,
        "path": "Oraculo/common/models/time_series.py",
        "symbol": "trailing-whitespace",
        "message": "Trailing whitespace",
        "message-id": "C0303"
    },
    {
        "type": "convention",
        "module": "Oraculo.common.models.time_series",
        "obj": "",
        "line": 247,
        "column": 0,
        "endLine": null,
        "endColumn": null,
        "path": "Oraculo/common/models/time_series.py",
        "symbol": "trailing-whitespace",
        "message": "Trailing whitespace",
        "message-id": "C0303"
    },
    {
        "type": "convention",
        "module": "Oraculo.common.models.time_series",
        "obj": "",
        "line": 266,
        "column": 0,
        "endLine": null,
        "endColumn": null,
        "path": "Oraculo/common/models/time_series.py",
        "symbol": "trailing-whitespace",
        "message": "Trailing whitespace",
        "message-id": "C0303"
    },
    {
        "type": "convention",
        "module": "Oraculo.common.models.time_series",
        "obj": "",
        "line": 272,
        "column": 0,
        "endLine": null,
        "endColumn": null,
        "path": "Oraculo/common/models/time_series.py",
        "symbol": "trailing-whitespace",
        "message": "Trailing whitespace",
        "message-id": "C0303"
    },
    {
        "type": "convention",
        "module": "Oraculo.common.models.time_series",
        "obj": "",
        "line": 277,
        "column": 73,
        "endLine": null,
        "endColumn": null,
        "path": "Oraculo/common/models/time_series.py",
        "symbol": "trailing-whitespace",
        "message": "Trailing whitespace",
        "message-id": "C0303"
    },
    {
        "type": "convention",
        "module": "Oraculo.common.models.time_series",
        "obj": "",
        "line": 279,
        "column": 0,
        "endLine": null,
        "endColumn": null,
        "path": "Oraculo/common/models/time_series.py",
        "symbol": "trailing-whitespace",
        "message": "Trailing whitespace",
        "message-id": "C0303"
    },
    {
        "type": "convention",
        "module": "Oraculo.common.models.time_series",
        "obj": "",
        "line": 291,
        "column": 0,
        "endLine": null,
        "endColumn": null,
        "path": "Oraculo/common/models/time_series.py",
        "symbol": "trailing-whitespace",
        "message": "Trailing whitespace",
        "message-id": "C0303"
    },
    {
        "type": "convention",
        "module": "Oraculo.common.models.time_series",
        "obj": "",
        "line": 296,
        "column": 0,
        "endLine": null,
        "endColumn": null,
        "path": "Oraculo/common/models/time_series.py",
        "symbol": "trailing-whitespace",
        "message": "Trailing whitespace",
        "message-id": "C0303"
    },
    {
        "type": "convention",
        "module": "Oraculo.common.models.time_series",
        "obj": "",
        "line": 300,
        "column": 0,
        "endLine": null,
        "endColumn": null,
        "path": "Oraculo/common/models/time_series.py",
        "symbol": "trailing-whitespace",
        "message": "Trailing whitespace",
        "message-id": "C0303"
    },
    {
        "type": "convention",
        "module": "Oraculo.common.models.time_series",
        "obj": "",
        "line": 304,
        "column": 0,
        "endLine": null,
        "endColumn": null,
        "path": "Oraculo/common/models/time_series.py",
        "symbol": "trailing-whitespace",
        "message": "Trailing whitespace",
        "message-id": "C0303"
    },
    {
        "type": "convention",
        "module": "Oraculo.common.models.time_series",
        "obj": "",
        "line": 307,
        "column": 0,
        "endLine": null,
        "endColumn": null,
        "path": "Oraculo/common/models/time_series.py",
        "symbol": "trailing-whitespace",
        "message": "Trailing whitespace",
        "message-id": "C0303"
    },
    {
        "type": "convention",
        "module": "Oraculo.common.models.time_series",
        "obj": "",
        "line": 323,
        "column": 0,
        "endLine": null,
        "endColumn": null,
        "path": "Oraculo/common/models/time_series.py",
        "symbol": "trailing-whitespace",
        "message": "Trailing whitespace",
        "message-id": "C0303"
    },
    {
        "type": "convention",
        "module": "Oraculo.common.models.time_series",
        "obj": "",
        "line": 327,
        "column": 0,
        "endLine": null,
        "endColumn": null,
        "path": "Oraculo/common/models/time_series.py",
        "symbol": "trailing-whitespace",
        "message": "Trailing whitespace",
        "message-id": "C0303"
    },
    {
        "type": "convention",
        "module": "Oraculo.common.models.time_series",
        "obj": "",
        "line": 330,
        "column": 0,
        "endLine": null,
        "endColumn": null,
        "path": "Oraculo/common/models/time_series.py",
        "symbol": "trailing-whitespace",
        "message": "Trailing whitespace",
        "message-id": "C0303"
    },
    {
        "type": "convention",
        "module": "Oraculo.common.models.time_series",
        "obj": "",
        "line": 336,
        "column": 0,
        "endLine": null,
        "endColumn": null,
        "path": "Oraculo/common/models/time_series.py",
        "symbol": "trailing-whitespace",
        "message": "Trailing whitespace",
        "message-id": "C0303"
    },
    {
        "type": "convention",
        "module": "Oraculo.common.models.time_series",
        "obj": "",
        "line": 341,
        "column": 0,
        "endLine": null,
        "endColumn": null,
        "path": "Oraculo/common/models/time_series.py",
        "symbol": "trailing-whitespace",
        "message": "Trailing whitespace",
        "message-id": "C0303"
    },
    {
        "type": "convention",
        "module": "Oraculo.common.models.time_series",
        "obj": "",
        "line": 343,
        "column": 0,
        "endLine": null,
        "endColumn": null,
        "path": "Oraculo/common/models/time_series.py",
        "symbol": "trailing-whitespace",
        "message": "Trailing whitespace",
        "message-id": "C0303"
    },
    {
        "type": "convention",
        "module": "Oraculo.common.models.time_series",
        "obj": "",
        "line": 346,
        "column": 0,
        "endLine": null,
        "endColumn": null,
        "path": "Oraculo/common/models/time_series.py",
        "symbol": "trailing-whitespace",
        "message": "Trailing whitespace",
        "message-id": "C0303"
    },
    {
        "type": "convention",
        "module": "Oraculo.common.models.time_series",
        "obj": "",
        "line": 358,
        "column": 0,
        "endLine": null,
        "endColumn": null,
        "path": "Oraculo/common/models/time_series.py",
        "symbol": "trailing-whitespace",
        "message": "Trailing whitespace",
        "message-id": "C0303"
    },
    {
        "type": "convention",
        "module": "Oraculo.common.models.time_series",
        "obj": "",
        "line": 385,
        "column": 54,
        "endLine": null,
        "endColumn": null,
        "path": "Oraculo/common/models/time_series.py",
        "symbol": "trailing-whitespace",
        "message": "Trailing whitespace",
        "message-id": "C0303"
    },
    {
        "type": "convention",
        "module": "Oraculo.common.models.time_series",
        "obj": "",
        "line": 401,
        "column": 0,
        "endLine": null,
        "endColumn": null,
        "path": "Oraculo/common/models/time_series.py",
        "symbol": "trailing-whitespace",
        "message": "Trailing whitespace",
        "message-id": "C0303"
    },
    {
        "type": "convention",
        "module": "Oraculo.common.models.time_series",
        "obj": "",
        "line": 403,
        "column": 0,
        "endLine": null,
        "endColumn": null,
        "path": "Oraculo/common/models/time_series.py",
        "symbol": "trailing-whitespace",
        "message": "Trailing whitespace",
        "message-id": "C0303"
    },
    {
        "type": "convention",
        "module": "Oraculo.common.models.time_series",
        "obj": "",
        "line": 406,
        "column": 0,
        "endLine": null,
        "endColumn": null,
        "path": "Oraculo/common/models/time_series.py",
        "symbol": "trailing-whitespace",
        "message": "Trailing whitespace",
        "message-id": "C0303"
    },
    {
        "type": "convention",
        "module": "Oraculo.common.models.time_series",
        "obj": "",
        "line": 412,
        "column": 0,
        "endLine": null,
        "endColumn": null,
        "path": "Oraculo/common/models/time_series.py",
        "symbol": "trailing-whitespace",
        "message": "Trailing whitespace",
        "message-id": "C0303"
    },
    {
        "type": "convention",
        "module": "Oraculo.common.models.time_series",
        "obj": "",
        "line": 416,
        "column": 0,
        "endLine": null,
        "endColumn": null,
        "path": "Oraculo/common/models/time_series.py",
        "symbol": "trailing-whitespace",
        "message": "Trailing whitespace",
        "message-id": "C0303"
    },
    {
        "type": "convention",
        "module": "Oraculo.common.models.time_series",
        "obj": "",
        "line": 419,
        "column": 0,
        "endLine": null,
        "endColumn": null,
        "path": "Oraculo/common/models/time_series.py",
        "symbol": "trailing-whitespace",
        "message": "Trailing whitespace",
        "message-id": "C0303"
    },
    {
        "type": "convention",
        "module": "Oraculo.common.models.time_series",
        "obj": "",
        "line": 423,
        "column": 0,
        "endLine": null,
        "endColumn": null,
        "path": "Oraculo/common/models/time_series.py",
        "symbol": "trailing-whitespace",
        "message": "Trailing whitespace",
        "message-id": "C0303"
    },
    {
        "type": "convention",
        "module": "Oraculo.common.models.time_series",
        "obj": "",
        "line": 427,
        "column": 0,
        "endLine": null,
        "endColumn": null,
        "path": "Oraculo/common/models/time_series.py",
        "symbol": "trailing-whitespace",
        "message": "Trailing whitespace",
        "message-id": "C0303"
    },
    {
        "type": "convention",
        "module": "Oraculo.common.models.time_series",
        "obj": "",
        "line": 431,
        "column": 0,
        "endLine": null,
        "endColumn": null,
        "path": "Oraculo/common/models/time_series.py",
        "symbol": "trailing-whitespace",
        "message": "Trailing whitespace",
        "message-id": "C0303"
    },
    {
        "type": "convention",
        "module": "Oraculo.common.models.time_series",
        "obj": "",
        "line": 438,
        "column": 0,
        "endLine": null,
        "endColumn": null,
        "path": "Oraculo/common/models/time_series.py",
        "symbol": "trailing-whitespace",
        "message": "Trailing whitespace",
        "message-id": "C0303"
    },
    {
        "type": "convention",
        "module": "Oraculo.common.models.time_series",
        "obj": "",
        "line": 441,
        "column": 70,
        "endLine": null,
        "endColumn": null,
        "path": "Oraculo/common/models/time_series.py",
        "symbol": "trailing-whitespace",
        "message": "Trailing whitespace",
        "message-id": "C0303"
    },
    {
        "type": "convention",
        "module": "Oraculo.common.models.time_series",
        "obj": "",
        "line": 442,
        "column": 76,
        "endLine": null,
        "endColumn": null,
        "path": "Oraculo/common/models/time_series.py",
        "symbol": "trailing-whitespace",
        "message": "Trailing whitespace",
        "message-id": "C0303"
    },
    {
        "type": "warning",
        "module": "Oraculo.core.auto_calibrator",
        "obj": "online_models",
        "line": 178,
        "column": 4,
        "endLine": 178,
        "endColumn": 13,
        "path": "Oraculo/core/auto_calibrator.py",
        "symbol": "unused-variable",
        "message": "Unused variable 'predictor'",
        "message-id": "W0612"
    },
    {
        "type": "warning",
        "module": "Oraculo.core.auto_calibrator",
        "obj": "save_weights",
        "line": 267,
        "column": 15,
        "endLine": 267,
        "endColumn": 21,
        "path": "Oraculo/core/auto_calibrator.py",
        "symbol": "unused-variable",
        "message": "Unused variable 'config'",
        "message-id": "W0612"
    },
    {
        "type": "warning",
        "module": "Oraculo.core.auto_calibrator",
        "obj": "",
        "line": 23,
        "column": 0,
        "endLine": 23,
        "endColumn": 41,
        "path": "Oraculo/core/auto_calibrator.py",
        "symbol": "unused-import",
        "message": "Unused Tuple imported from typing",
        "message-id": "W0611"
    },
    {
        "type": "convention",
        "module": "Oraculo.core.base_predictor",
        "obj": "",
        "line": 29,
        "column": 0,
        "endLine": null,
        "endColumn": null,
        "path": "Oraculo/core/base_predictor.py",
        "symbol": "trailing-whitespace",
        "message": "Trailing whitespace",
        "message-id": "C0303"
    },
    {
        "type": "convention",
        "module": "Oraculo.core.base_predictor",
        "obj": "",
        "line": 33,
        "column": 0,
        "endLine": null,
        "endColumn": null,
        "path": "Oraculo/core/base_predictor.py",
        "symbol": "trailing-whitespace",
        "message": "Trailing whitespace",
        "message-id": "C0303"
    },
    {
        "type": "convention",
        "module": "Oraculo.core.base_predictor",
        "obj": "",
        "line": 41,
        "column": 0,
        "endLine": null,
        "endColumn": null,
        "path": "Oraculo/core/base_predictor.py",
        "symbol": "trailing-whitespace",
        "message": "Trailing whitespace",
        "message-id": "C0303"
    },
    {
        "type": "convention",
        "module": "Oraculo.core.base_predictor",
        "obj": "",
        "line": 42,
        "column": 22,
        "endLine": null,
        "endColumn": null,
        "path": "Oraculo/core/base_predictor.py",
        "symbol": "trailing-whitespace",
        "message": "Trailing whitespace",
        "message-id": "C0303"
    },
    {
        "type": "convention",
        "module": "Oraculo.core.base_predictor",
        "obj": "",
        "line": 72,
        "column": 0,
        "endLine": null,
        "endColumn": null,
        "path": "Oraculo/core/base_predictor.py",
        "symbol": "trailing-whitespace",
        "message": "Trailing whitespace",
        "message-id": "C0303"
    },
    {
        "type": "convention",
        "module": "Oraculo.core.base_predictor",
        "obj": "",
        "line": 77,
        "column": 0,
        "endLine": null,
        "endColumn": null,
        "path": "Oraculo/core/base_predictor.py",
        "symbol": "trailing-whitespace",
        "message": "Trailing whitespace",
        "message-id": "C0303"
    },
    {
        "type": "convention",
        "module": "Oraculo.core.base_predictor",
        "obj": "",
        "line": 81,
        "column": 0,
        "endLine": null,
        "endColumn": null,
        "path": "Oraculo/core/base_predictor.py",
        "symbol": "trailing-whitespace",
        "message": "Trailing whitespace",
        "message-id": "C0303"
    },
    {
        "type": "convention",
        "module": "Oraculo.core.base_predictor",
        "obj": "",
        "line": 87,
        "column": 0,
        "endLine": null,
        "endColumn": null,
        "path": "Oraculo/core/base_predictor.py",
        "symbol": "trailing-whitespace",
        "message": "Trailing whitespace",
        "message-id": "C0303"
    },
    {
        "type": "convention",
        "module": "Oraculo.core.base_predictor",
        "obj": "",
        "line": 97,
        "column": 0,
        "endLine": null,
        "endColumn": null,
        "path": "Oraculo/core/base_predictor.py",
        "symbol": "trailing-whitespace",
        "message": "Trailing whitespace",
        "message-id": "C0303"
    },
    {
        "type": "convention",
        "module": "Oraculo.core.base_predictor",
        "obj": "",
        "line": 106,
        "column": 0,
        "endLine": null,
        "endColumn": null,
        "path": "Oraculo/core/base_predictor.py",
        "symbol": "trailing-whitespace",
        "message": "Trailing whitespace",
        "message-id": "C0303"
    },
    {
        "type": "convention",
        "module": "Oraculo.core.base_predictor",
        "obj": "",
        "line": 112,
        "column": 0,
        "endLine": null,
        "endColumn": null,
        "path": "Oraculo/core/base_predictor.py",
        "symbol": "trailing-whitespace",
        "message": "Trailing whitespace",
        "message-id": "C0303"
    },
    {
        "type": "convention",
        "module": "Oraculo.core.base_predictor",
        "obj": "",
        "line": 143,
        "column": 0,
        "endLine": null,
        "endColumn": null,
        "path": "Oraculo/core/base_predictor.py",
        "symbol": "trailing-whitespace",
        "message": "Trailing whitespace",
        "message-id": "C0303"
    },
    {
        "type": "convention",
        "module": "Oraculo.core.base_predictor",
        "obj": "",
        "line": 156,
        "column": 0,
        "endLine": null,
        "endColumn": null,
        "path": "Oraculo/core/base_predictor.py",
        "symbol": "trailing-whitespace",
        "message": "Trailing whitespace",
        "message-id": "C0303"
    },
    {
        "type": "convention",
        "module": "Oraculo.core.base_predictor",
        "obj": "",
        "line": 161,
        "column": 0,
        "endLine": null,
        "endColumn": null,
        "path": "Oraculo/core/base_predictor.py",
        "symbol": "trailing-whitespace",
        "message": "Trailing whitespace",
        "message-id": "C0303"
    },
    {
        "type": "convention",
        "module": "Oraculo.core.base_predictor",
        "obj": "",
        "line": 170,
        "column": 0,
        "endLine": null,
        "endColumn": null,
        "path": "Oraculo/core/base_predictor.py",
        "symbol": "trailing-whitespace",
        "message": "Trailing whitespace",
        "message-id": "C0303"
    },
    {
        "type": "convention",
        "module": "Oraculo.core.base_predictor",
        "obj": "",
        "line": 175,
        "column": 0,
        "endLine": null,
        "endColumn": null,
        "path": "Oraculo/core/base_predictor.py",
        "symbol": "trailing-whitespace",
        "message": "Trailing whitespace",
        "message-id": "C0303"
    },
    {
        "type": "convention",
        "module": "Oraculo.core.base_predictor",
        "obj": "",
        "line": 181,
        "column": 0,
        "endLine": null,
        "endColumn": null,
        "path": "Oraculo/core/base_predictor.py",
        "symbol": "trailing-whitespace",
        "message": "Trailing whitespace",
        "message-id": "C0303"
    },
    {
        "type": "convention",
        "module": "Oraculo.core.base_predictor",
        "obj": "",
        "line": 184,
        "column": 46,
        "endLine": null,
        "endColumn": null,
        "path": "Oraculo/core/base_predictor.py",
        "symbol": "trailing-whitespace",
        "message": "Trailing whitespace",
        "message-id": "C0303"
    },
    {
        "type": "convention",
        "module": "Oraculo.core.base_predictor",
        "obj": "",
        "line": 185,
        "column": 50,
        "endLine": null,
        "endColumn": null,
        "path": "Oraculo/core/base_predictor.py",
        "symbol": "trailing-whitespace",
        "message": "Trailing whitespace",
        "message-id": "C0303"
    },
    {
        "type": "convention",
        "module": "Oraculo.core.base_predictor",
        "obj": "",
        "line": 189,
        "column": 0,
        "endLine": null,
        "endColumn": null,
        "path": "Oraculo/core/base_predictor.py",
        "symbol": "trailing-whitespace",
        "message": "Trailing whitespace",
        "message-id": "C0303"
    },
    {
        "type": "convention",
        "module": "Oraculo.core.base_predictor",
        "obj": "",
        "line": 191,
        "column": 0,
        "endLine": null,
        "endColumn": null,
        "path": "Oraculo/core/base_predictor.py",
        "symbol": "trailing-whitespace",
        "message": "Trailing whitespace",
        "message-id": "C0303"
    },
    {
        "type": "convention",
        "module": "Oraculo.core.base_predictor",
        "obj": "",
        "line": 195,
        "column": 0,
        "endLine": null,
        "endColumn": null,
        "path": "Oraculo/core/base_predictor.py",
        "symbol": "trailing-whitespace",
        "message": "Trailing whitespace",
        "message-id": "C0303"
    },
    {
        "type": "convention",
        "module": "Oraculo.core.base_predictor",
        "obj": "",
        "line": 198,
        "column": 0,
        "endLine": null,
        "endColumn": null,
        "path": "Oraculo/core/base_predictor.py",
        "symbol": "trailing-whitespace",
        "message": "Trailing whitespace",
        "message-id": "C0303"
    },
    {
        "type": "convention",
        "module": "Oraculo.core.base_predictor",
        "obj": "",
        "line": 200,
        "column": 0,
        "endLine": null,
        "endColumn": null,
        "path": "Oraculo/core/base_predictor.py",
        "symbol": "trailing-whitespace",
        "message": "Trailing whitespace",
        "message-id": "C0303"
    },
    {
        "type": "convention",
        "module": "Oraculo.core.base_predictor",
        "obj": "",
        "line": 204,
        "column": 0,
        "endLine": null,
        "endColumn": null,
        "path": "Oraculo/core/base_predictor.py",
        "symbol": "trailing-whitespace",
        "message": "Trailing whitespace",
        "message-id": "C0303"
    },
    {
        "type": "convention",
        "module": "Oraculo.core.base_predictor",
        "obj": "",
        "line": 207,
        "column": 0,
        "endLine": null,
        "endColumn": null,
        "path": "Oraculo/core/base_predictor.py",
        "symbol": "trailing-whitespace",
        "message": "Trailing whitespace",
        "message-id": "C0303"
    },
    {
        "type": "convention",
        "module": "Oraculo.core.base_predictor",
        "obj": "",
        "line": 212,
        "column": 0,
        "endLine": null,
        "endColumn": null,
        "path": "Oraculo/core/base_predictor.py",
        "symbol": "trailing-whitespace",
        "message": "Trailing whitespace",
        "message-id": "C0303"
    },
    {
        "type": "convention",
        "module": "Oraculo.core.base_predictor",
        "obj": "",
        "line": 216,
        "column": 0,
        "endLine": null,
        "endColumn": null,
        "path": "Oraculo/core/base_predictor.py",
        "symbol": "trailing-whitespace",
        "message": "Trailing whitespace",
        "message-id": "C0303"
    },
    {
        "type": "convention",
        "module": "Oraculo.core.base_predictor",
        "obj": "",
        "line": 224,
        "column": 0,
        "endLine": null,
        "endColumn": null,
        "path": "Oraculo/core/base_predictor.py",
        "symbol": "trailing-whitespace",
        "message": "Trailing whitespace",
        "message-id": "C0303"
    },
    {
        "type": "convention",
        "module": "Oraculo.core.base_predictor",
        "obj": "",
        "line": 232,
        "column": 0,
        "endLine": null,
        "endColumn": null,
        "path": "Oraculo/core/base_predictor.py",
        "symbol": "trailing-whitespace",
        "message": "Trailing whitespace",
        "message-id": "C0303"
    },
    {
        "type": "convention",
        "module": "Oraculo.core.base_predictor",
        "obj": "",
        "line": 235,
        "column": 0,
        "endLine": null,
        "endColumn": null,
        "path": "Oraculo/core/base_predictor.py",
        "symbol": "trailing-whitespace",
        "message": "Trailing whitespace",
        "message-id": "C0303"
    },
    {
        "type": "convention",
        "module": "Oraculo.core.base_predictor",
        "obj": "",
        "line": 239,
        "column": 0,
        "endLine": null,
        "endColumn": null,
        "path": "Oraculo/core/base_predictor.py",
        "symbol": "trailing-whitespace",
        "message": "Trailing whitespace",
        "message-id": "C0303"
    },
    {
        "type": "convention",
        "module": "Oraculo.core.base_predictor",
        "obj": "",
        "line": 241,
        "column": 0,
        "endLine": null,
        "endColumn": null,
        "path": "Oraculo/core/base_predictor.py",
        "symbol": "trailing-whitespace",
        "message": "Trailing whitespace",
        "message-id": "C0303"
    },
    {
        "type": "convention",
        "module": "Oraculo.core.base_predictor",
        "obj": "",
        "line": 245,
        "column": 0,
        "endLine": null,
        "endColumn": null,
        "path": "Oraculo/core/base_predictor.py",
        "symbol": "trailing-whitespace",
        "message": "Trailing whitespace",
        "message-id": "C0303"
    },
    {
        "type": "convention",
        "module": "Oraculo.core.base_predictor",
        "obj": "",
        "line": 247,
        "column": 0,
        "endLine": null,
        "endColumn": null,
        "path": "Oraculo/core/base_predictor.py",
        "symbol": "trailing-whitespace",
        "message": "Trailing whitespace",
        "message-id": "C0303"
    },
    {
        "type": "convention",
        "module": "Oraculo.core.base_predictor",
        "obj": "",
        "line": 259,
        "column": 0,
        "endLine": null,
        "endColumn": null,
        "path": "Oraculo/core/base_predictor.py",
        "symbol": "trailing-whitespace",
        "message": "Trailing whitespace",
        "message-id": "C0303"
    },
    {
        "type": "convention",
        "module": "Oraculo.core.base_predictor",
        "obj": "",
        "line": 261,
        "column": 0,
        "endLine": null,
        "endColumn": null,
        "path": "Oraculo/core/base_predictor.py",
        "symbol": "trailing-whitespace",
        "message": "Trailing whitespace",
        "message-id": "C0303"
    },
    {
        "type": "convention",
        "module": "Oraculo.core.base_predictor",
        "obj": "",
        "line": 266,
        "column": 0,
        "endLine": null,
        "endColumn": null,
        "path": "Oraculo/core/base_predictor.py",
        "symbol": "trailing-whitespace",
        "message": "Trailing whitespace",
        "message-id": "C0303"
    },
    {
        "type": "convention",
        "module": "Oraculo.core.base_predictor",
        "obj": "",
        "line": 271,
        "column": 0,
        "endLine": null,
        "endColumn": null,
        "path": "Oraculo/core/base_predictor.py",
        "symbol": "trailing-whitespace",
        "message": "Trailing whitespace",
        "message-id": "C0303"
    },
    {
        "type": "convention",
        "module": "Oraculo.core.base_predictor",
        "obj": "",
        "line": 276,
        "column": 0,
        "endLine": null,
        "endColumn": null,
        "path": "Oraculo/core/base_predictor.py",
        "symbol": "trailing-whitespace",
        "message": "Trailing whitespace",
        "message-id": "C0303"
    },
    {
        "type": "convention",
        "module": "Oraculo.core.base_predictor",
        "obj": "",
        "line": 282,
        "column": 0,
        "endLine": null,
        "endColumn": null,
        "path": "Oraculo/core/base_predictor.py",
        "symbol": "trailing-whitespace",
        "message": "Trailing whitespace",
        "message-id": "C0303"
    },
    {
        "type": "convention",
        "module": "Oraculo.core.base_predictor",
        "obj": "",
        "line": 285,
        "column": 0,
        "endLine": null,
        "endColumn": null,
        "path": "Oraculo/core/base_predictor.py",
        "symbol": "trailing-whitespace",
        "message": "Trailing whitespace",
        "message-id": "C0303"
    },
    {
        "type": "convention",
        "module": "Oraculo.core.base_predictor",
        "obj": "",
        "line": 288,
        "column": 0,
        "endLine": null,
        "endColumn": null,
        "path": "Oraculo/core/base_predictor.py",
        "symbol": "trailing-whitespace",
        "message": "Trailing whitespace",
        "message-id": "C0303"
    },
    {
        "type": "convention",
        "module": "Oraculo.core.base_predictor",
        "obj": "",
        "line": 293,
        "column": 0,
        "endLine": null,
        "endColumn": null,
        "path": "Oraculo/core/base_predictor.py",
        "symbol": "trailing-whitespace",
        "message": "Trailing whitespace",
        "message-id": "C0303"
    },
    {
        "type": "convention",
        "module": "Oraculo.core.base_predictor",
        "obj": "",
        "line": 297,
        "column": 0,
        "endLine": null,
        "endColumn": null,
        "path": "Oraculo/core/base_predictor.py",
        "symbol": "trailing-whitespace",
        "message": "Trailing whitespace",
        "message-id": "C0303"
    },
    {
        "type": "convention",
        "module": "Oraculo.core.base_predictor",
        "obj": "",
        "line": 301,
        "column": 0,
        "endLine": null,
        "endColumn": null,
        "path": "Oraculo/core/base_predictor.py",
        "symbol": "trailing-whitespace",
        "message": "Trailing whitespace",
        "message-id": "C0303"
    },
    {
        "type": "convention",
        "module": "Oraculo.core.base_predictor",
        "obj": "",
        "line": 305,
        "column": 0,
        "endLine": null,
        "endColumn": null,
        "path": "Oraculo/core/base_predictor.py",
        "symbol": "trailing-whitespace",
        "message": "Trailing whitespace",
        "message-id": "C0303"
    },
    {
        "type": "convention",
        "module": "Oraculo.core.base_predictor",
        "obj": "",
        "line": 312,
        "column": 0,
        "endLine": null,
        "endColumn": null,
        "path": "Oraculo/core/base_predictor.py",
        "symbol": "trailing-whitespace",
        "message": "Trailing whitespace",
        "message-id": "C0303"
    },
    {
        "type": "convention",
        "module": "Oraculo.core.base_predictor",
        "obj": "",
        "line": 317,
        "column": 0,
        "endLine": null,
        "endColumn": null,
        "path": "Oraculo/core/base_predictor.py",
        "symbol": "trailing-whitespace",
        "message": "Trailing whitespace",
        "message-id": "C0303"
    },
    {
        "type": "convention",
        "module": "Oraculo.core.base_predictor",
        "obj": "",
        "line": 321,
        "column": 0,
        "endLine": null,
        "endColumn": null,
        "path": "Oraculo/core/base_predictor.py",
        "symbol": "trailing-whitespace",
        "message": "Trailing whitespace",
        "message-id": "C0303"
    },
    {
        "type": "convention",
        "module": "Oraculo.core.base_predictor",
        "obj": "",
        "line": 330,
        "column": 0,
        "endLine": null,
        "endColumn": null,
        "path": "Oraculo/core/base_predictor.py",
        "symbol": "trailing-whitespace",
        "message": "Trailing whitespace",
        "message-id": "C0303"
    },
    {
        "type": "convention",
        "module": "Oraculo.core.base_predictor",
        "obj": "",
        "line": 338,
        "column": 0,
        "endLine": null,
        "endColumn": null,
        "path": "Oraculo/core/base_predictor.py",
        "symbol": "trailing-whitespace",
        "message": "Trailing whitespace",
        "message-id": "C0303"
    },
    {
        "type": "convention",
        "module": "Oraculo.core.base_predictor",
        "obj": "",
        "line": 343,
        "column": 0,
        "endLine": null,
        "endColumn": null,
        "path": "Oraculo/core/base_predictor.py",
        "symbol": "trailing-whitespace",
        "message": "Trailing whitespace",
        "message-id": "C0303"
    },
    {
        "type": "convention",
        "module": "Oraculo.core.base_predictor",
        "obj": "",
        "line": 354,
        "column": 0,
        "endLine": null,
        "endColumn": null,
        "path": "Oraculo/core/base_predictor.py",
        "symbol": "trailing-whitespace",
        "message": "Trailing whitespace",
        "message-id": "C0303"
    },
    {
        "type": "convention",
        "module": "Oraculo.core.base_predictor",
        "obj": "",
        "line": 358,
        "column": 0,
        "endLine": null,
        "endColumn": null,
        "path": "Oraculo/core/base_predictor.py",
        "symbol": "trailing-whitespace",
        "message": "Trailing whitespace",
        "message-id": "C0303"
    },
    {
        "type": "convention",
        "module": "Oraculo.core.base_predictor",
        "obj": "",
        "line": 360,
        "column": 0,
        "endLine": null,
        "endColumn": null,
        "path": "Oraculo/core/base_predictor.py",
        "symbol": "trailing-whitespace",
        "message": "Trailing whitespace",
        "message-id": "C0303"
    },
    {
        "type": "convention",
        "module": "Oraculo.core.base_predictor",
        "obj": "",
        "line": 365,
        "column": 0,
        "endLine": null,
        "endColumn": null,
        "path": "Oraculo/core/base_predictor.py",
        "symbol": "trailing-whitespace",
        "message": "Trailing whitespace",
        "message-id": "C0303"
    },
    {
        "type": "convention",
        "module": "Oraculo.core.base_predictor",
        "obj": "",
        "line": 379,
        "column": 0,
        "endLine": null,
        "endColumn": null,
        "path": "Oraculo/core/base_predictor.py",
        "symbol": "trailing-whitespace",
        "message": "Trailing whitespace",
        "message-id": "C0303"
    },
    {
        "type": "convention",
        "module": "Oraculo.core.base_predictor",
        "obj": "",
        "line": 381,
        "column": 0,
        "endLine": null,
        "endColumn": null,
        "path": "Oraculo/core/base_predictor.py",
        "symbol": "trailing-whitespace",
        "message": "Trailing whitespace",
        "message-id": "C0303"
    },
    {
        "type": "convention",
        "module": "Oraculo.core.base_predictor",
        "obj": "",
        "line": 385,
        "column": 0,
        "endLine": null,
        "endColumn": null,
        "path": "Oraculo/core/base_predictor.py",
        "symbol": "trailing-whitespace",
        "message": "Trailing whitespace",
        "message-id": "C0303"
    },
    {
        "type": "convention",
        "module": "Oraculo.core.base_predictor",
        "obj": "",
        "line": 389,
        "column": 0,
        "endLine": null,
        "endColumn": null,
        "path": "Oraculo/core/base_predictor.py",
        "symbol": "trailing-whitespace",
        "message": "Trailing whitespace",
        "message-id": "C0303"
    },
    {
        "type": "convention",
        "module": "Oraculo.core.base_predictor",
        "obj": "",
        "line": 393,
        "column": 0,
        "endLine": null,
        "endColumn": null,
        "path": "Oraculo/core/base_predictor.py",
        "symbol": "trailing-whitespace",
        "message": "Trailing whitespace",
        "message-id": "C0303"
    },
    {
        "type": "convention",
        "module": "Oraculo.core.base_predictor",
        "obj": "",
        "line": 396,
        "column": 0,
        "endLine": null,
        "endColumn": null,
        "path": "Oraculo/core/base_predictor.py",
        "symbol": "trailing-whitespace",
        "message": "Trailing whitespace",
        "message-id": "C0303"
    },
    {
        "type": "convention",
        "module": "Oraculo.core.base_predictor",
        "obj": "",
        "line": 399,
        "column": 0,
        "endLine": null,
        "endColumn": null,
        "path": "Oraculo/core/base_predictor.py",
        "symbol": "trailing-whitespace",
        "message": "Trailing whitespace",
        "message-id": "C0303"
    },
    {
        "type": "convention",
        "module": "Oraculo.core.base_predictor",
        "obj": "",
        "line": 406,
        "column": 0,
        "endLine": null,
        "endColumn": null,
        "path": "Oraculo/core/base_predictor.py",
        "symbol": "trailing-whitespace",
        "message": "Trailing whitespace",
        "message-id": "C0303"
    },
    {
        "type": "convention",
        "module": "Oraculo.core.base_predictor",
        "obj": "",
        "line": 409,
        "column": 0,
        "endLine": null,
        "endColumn": null,
        "path": "Oraculo/core/base_predictor.py",
        "symbol": "trailing-whitespace",
        "message": "Trailing whitespace",
        "message-id": "C0303"
    },
    {
        "type": "convention",
        "module": "Oraculo.core.base_predictor",
        "obj": "",
        "line": 411,
        "column": 0,
        "endLine": null,
        "endColumn": null,
        "path": "Oraculo/core/base_predictor.py",
        "symbol": "trailing-whitespace",
        "message": "Trailing whitespace",
        "message-id": "C0303"
    },
    {
        "type": "convention",
        "module": "Oraculo.core.base_predictor",
        "obj": "",
        "line": 417,
        "column": 0,
        "endLine": null,
        "endColumn": null,
        "path": "Oraculo/core/base_predictor.py",
        "symbol": "trailing-whitespace",
        "message": "Trailing whitespace",
        "message-id": "C0303"
    },
    {
        "type": "convention",
        "module": "Oraculo.core.base_predictor",
        "obj": "",
        "line": 420,
        "column": 0,
        "endLine": null,
        "endColumn": null,
        "path": "Oraculo/core/base_predictor.py",
        "symbol": "trailing-whitespace",
        "message": "Trailing whitespace",
        "message-id": "C0303"
    },
    {
        "type": "convention",
        "module": "Oraculo.core.base_predictor",
        "obj": "",
        "line": 423,
        "column": 0,
        "endLine": null,
        "endColumn": null,
        "path": "Oraculo/core/base_predictor.py",
        "symbol": "trailing-whitespace",
        "message": "Trailing whitespace",
        "message-id": "C0303"
    },
    {
        "type": "convention",
        "module": "Oraculo.core.base_predictor",
        "obj": "",
        "line": 426,
        "column": 0,
        "endLine": null,
        "endColumn": null,
        "path": "Oraculo/core/base_predictor.py",
        "symbol": "trailing-whitespace",
        "message": "Trailing whitespace",
        "message-id": "C0303"
    },
    {
        "type": "convention",
        "module": "Oraculo.core.base_predictor",
        "obj": "",
        "line": 431,
        "column": 0,
        "endLine": null,
        "endColumn": null,
        "path": "Oraculo/core/base_predictor.py",
        "symbol": "trailing-whitespace",
        "message": "Trailing whitespace",
        "message-id": "C0303"
    },
    {
        "type": "convention",
        "module": "Oraculo.core.env_config",
        "obj": "",
        "line": 17,
        "column": 0,
        "endLine": null,
        "endColumn": null,
        "path": "Oraculo/core/env_config.py",
        "symbol": "trailing-whitespace",
        "message": "Trailing whitespace",
        "message-id": "C0303"
    },
    {
        "type": "convention",
        "module": "Oraculo.core.env_config",
        "obj": "",
        "line": 27,
        "column": 0,
        "endLine": null,
        "endColumn": null,
        "path": "Oraculo/core/env_config.py",
        "symbol": "trailing-whitespace",
        "message": "Trailing whitespace",
        "message-id": "C0303"
    },
    {
        "type": "convention",
        "module": "Oraculo.core.env_config",
        "obj": "",
        "line": 31,
        "column": 0,
        "endLine": null,
        "endColumn": null,
        "path": "Oraculo/core/env_config.py",
        "symbol": "trailing-whitespace",
        "message": "Trailing whitespace",
        "message-id": "C0303"
    },
    {
        "type": "convention",
        "module": "Oraculo.core.env_config",
        "obj": "",
        "line": 33,
        "column": 0,
        "endLine": null,
        "endColumn": null,
        "path": "Oraculo/core/env_config.py",
        "symbol": "trailing-whitespace",
        "message": "Trailing whitespace",
        "message-id": "C0303"
    },
    {
        "type": "convention",
        "module": "Oraculo.core.env_config",
        "obj": "",
        "line": 42,
        "column": 0,
        "endLine": null,
        "endColumn": null,
        "path": "Oraculo/core/env_config.py",
        "symbol": "trailing-whitespace",
        "message": "Trailing whitespace",
        "message-id": "C0303"
    },
    {
        "type": "convention",
        "module": "Oraculo.core.env_config",
        "obj": "",
        "line": 50,
        "column": 0,
        "endLine": null,
        "endColumn": null,
        "path": "Oraculo/core/env_config.py",
        "symbol": "trailing-whitespace",
        "message": "Trailing whitespace",
        "message-id": "C0303"
    },
    {
        "type": "convention",
        "module": "Oraculo.core.env_config",
        "obj": "",
        "line": 54,
        "column": 0,
        "endLine": null,
        "endColumn": null,
        "path": "Oraculo/core/env_config.py",
        "symbol": "trailing-whitespace",
        "message": "Trailing whitespace",
        "message-id": "C0303"
    },
    {
        "type": "convention",
        "module": "Oraculo.core.env_config",
        "obj": "",
        "line": 57,
        "column": 0,
        "endLine": null,
        "endColumn": null,
        "path": "Oraculo/core/env_config.py",
        "symbol": "trailing-whitespace",
        "message": "Trailing whitespace",
        "message-id": "C0303"
    },
    {
        "type": "convention",
        "module": "Oraculo.core.env_config",
        "obj": "",
        "line": 62,
        "column": 0,
        "endLine": null,
        "endColumn": null,
        "path": "Oraculo/core/env_config.py",
        "symbol": "trailing-whitespace",
        "message": "Trailing whitespace",
        "message-id": "C0303"
    },
    {
        "type": "convention",
        "module": "Oraculo.core.env_config",
        "obj": "",
        "line": 67,
        "column": 0,
        "endLine": null,
        "endColumn": null,
        "path": "Oraculo/core/env_config.py",
        "symbol": "trailing-whitespace",
        "message": "Trailing whitespace",
        "message-id": "C0303"
    },
    {
        "type": "convention",
        "module": "Oraculo.core.env_config",
        "obj": "",
        "line": 71,
        "column": 0,
        "endLine": null,
        "endColumn": null,
        "path": "Oraculo/core/env_config.py",
        "symbol": "trailing-whitespace",
        "message": "Trailing whitespace",
        "message-id": "C0303"
    },
    {
        "type": "convention",
        "module": "Oraculo.core.env_config",
        "obj": "",
        "line": 77,
        "column": 0,
        "endLine": null,
        "endColumn": null,
        "path": "Oraculo/core/env_config.py",
        "symbol": "trailing-whitespace",
        "message": "Trailing whitespace",
        "message-id": "C0303"
    },
    {
        "type": "convention",
        "module": "Oraculo.core.env_config",
        "obj": "",
        "line": 83,
        "column": 0,
        "endLine": null,
        "endColumn": null,
        "path": "Oraculo/core/env_config.py",
        "symbol": "trailing-whitespace",
        "message": "Trailing whitespace",
        "message-id": "C0303"
    },
    {
        "type": "convention",
        "module": "Oraculo.core.env_config",
        "obj": "",
        "line": 92,
        "column": 0,
        "endLine": null,
        "endColumn": null,
        "path": "Oraculo/core/env_config.py",
        "symbol": "trailing-whitespace",
        "message": "Trailing whitespace",
        "message-id": "C0303"
    },
    {
        "type": "convention",
        "module": "Oraculo.core.env_config",
        "obj": "",
        "line": 95,
        "column": 0,
        "endLine": null,
        "endColumn": null,
        "path": "Oraculo/core/env_config.py",
        "symbol": "trailing-whitespace",
        "message": "Trailing whitespace",
        "message-id": "C0303"
    },
    {
        "type": "convention",
        "module": "Oraculo.core.env_config",
        "obj": "",
        "line": 99,
        "column": 0,
        "endLine": null,
        "endColumn": null,
        "path": "Oraculo/core/env_config.py",
        "symbol": "trailing-whitespace",
        "message": "Trailing whitespace",
        "message-id": "C0303"
    },
    {
        "type": "convention",
        "module": "Oraculo.core.env_config",
        "obj": "",
        "line": 108,
        "column": 0,
        "endLine": null,
        "endColumn": null,
        "path": "Oraculo/core/env_config.py",
        "symbol": "trailing-whitespace",
        "message": "Trailing whitespace",
        "message-id": "C0303"
    },
    {
        "type": "convention",
        "module": "Oraculo.core.env_config",
        "obj": "",
        "line": 115,
        "column": 0,
        "endLine": null,
        "endColumn": null,
        "path": "Oraculo/core/env_config.py",
        "symbol": "trailing-whitespace",
        "message": "Trailing whitespace",
        "message-id": "C0303"
    },
    {
        "type": "convention",
        "module": "Oraculo.core.env_config",
        "obj": "",
        "line": 124,
        "column": 0,
        "endLine": null,
        "endColumn": null,
        "path": "Oraculo/core/env_config.py",
        "symbol": "trailing-whitespace",
        "message": "Trailing whitespace",
        "message-id": "C0303"
    },
    {
        "type": "convention",
        "module": "Oraculo.core.env_config",
        "obj": "",
        "line": 128,
        "column": 0,
        "endLine": null,
        "endColumn": null,
        "path": "Oraculo/core/env_config.py",
        "symbol": "trailing-whitespace",
        "message": "Trailing whitespace",
        "message-id": "C0303"
    },
    {
        "type": "convention",
        "module": "Oraculo.core.env_config",
        "obj": "",
        "line": 133,
        "column": 0,
        "endLine": null,
        "endColumn": null,
        "path": "Oraculo/core/env_config.py",
        "symbol": "trailing-whitespace",
        "message": "Trailing whitespace",
        "message-id": "C0303"
    },
    {
        "type": "convention",
        "module": "Oraculo.core.env_config",
        "obj": "",
        "line": 141,
        "column": 0,
        "endLine": null,
        "endColumn": null,
        "path": "Oraculo/core/env_config.py",
        "symbol": "trailing-whitespace",
        "message": "Trailing whitespace",
        "message-id": "C0303"
    },
    {
        "type": "convention",
        "module": "Oraculo.core.env_config",
        "obj": "",
        "line": 145,
        "column": 0,
        "endLine": null,
        "endColumn": null,
        "path": "Oraculo/core/env_config.py",
        "symbol": "trailing-whitespace",
        "message": "Trailing whitespace",
        "message-id": "C0303"
    },
    {
        "type": "convention",
        "module": "Oraculo.core.env_config",
        "obj": "",
        "line": 154,
        "column": 0,
        "endLine": null,
        "endColumn": null,
        "path": "Oraculo/core/env_config.py",
        "symbol": "trailing-whitespace",
        "message": "Trailing whitespace",
        "message-id": "C0303"
    },
    {
        "type": "convention",
        "module": "Oraculo.core.env_config",
        "obj": "",
        "line": 159,
        "column": 0,
        "endLine": null,
        "endColumn": null,
        "path": "Oraculo/core/env_config.py",
        "symbol": "trailing-whitespace",
        "message": "Trailing whitespace",
        "message-id": "C0303"
    },
    {
        "type": "convention",
        "module": "Oraculo.core.env_config",
        "obj": "",
        "line": 165,
        "column": 0,
        "endLine": null,
        "endColumn": null,
        "path": "Oraculo/core/env_config.py",
        "symbol": "trailing-whitespace",
        "message": "Trailing whitespace",
        "message-id": "C0303"
    },
    {
        "type": "convention",
        "module": "Oraculo.core.env_config",
        "obj": "",
        "line": 170,
        "column": 0,
        "endLine": null,
        "endColumn": null,
        "path": "Oraculo/core/env_config.py",
        "symbol": "trailing-whitespace",
        "message": "Trailing whitespace",
        "message-id": "C0303"
    },
    {
        "type": "convention",
        "module": "Oraculo.core.env_config",
        "obj": "",
        "line": 172,
        "column": 54,
        "endLine": null,
        "endColumn": null,
        "path": "Oraculo/core/env_config.py",
        "symbol": "trailing-whitespace",
        "message": "Trailing whitespace",
        "message-id": "C0303"
    },
    {
        "type": "convention",
        "module": "Oraculo.core.env_config",
        "obj": "",
        "line": 174,
        "column": 0,
        "endLine": null,
        "endColumn": null,
        "path": "Oraculo/core/env_config.py",
        "symbol": "trailing-whitespace",
        "message": "Trailing whitespace",
        "message-id": "C0303"
    },
    {
        "type": "convention",
        "module": "Oraculo.core.env_config",
        "obj": "",
        "line": 179,
        "column": 0,
        "endLine": null,
        "endColumn": null,
        "path": "Oraculo/core/env_config.py",
        "symbol": "trailing-whitespace",
        "message": "Trailing whitespace",
        "message-id": "C0303"
    },
    {
        "type": "convention",
        "module": "Oraculo.core.env_config",
        "obj": "",
        "line": 183,
        "column": 0,
        "endLine": null,
        "endColumn": null,
        "path": "Oraculo/core/env_config.py",
        "symbol": "trailing-whitespace",
        "message": "Trailing whitespace",
        "message-id": "C0303"
    },
    {
        "type": "convention",
        "module": "Oraculo.core.env_config",
        "obj": "",
        "line": 188,
        "column": 0,
        "endLine": null,
        "endColumn": null,
        "path": "Oraculo/core/env_config.py",
        "symbol": "trailing-whitespace",
        "message": "Trailing whitespace",
        "message-id": "C0303"
    },
    {
        "type": "convention",
        "module": "Oraculo.core.env_config",
        "obj": "",
        "line": 192,
        "column": 0,
        "endLine": null,
        "endColumn": null,
        "path": "Oraculo/core/env_config.py",
        "symbol": "trailing-whitespace",
        "message": "Trailing whitespace",
        "message-id": "C0303"
    },
    {
        "type": "convention",
        "module": "Oraculo.core.env_config",
        "obj": "",
        "line": 197,
        "column": 0,
        "endLine": null,
        "endColumn": null,
        "path": "Oraculo/core/env_config.py",
        "symbol": "trailing-whitespace",
        "message": "Trailing whitespace",
        "message-id": "C0303"
    },
    {
        "type": "convention",
        "module": "Oraculo.core.env_config",
        "obj": "",
        "line": 203,
        "column": 0,
        "endLine": null,
        "endColumn": null,
        "path": "Oraculo/core/env_config.py",
        "symbol": "trailing-whitespace",
        "message": "Trailing whitespace",
        "message-id": "C0303"
    },
    {
        "type": "convention",
        "module": "Oraculo.core.env_config",
        "obj": "",
        "line": 222,
        "column": 0,
        "endLine": null,
        "endColumn": null,
        "path": "Oraculo/core/env_config.py",
        "symbol": "trailing-whitespace",
        "message": "Trailing whitespace",
        "message-id": "C0303"
    },
    {
        "type": "convention",
        "module": "Oraculo.core.env_config",
        "obj": "",
        "line": 225,
        "column": 0,
        "endLine": null,
        "endColumn": null,
        "path": "Oraculo/core/env_config.py",
        "symbol": "trailing-whitespace",
        "message": "Trailing whitespace",
        "message-id": "C0303"
    },
    {
        "type": "warning",
        "module": "Oraculo.core.env_config",
        "obj": "",
        "line": 10,
        "column": 0,
        "endLine": 10,
        "endColumn": 40,
        "path": "Oraculo/core/env_config.py",
        "symbol": "unused-import",
        "message": "Unused Dict imported from typing",
        "message-id": "W0611"
    },
    {
        "type": "convention",
        "module": "Oraculo.core.lottery_configs",
        "obj": "",
        "line": 32,
        "column": 21,
        "endLine": null,
        "endColumn": null,
        "path": "Oraculo/core/lottery_configs.py",
        "symbol": "trailing-whitespace",
        "message": "Trailing whitespace",
        "message-id": "C0303"
    },
    {
        "type": "convention",
        "module": "Oraculo.core.lottery_configs",
        "obj": "",
        "line": 89,
        "column": 0,
        "endLine": null,
        "endColumn": null,
        "path": "Oraculo/core/lottery_configs.py",
        "symbol": "trailing-whitespace",
        "message": "Trailing whitespace",
        "message-id": "C0303"
    },
    {
        "type": "convention",
        "module": "Oraculo.core.model_adapter",
        "obj": "",
        "line": 26,
        "column": 0,
        "endLine": null,
        "endColumn": null,
        "path": "Oraculo/core/model_adapter.py",
        "symbol": "trailing-whitespace",
        "message": "Trailing whitespace",
        "message-id": "C0303"
    },
    {
        "type": "convention",
        "module": "Oraculo.core.model_adapter",
        "obj": "",
        "line": 35,
        "column": 0,
        "endLine": null,
        "endColumn": null,
        "path": "Oraculo/core/model_adapter.py",
        "symbol": "trailing-whitespace",
        "message": "Trailing whitespace",
        "message-id": "C0303"
    },
    {
        "type": "convention",
        "module": "Oraculo.core.model_adapter",
        "obj": "",
        "line": 41,
        "column": 0,
        "endLine": null,
        "endColumn": null,
        "path": "Oraculo/core/model_adapter.py",
        "symbol": "trailing-whitespace",
        "message": "Trailing whitespace",
        "message-id": "C0303"
    },
    {
        "type": "convention",
        "module": "Oraculo.core.model_adapter",
        "obj": "",
        "line": 44,
        "column": 0,
        "endLine": null,
        "endColumn": null,
        "path": "Oraculo/core/model_adapter.py",
        "symbol": "trailing-whitespace",
        "message": "Trailing whitespace",
        "message-id": "C0303"
    },
    {
        "type": "convention",
        "module": "Oraculo.core.model_adapter",
        "obj": "",
        "line": 48,
        "column": 0,
        "endLine": null,
        "endColumn": null,
        "path": "Oraculo/core/model_adapter.py",
        "symbol": "trailing-whitespace",
        "message": "Trailing whitespace",
        "message-id": "C0303"
    },
    {
        "type": "convention",
        "module": "Oraculo.core.model_adapter",
        "obj": "",
        "line": 50,
        "column": 64,
        "endLine": null,
        "endColumn": null,
        "path": "Oraculo/core/model_adapter.py",
        "symbol": "trailing-whitespace",
        "message": "Trailing whitespace",
        "message-id": "C0303"
    },
    {
        "type": "convention",
        "module": "Oraculo.core.model_adapter",
        "obj": "",
        "line": 52,
        "column": 0,
        "endLine": null,
        "endColumn": null,
        "path": "Oraculo/core/model_adapter.py",
        "symbol": "trailing-whitespace",
        "message": "Trailing whitespace",
        "message-id": "C0303"
    },
    {
        "type": "convention",
        "module": "Oraculo.core.model_adapter",
        "obj": "",
        "line": 55,
        "column": 0,
        "endLine": null,
        "endColumn": null,
        "path": "Oraculo/core/model_adapter.py",
        "symbol": "trailing-whitespace",
        "message": "Trailing whitespace",
        "message-id": "C0303"
    },
    {
        "type": "convention",
        "module": "Oraculo.core.model_adapter",
        "obj": "",
        "line": 59,
        "column": 0,
        "endLine": null,
        "endColumn": null,
        "path": "Oraculo/core/model_adapter.py",
        "symbol": "trailing-whitespace",
        "message": "Trailing whitespace",
        "message-id": "C0303"
    },
    {
        "type": "convention",
        "module": "Oraculo.core.model_adapter",
        "obj": "",
        "line": 62,
        "column": 0,
        "endLine": null,
        "endColumn": null,
        "path": "Oraculo/core/model_adapter.py",
        "symbol": "trailing-whitespace",
        "message": "Trailing whitespace",
        "message-id": "C0303"
    },
    {
        "type": "convention",
        "module": "Oraculo.core.model_adapter",
        "obj": "",
        "line": 68,
        "column": 0,
        "endLine": null,
        "endColumn": null,
        "path": "Oraculo/core/model_adapter.py",
        "symbol": "trailing-whitespace",
        "message": "Trailing whitespace",
        "message-id": "C0303"
    },
    {
        "type": "convention",
        "module": "Oraculo.core.model_adapter",
        "obj": "",
        "line": 72,
        "column": 0,
        "endLine": null,
        "endColumn": null,
        "path": "Oraculo/core/model_adapter.py",
        "symbol": "trailing-whitespace",
        "message": "Trailing whitespace",
        "message-id": "C0303"
    },
    {
        "type": "convention",
        "module": "Oraculo.core.model_adapter",
        "obj": "",
        "line": 77,
        "column": 0,
        "endLine": null,
        "endColumn": null,
        "path": "Oraculo/core/model_adapter.py",
        "symbol": "trailing-whitespace",
        "message": "Trailing whitespace",
        "message-id": "C0303"
    },
    {
        "type": "convention",
        "module": "Oraculo.core.model_adapter",
        "obj": "",
        "line": 80,
        "column": 0,
        "endLine": null,
        "endColumn": null,
        "path": "Oraculo/core/model_adapter.py",
        "symbol": "trailing-whitespace",
        "message": "Trailing whitespace",
        "message-id": "C0303"
    },
    {
        "type": "convention",
        "module": "Oraculo.core.model_adapter",
        "obj": "",
        "line": 83,
        "column": 0,
        "endLine": null,
        "endColumn": null,
        "path": "Oraculo/core/model_adapter.py",
        "symbol": "trailing-whitespace",
        "message": "Trailing whitespace",
        "message-id": "C0303"
    },
    {
        "type": "convention",
        "module": "Oraculo.core.model_adapter",
        "obj": "",
        "line": 89,
        "column": 0,
        "endLine": null,
        "endColumn": null,
        "path": "Oraculo/core/model_adapter.py",
        "symbol": "trailing-whitespace",
        "message": "Trailing whitespace",
        "message-id": "C0303"
    },
    {
        "type": "convention",
        "module": "Oraculo.core.model_adapter",
        "obj": "",
        "line": 97,
        "column": 0,
        "endLine": null,
        "endColumn": null,
        "path": "Oraculo/core/model_adapter.py",
        "symbol": "trailing-whitespace",
        "message": "Trailing whitespace",
        "message-id": "C0303"
    },
    {
        "type": "convention",
        "module": "Oraculo.core.model_adapter",
        "obj": "",
        "line": 100,
        "column": 0,
        "endLine": null,
        "endColumn": null,
        "path": "Oraculo/core/model_adapter.py",
        "symbol": "trailing-whitespace",
        "message": "Trailing whitespace",
        "message-id": "C0303"
    },
    {
        "type": "convention",
        "module": "Oraculo.core.model_adapter",
        "obj": "",
        "line": 105,
        "column": 0,
        "endLine": null,
        "endColumn": null,
        "path": "Oraculo/core/model_adapter.py",
        "symbol": "trailing-whitespace",
        "message": "Trailing whitespace",
        "message-id": "C0303"
    },
    {
        "type": "convention",
        "module": "Oraculo.core.model_adapter",
        "obj": "",
        "line": 109,
        "column": 0,
        "endLine": null,
        "endColumn": null,
        "path": "Oraculo/core/model_adapter.py",
        "symbol": "trailing-whitespace",
        "message": "Trailing whitespace",
        "message-id": "C0303"
    },
    {
        "type": "convention",
        "module": "Oraculo.core.model_adapter",
        "obj": "",
        "line": 114,
        "column": 0,
        "endLine": null,
        "endColumn": null,
        "path": "Oraculo/core/model_adapter.py",
        "symbol": "trailing-whitespace",
        "message": "Trailing whitespace",
        "message-id": "C0303"
    },
    {
        "type": "convention",
        "module": "Oraculo.core.model_adapter",
        "obj": "",
        "line": 120,
        "column": 0,
        "endLine": null,
        "endColumn": null,
        "path": "Oraculo/core/model_adapter.py",
        "symbol": "trailing-whitespace",
        "message": "Trailing whitespace",
        "message-id": "C0303"
    },
    {
        "type": "convention",
        "module": "Oraculo.core.model_adapter",
        "obj": "",
        "line": 124,
        "column": 0,
        "endLine": null,
        "endColumn": null,
        "path": "Oraculo/core/model_adapter.py",
        "symbol": "trailing-whitespace",
        "message": "Trailing whitespace",
        "message-id": "C0303"
    },
    {
        "type": "convention",
        "module": "Oraculo.core.model_adapter",
        "obj": "",
        "line": 127,
        "column": 0,
        "endLine": null,
        "endColumn": null,
        "path": "Oraculo/core/model_adapter.py",
        "symbol": "trailing-whitespace",
        "message": "Trailing whitespace",
        "message-id": "C0303"
    },
    {
        "type": "convention",
        "module": "Oraculo.core.model_adapter",
        "obj": "",
        "line": 130,
        "column": 0,
        "endLine": null,
        "endColumn": null,
        "path": "Oraculo/core/model_adapter.py",
        "symbol": "trailing-whitespace",
        "message": "Trailing whitespace",
        "message-id": "C0303"
    },
    {
        "type": "convention",
        "module": "Oraculo.core.model_adapter",
        "obj": "",
        "line": 137,
        "column": 0,
        "endLine": null,
        "endColumn": null,
        "path": "Oraculo/core/model_adapter.py",
        "symbol": "trailing-whitespace",
        "message": "Trailing whitespace",
        "message-id": "C0303"
    },
    {
        "type": "convention",
        "module": "Oraculo.core.model_adapter",
        "obj": "",
        "line": 141,
        "column": 0,
        "endLine": null,
        "endColumn": null,
        "path": "Oraculo/core/model_adapter.py",
        "symbol": "trailing-whitespace",
        "message": "Trailing whitespace",
        "message-id": "C0303"
    },
    {
        "type": "convention",
        "module": "Oraculo.core.model_adapter",
        "obj": "",
        "line": 146,
        "column": 0,
        "endLine": null,
        "endColumn": null,
        "path": "Oraculo/core/model_adapter.py",
        "symbol": "trailing-whitespace",
        "message": "Trailing whitespace",
        "message-id": "C0303"
    },
    {
        "type": "convention",
        "module": "Oraculo.core.model_adapter",
        "obj": "",
        "line": 149,
        "column": 0,
        "endLine": null,
        "endColumn": null,
        "path": "Oraculo/core/model_adapter.py",
        "symbol": "trailing-whitespace",
        "message": "Trailing whitespace",
        "message-id": "C0303"
    },
    {
        "type": "convention",
        "module": "Oraculo.core.model_adapter",
        "obj": "",
        "line": 153,
        "column": 0,
        "endLine": null,
        "endColumn": null,
        "path": "Oraculo/core/model_adapter.py",
        "symbol": "trailing-whitespace",
        "message": "Trailing whitespace",
        "message-id": "C0303"
    },
    {
        "type": "convention",
        "module": "Oraculo.core.model_adapter",
        "obj": "",
        "line": 156,
        "column": 0,
        "endLine": null,
        "endColumn": null,
        "path": "Oraculo/core/model_adapter.py",
        "symbol": "trailing-whitespace",
        "message": "Trailing whitespace",
        "message-id": "C0303"
    },
    {
        "type": "convention",
        "module": "Oraculo.core.model_adapter",
        "obj": "",
        "line": 159,
        "column": 0,
        "endLine": null,
        "endColumn": null,
        "path": "Oraculo/core/model_adapter.py",
        "symbol": "trailing-whitespace",
        "message": "Trailing whitespace",
        "message-id": "C0303"
    },
    {
        "type": "convention",
        "module": "Oraculo.core.model_adapter",
        "obj": "",
        "line": 165,
        "column": 0,
        "endLine": null,
        "endColumn": null,
        "path": "Oraculo/core/model_adapter.py",
        "symbol": "trailing-whitespace",
        "message": "Trailing whitespace",
        "message-id": "C0303"
    },
    {
        "type": "convention",
        "module": "Oraculo.core.model_adapter",
        "obj": "",
        "line": 169,
        "column": 0,
        "endLine": null,
        "endColumn": null,
        "path": "Oraculo/core/model_adapter.py",
        "symbol": "trailing-whitespace",
        "message": "Trailing whitespace",
        "message-id": "C0303"
    },
    {
        "type": "convention",
        "module": "Oraculo.core.model_adapter",
        "obj": "",
        "line": 174,
        "column": 0,
        "endLine": null,
        "endColumn": null,
        "path": "Oraculo/core/model_adapter.py",
        "symbol": "trailing-whitespace",
        "message": "Trailing whitespace",
        "message-id": "C0303"
    },
    {
        "type": "convention",
        "module": "Oraculo.core.model_adapter",
        "obj": "",
        "line": 177,
        "column": 0,
        "endLine": null,
        "endColumn": null,
        "path": "Oraculo/core/model_adapter.py",
        "symbol": "trailing-whitespace",
        "message": "Trailing whitespace",
        "message-id": "C0303"
    },
    {
        "type": "convention",
        "module": "Oraculo.core.model_adapter",
        "obj": "",
        "line": 183,
        "column": 0,
        "endLine": null,
        "endColumn": null,
        "path": "Oraculo/core/model_adapter.py",
        "symbol": "trailing-whitespace",
        "message": "Trailing whitespace",
        "message-id": "C0303"
    },
    {
        "type": "convention",
        "module": "Oraculo.core.model_adapter",
        "obj": "",
        "line": 191,
        "column": 0,
        "endLine": null,
        "endColumn": null,
        "path": "Oraculo/core/model_adapter.py",
        "symbol": "trailing-whitespace",
        "message": "Trailing whitespace",
        "message-id": "C0303"
    },
    {
        "type": "convention",
        "module": "Oraculo.core.model_adapter",
        "obj": "",
        "line": 194,
        "column": 0,
        "endLine": null,
        "endColumn": null,
        "path": "Oraculo/core/model_adapter.py",
        "symbol": "trailing-whitespace",
        "message": "Trailing whitespace",
        "message-id": "C0303"
    },
    {
        "type": "convention",
        "module": "Oraculo.core.model_adapter",
        "obj": "",
        "line": 199,
        "column": 0,
        "endLine": null,
        "endColumn": null,
        "path": "Oraculo/core/model_adapter.py",
        "symbol": "trailing-whitespace",
        "message": "Trailing whitespace",
        "message-id": "C0303"
    },
    {
        "type": "convention",
        "module": "Oraculo.core.model_adapter",
        "obj": "",
        "line": 203,
        "column": 0,
        "endLine": null,
        "endColumn": null,
        "path": "Oraculo/core/model_adapter.py",
        "symbol": "trailing-whitespace",
        "message": "Trailing whitespace",
        "message-id": "C0303"
    },
    {
        "type": "convention",
        "module": "Oraculo.core.model_adapter",
        "obj": "",
        "line": 208,
        "column": 0,
        "endLine": null,
        "endColumn": null,
        "path": "Oraculo/core/model_adapter.py",
        "symbol": "trailing-whitespace",
        "message": "Trailing whitespace",
        "message-id": "C0303"
    },
    {
        "type": "convention",
        "module": "Oraculo.core.model_adapter",
        "obj": "",
        "line": 211,
        "column": 0,
        "endLine": null,
        "endColumn": null,
        "path": "Oraculo/core/model_adapter.py",
        "symbol": "trailing-whitespace",
        "message": "Trailing whitespace",
        "message-id": "C0303"
    },
    {
        "type": "convention",
        "module": "Oraculo.core.model_adapter",
        "obj": "",
        "line": 212,
        "column": 58,
        "endLine": null,
        "endColumn": null,
        "path": "Oraculo/core/model_adapter.py",
        "symbol": "trailing-whitespace",
        "message": "Trailing whitespace",
        "message-id": "C0303"
    },
    {
        "type": "convention",
        "module": "Oraculo.core.model_adapter",
        "obj": "",
        "line": 214,
        "column": 0,
        "endLine": null,
        "endColumn": null,
        "path": "Oraculo/core/model_adapter.py",
        "symbol": "trailing-whitespace",
        "message": "Trailing whitespace",
        "message-id": "C0303"
    },
    {
        "type": "convention",
        "module": "Oraculo.core.model_adapter",
        "obj": "",
        "line": 220,
        "column": 0,
        "endLine": null,
        "endColumn": null,
        "path": "Oraculo/core/model_adapter.py",
        "symbol": "trailing-whitespace",
        "message": "Trailing whitespace",
        "message-id": "C0303"
    },
    {
        "type": "convention",
        "module": "Oraculo.core.model_adapter",
        "obj": "",
        "line": 232,
        "column": 0,
        "endLine": null,
        "endColumn": null,
        "path": "Oraculo/core/model_adapter.py",
        "symbol": "trailing-whitespace",
        "message": "Trailing whitespace",
        "message-id": "C0303"
    },
    {
        "type": "convention",
        "module": "Oraculo.core.model_adapter",
        "obj": "",
        "line": 237,
        "column": 0,
        "endLine": null,
        "endColumn": null,
        "path": "Oraculo/core/model_adapter.py",
        "symbol": "trailing-whitespace",
        "message": "Trailing whitespace",
        "message-id": "C0303"
    },
    {
        "type": "convention",
        "module": "Oraculo.core.model_adapter",
        "obj": "",
        "line": 241,
        "column": 0,
        "endLine": null,
        "endColumn": null,
        "path": "Oraculo/core/model_adapter.py",
        "symbol": "trailing-whitespace",
        "message": "Trailing whitespace",
        "message-id": "C0303"
    },
    {
        "type": "convention",
        "module": "Oraculo.core.model_adapter",
        "obj": "",
        "line": 246,
        "column": 0,
        "endLine": null,
        "endColumn": null,
        "path": "Oraculo/core/model_adapter.py",
        "symbol": "trailing-whitespace",
        "message": "Trailing whitespace",
        "message-id": "C0303"
    },
    {
        "type": "convention",
        "module": "Oraculo.core.model_adapter",
        "obj": "",
        "line": 256,
        "column": 0,
        "endLine": null,
        "endColumn": null,
        "path": "Oraculo/core/model_adapter.py",
        "symbol": "trailing-whitespace",
        "message": "Trailing whitespace",
        "message-id": "C0303"
    },
    {
        "type": "convention",
        "module": "Oraculo.core.model_adapter",
        "obj": "",
        "line": 260,
        "column": 0,
        "endLine": null,
        "endColumn": null,
        "path": "Oraculo/core/model_adapter.py",
        "symbol": "trailing-whitespace",
        "message": "Trailing whitespace",
        "message-id": "C0303"
    },
    {
        "type": "convention",
        "module": "Oraculo.core.model_adapter",
        "obj": "",
        "line": 271,
        "column": 0,
        "endLine": null,
        "endColumn": null,
        "path": "Oraculo/core/model_adapter.py",
        "symbol": "trailing-whitespace",
        "message": "Trailing whitespace",
        "message-id": "C0303"
    },
    {
        "type": "convention",
        "module": "Oraculo.core.model_adapter",
        "obj": "",
        "line": 280,
        "column": 0,
        "endLine": null,
        "endColumn": null,
        "path": "Oraculo/core/model_adapter.py",
        "symbol": "trailing-whitespace",
        "message": "Trailing whitespace",
        "message-id": "C0303"
    },
    {
        "type": "convention",
        "module": "Oraculo.core.model_adapter",
        "obj": "",
        "line": 282,
        "column": 0,
        "endLine": null,
        "endColumn": null,
        "path": "Oraculo/core/model_adapter.py",
        "symbol": "trailing-whitespace",
        "message": "Trailing whitespace",
        "message-id": "C0303"
    },
    {
        "type": "convention",
        "module": "Oraculo.core.model_adapter",
        "obj": "",
        "line": 287,
        "column": 0,
        "endLine": null,
        "endColumn": null,
        "path": "Oraculo/core/model_adapter.py",
        "symbol": "trailing-whitespace",
        "message": "Trailing whitespace",
        "message-id": "C0303"
    },
    {
        "type": "convention",
        "module": "Oraculo.core.model_adapter",
        "obj": "",
        "line": 291,
        "column": 0,
        "endLine": null,
        "endColumn": null,
        "path": "Oraculo/core/model_adapter.py",
        "symbol": "trailing-whitespace",
        "message": "Trailing whitespace",
        "message-id": "C0303"
    },
    {
        "type": "convention",
        "module": "Oraculo.core.model_adapter",
        "obj": "",
        "line": 297,
        "column": 0,
        "endLine": null,
        "endColumn": null,
        "path": "Oraculo/core/model_adapter.py",
        "symbol": "trailing-whitespace",
        "message": "Trailing whitespace",
        "message-id": "C0303"
    },
    {
        "type": "convention",
        "module": "Oraculo.core.model_adapter",
        "obj": "",
        "line": 301,
        "column": 0,
        "endLine": null,
        "endColumn": null,
        "path": "Oraculo/core/model_adapter.py",
        "symbol": "trailing-whitespace",
        "message": "Trailing whitespace",
        "message-id": "C0303"
    },
    {
        "type": "convention",
        "module": "Oraculo.core.model_adapter",
        "obj": "",
        "line": 306,
        "column": 0,
        "endLine": null,
        "endColumn": null,
        "path": "Oraculo/core/model_adapter.py",
        "symbol": "trailing-whitespace",
        "message": "Trailing whitespace",
        "message-id": "C0303"
    },
    {
        "type": "convention",
        "module": "Oraculo.core.model_adapter",
        "obj": "",
        "line": 310,
        "column": 0,
        "endLine": null,
        "endColumn": null,
        "path": "Oraculo/core/model_adapter.py",
        "symbol": "trailing-whitespace",
        "message": "Trailing whitespace",
        "message-id": "C0303"
    },
    {
        "type": "convention",
        "module": "Oraculo.core.model_adapter",
        "obj": "",
        "line": 316,
        "column": 0,
        "endLine": null,
        "endColumn": null,
        "path": "Oraculo/core/model_adapter.py",
        "symbol": "trailing-whitespace",
        "message": "Trailing whitespace",
        "message-id": "C0303"
    },
    {
        "type": "convention",
        "module": "Oraculo.core.model_adapter",
        "obj": "",
        "line": 324,
        "column": 0,
        "endLine": null,
        "endColumn": null,
        "path": "Oraculo/core/model_adapter.py",
        "symbol": "trailing-whitespace",
        "message": "Trailing whitespace",
        "message-id": "C0303"
    },
    {
        "type": "convention",
        "module": "Oraculo.core.model_adapter",
        "obj": "",
        "line": 329,
        "column": 0,
        "endLine": null,
        "endColumn": null,
        "path": "Oraculo/core/model_adapter.py",
        "symbol": "trailing-whitespace",
        "message": "Trailing whitespace",
        "message-id": "C0303"
    },
    {
        "type": "convention",
        "module": "Oraculo.core.model_adapter",
        "obj": "ModelAdapter.adapt_mutation_model.adapted_gerar_mutacoes.mutar_adapted",
        "line": 264,
        "column": 20,
        "endLine": 270,
        "endColumn": 46,
        "path": "Oraculo/core/model_adapter.py",
        "symbol": "consider-using-enumerate",
        "message": "Consider using enumerate instead of iterating with range and len",
        "message-id": "C0200"
    },
    {
        "type": "warning",
        "module": "Oraculo.core.model_adapter",
        "obj": "ModelAdapter.adapt_mutation_model",
        "line": 245,
        "column": 12,
        "endLine": 245,
        "endColumn": 54,
        "path": "Oraculo/core/model_adapter.py",
        "symbol": "unused-import",
        "message": "Unused mutation imported from Oraculo.common.models",
        "message-id": "W0611"
    },
    {
        "type": "convention",
        "module": "Oraculo.core.parallel_engine",
        "obj": "",
        "line": 30,
        "column": 0,
        "endLine": null,
        "endColumn": null,
        "path": "Oraculo/core/parallel_engine.py",
        "symbol": "trailing-whitespace",
        "message": "Trailing whitespace",
        "message-id": "C0303"
    },
    {
        "type": "convention",
        "module": "Oraculo.core.parallel_engine",
        "obj": "",
        "line": 34,
        "column": 0,
        "endLine": null,
        "endColumn": null,
        "path": "Oraculo/core/parallel_engine.py",
        "symbol": "trailing-whitespace",
        "message": "Trailing whitespace",
        "message-id": "C0303"
    },
    {
        "type": "convention",
        "module": "Oraculo.core.parallel_engine",
        "obj": "",
        "line": 47,
        "column": 0,
        "endLine": null,
        "endColumn": null,
        "path": "Oraculo/core/parallel_engine.py",
        "symbol": "trailing-whitespace",
        "message": "Trailing whitespace",
        "message-id": "C0303"
    },
    {
        "type": "convention",
        "module": "Oraculo.core.parallel_engine",
        "obj": "",
        "line": 59,
        "column": 0,
        "endLine": null,
        "endColumn": null,
        "path": "Oraculo/core/parallel_engine.py",
        "symbol": "trailing-whitespace",
        "message": "Trailing whitespace",
        "message-id": "C0303"
    },
    {
        "type": "convention",
        "module": "Oraculo.core.parallel_engine",
        "obj": "",
        "line": 63,
        "column": 0,
        "endLine": null,
        "endColumn": null,
        "path": "Oraculo/core/parallel_engine.py",
        "symbol": "trailing-whitespace",
        "message": "Trailing whitespace",
        "message-id": "C0303"
    },
    {
        "type": "convention",
        "module": "Oraculo.core.parallel_engine",
        "obj": "",
        "line": 69,
        "column": 0,
        "endLine": null,
        "endColumn": null,
        "path": "Oraculo/core/parallel_engine.py",
        "symbol": "trailing-whitespace",
        "message": "Trailing whitespace",
        "message-id": "C0303"
    },
    {
        "type": "convention",
        "module": "Oraculo.core.parallel_engine",
        "obj": "",
        "line": 72,
        "column": 0,
        "endLine": null,
        "endColumn": null,
        "path": "Oraculo/core/parallel_engine.py",
        "symbol": "trailing-whitespace",
        "message": "Trailing whitespace",
        "message-id": "C0303"
    },
    {
        "type": "convention",
        "module": "Oraculo.core.parallel_engine",
        "obj": "",
        "line": 76,
        "column": 0,
        "endLine": null,
        "endColumn": null,
        "path": "Oraculo/core/parallel_engine.py",
        "symbol": "trailing-whitespace",
        "message": "Trailing whitespace",
        "message-id": "C0303"
    },
    {
        "type": "convention",
        "module": "Oraculo.core.parallel_engine",
        "obj": "",
        "line": 82,
        "column": 0,
        "endLine": null,
        "endColumn": null,
        "path": "Oraculo/core/parallel_engine.py",
        "symbol": "trailing-whitespace",
        "message": "Trailing whitespace",
        "message-id": "C0303"
    },
    {
        "type": "convention",
        "module": "Oraculo.core.parallel_engine",
        "obj": "",
        "line": 91,
        "column": 0,
        "endLine": null,
        "endColumn": null,
        "path": "Oraculo/core/parallel_engine.py",
        "symbol": "trailing-whitespace",
        "message": "Trailing whitespace",
        "message-id": "C0303"
    },
    {
        "type": "convention",
        "module": "Oraculo.core.parallel_engine",
        "obj": "",
        "line": 98,
        "column": 0,
        "endLine": null,
        "endColumn": null,
        "path": "Oraculo/core/parallel_engine.py",
        "symbol": "trailing-whitespace",
        "message": "Trailing whitespace",
        "message-id": "C0303"
    },
    {
        "type": "convention",
        "module": "Oraculo.core.parallel_engine",
        "obj": "",
        "line": 105,
        "column": 0,
        "endLine": null,
        "endColumn": null,
        "path": "Oraculo/core/parallel_engine.py",
        "symbol": "trailing-whitespace",
        "message": "Trailing whitespace",
        "message-id": "C0303"
    },
    {
        "type": "convention",
        "module": "Oraculo.core.parallel_engine",
        "obj": "",
        "line": 110,
        "column": 0,
        "endLine": null,
        "endColumn": null,
        "path": "Oraculo/core/parallel_engine.py",
        "symbol": "trailing-whitespace",
        "message": "Trailing whitespace",
        "message-id": "C0303"
    },
    {
        "type": "convention",
        "module": "Oraculo.core.parallel_engine",
        "obj": "",
        "line": 126,
        "column": 0,
        "endLine": null,
        "endColumn": null,
        "path": "Oraculo/core/parallel_engine.py",
        "symbol": "trailing-whitespace",
        "message": "Trailing whitespace",
        "message-id": "C0303"
    },
    {
        "type": "convention",
        "module": "Oraculo.core.parallel_engine",
        "obj": "",
        "line": 127,
        "column": 70,
        "endLine": null,
        "endColumn": null,
        "path": "Oraculo/core/parallel_engine.py",
        "symbol": "trailing-whitespace",
        "message": "Trailing whitespace",
        "message-id": "C0303"
    },
    {
        "type": "convention",
        "module": "Oraculo.core.parallel_engine",
        "obj": "",
        "line": 142,
        "column": 0,
        "endLine": null,
        "endColumn": null,
        "path": "Oraculo/core/parallel_engine.py",
        "symbol": "trailing-whitespace",
        "message": "Trailing whitespace",
        "message-id": "C0303"
    },
    {
        "type": "convention",
        "module": "Oraculo.core.parallel_engine",
        "obj": "",
        "line": 146,
        "column": 0,
        "endLine": null,
        "endColumn": null,
        "path": "Oraculo/core/parallel_engine.py",
        "symbol": "trailing-whitespace",
        "message": "Trailing whitespace",
        "message-id": "C0303"
    },
    {
        "type": "convention",
        "module": "Oraculo.core.parallel_engine",
        "obj": "",
        "line": 149,
        "column": 0,
        "endLine": null,
        "endColumn": null,
        "path": "Oraculo/core/parallel_engine.py",
        "symbol": "trailing-whitespace",
        "message": "Trailing whitespace",
        "message-id": "C0303"
    },
    {
        "type": "convention",
        "module": "Oraculo.core.parallel_engine",
        "obj": "",
        "line": 151,
        "column": 0,
        "endLine": null,
        "endColumn": null,
        "path": "Oraculo/core/parallel_engine.py",
        "symbol": "trailing-whitespace",
        "message": "Trailing whitespace",
        "message-id": "C0303"
    },
    {
        "type": "convention",
        "module": "Oraculo.core.parallel_engine",
        "obj": "",
        "line": 155,
        "column": 0,
        "endLine": null,
        "endColumn": null,
        "path": "Oraculo/core/parallel_engine.py",
        "symbol": "trailing-whitespace",
        "message": "Trailing whitespace",
        "message-id": "C0303"
    },
    {
        "type": "convention",
        "module": "Oraculo.core.parallel_engine",
        "obj": "",
        "line": 161,
        "column": 0,
        "endLine": null,
        "endColumn": null,
        "path": "Oraculo/core/parallel_engine.py",
        "symbol": "trailing-whitespace",
        "message": "Trailing whitespace",
        "message-id": "C0303"
    },
    {
        "type": "convention",
        "module": "Oraculo.core.parallel_engine",
        "obj": "",
        "line": 196,
        "column": 0,
        "endLine": null,
        "endColumn": null,
        "path": "Oraculo/core/parallel_engine.py",
        "symbol": "trailing-whitespace",
        "message": "Trailing whitespace",
        "message-id": "C0303"
    },
    {
        "type": "convention",
        "module": "Oraculo.core.parallel_engine",
        "obj": "",
        "line": 201,
        "column": 0,
        "endLine": null,
        "endColumn": null,
        "path": "Oraculo/core/parallel_engine.py",
        "symbol": "trailing-whitespace",
        "message": "Trailing whitespace",
        "message-id": "C0303"
    },
    {
        "type": "convention",
        "module": "Oraculo.core.parallel_engine",
        "obj": "",
        "line": 203,
        "column": 0,
        "endLine": null,
        "endColumn": null,
        "path": "Oraculo/core/parallel_engine.py",
        "symbol": "trailing-whitespace",
        "message": "Trailing whitespace",
        "message-id": "C0303"
    },
    {
        "type": "convention",
        "module": "Oraculo.core.parallel_engine",
        "obj": "",
        "line": 209,
        "column": 0,
        "endLine": null,
        "endColumn": null,
        "path": "Oraculo/core/parallel_engine.py",
        "symbol": "trailing-whitespace",
        "message": "Trailing whitespace",
        "message-id": "C0303"
    },
    {
        "type": "convention",
        "module": "Oraculo.core.parallel_engine",
        "obj": "",
        "line": 211,
        "column": 0,
        "endLine": null,
        "endColumn": null,
        "path": "Oraculo/core/parallel_engine.py",
        "symbol": "trailing-whitespace",
        "message": "Trailing whitespace",
        "message-id": "C0303"
    },
    {
        "type": "convention",
        "module": "Oraculo.core.parallel_engine",
        "obj": "",
        "line": 216,
        "column": 0,
        "endLine": null,
        "endColumn": null,
        "path": "Oraculo/core/parallel_engine.py",
        "symbol": "trailing-whitespace",
        "message": "Trailing whitespace",
        "message-id": "C0303"
    },
    {
        "type": "convention",
        "module": "Oraculo.core.parallel_engine",
        "obj": "",
        "line": 218,
        "column": 0,
        "endLine": null,
        "endColumn": null,
        "path": "Oraculo/core/parallel_engine.py",
        "symbol": "trailing-whitespace",
        "message": "Trailing whitespace",
        "message-id": "C0303"
    },
    {
        "type": "convention",
        "module": "Oraculo.core.parallel_engine",
        "obj": "",
        "line": 221,
        "column": 0,
        "endLine": null,
        "endColumn": null,
        "path": "Oraculo/core/parallel_engine.py",
        "symbol": "trailing-whitespace",
        "message": "Trailing whitespace",
        "message-id": "C0303"
    },
    {
        "type": "convention",
        "module": "Oraculo.core.parallel_engine",
        "obj": "",
        "line": 225,
        "column": 0,
        "endLine": null,
        "endColumn": null,
        "path": "Oraculo/core/parallel_engine.py",
        "symbol": "trailing-whitespace",
        "message": "Trailing whitespace",
        "message-id": "C0303"
    },
    {
        "type": "convention",
        "module": "Oraculo.core.parallel_engine",
        "obj": "",
        "line": 227,
        "column": 0,
        "endLine": null,
        "endColumn": null,
        "path": "Oraculo/core/parallel_engine.py",
        "symbol": "trailing-whitespace",
        "message": "Trailing whitespace",
        "message-id": "C0303"
    },
    {
        "type": "convention",
        "module": "Oraculo.core.parallel_engine",
        "obj": "",
        "line": 235,
        "column": 0,
        "endLine": null,
        "endColumn": null,
        "path": "Oraculo/core/parallel_engine.py",
        "symbol": "trailing-whitespace",
        "message": "Trailing whitespace",
        "message-id": "C0303"
    },
    {
        "type": "convention",
        "module": "Oraculo.core.parallel_engine",
        "obj": "",
        "line": 238,
        "column": 0,
        "endLine": null,
        "endColumn": null,
        "path": "Oraculo/core/parallel_engine.py",
        "symbol": "trailing-whitespace",
        "message": "Trailing whitespace",
        "message-id": "C0303"
    },
    {
        "type": "convention",
        "module": "Oraculo.core.parallel_engine",
        "obj": "",
        "line": 242,
        "column": 0,
        "endLine": null,
        "endColumn": null,
        "path": "Oraculo/core/parallel_engine.py",
        "symbol": "trailing-whitespace",
        "message": "Trailing whitespace",
        "message-id": "C0303"
    },
    {
        "type": "convention",
        "module": "Oraculo.core.parallel_engine",
        "obj": "",
        "line": 243,
        "column": 55,
        "endLine": null,
        "endColumn": null,
        "path": "Oraculo/core/parallel_engine.py",
        "symbol": "trailing-whitespace",
        "message": "Trailing whitespace",
        "message-id": "C0303"
    },
    {
        "type": "convention",
        "module": "Oraculo.core.parallel_engine",
        "obj": "",
        "line": 257,
        "column": 0,
        "endLine": null,
        "endColumn": null,
        "path": "Oraculo/core/parallel_engine.py",
        "symbol": "trailing-whitespace",
        "message": "Trailing whitespace",
        "message-id": "C0303"
    },
    {
        "type": "convention",
        "module": "Oraculo.core.parallel_engine",
        "obj": "",
        "line": 260,
        "column": 0,
        "endLine": null,
        "endColumn": null,
        "path": "Oraculo/core/parallel_engine.py",
        "symbol": "trailing-whitespace",
        "message": "Trailing whitespace",
        "message-id": "C0303"
    },
    {
        "type": "convention",
        "module": "Oraculo.core.parallel_engine",
        "obj": "",
        "line": 262,
        "column": 0,
        "endLine": null,
        "endColumn": null,
        "path": "Oraculo/core/parallel_engine.py",
        "symbol": "trailing-whitespace",
        "message": "Trailing whitespace",
        "message-id": "C0303"
    },
    {
        "type": "convention",
        "module": "Oraculo.core.parallel_engine",
        "obj": "",
        "line": 266,
        "column": 0,
        "endLine": null,
        "endColumn": null,
        "path": "Oraculo/core/parallel_engine.py",
        "symbol": "trailing-whitespace",
        "message": "Trailing whitespace",
        "message-id": "C0303"
    },
    {
        "type": "convention",
        "module": "Oraculo.core.parallel_engine",
        "obj": "",
        "line": 269,
        "column": 37,
        "endLine": null,
        "endColumn": null,
        "path": "Oraculo/core/parallel_engine.py",
        "symbol": "trailing-whitespace",
        "message": "Trailing whitespace",
        "message-id": "C0303"
    },
    {
        "type": "convention",
        "module": "Oraculo.core.parallel_engine",
        "obj": "",
        "line": 270,
        "column": 32,
        "endLine": null,
        "endColumn": null,
        "path": "Oraculo/core/parallel_engine.py",
        "symbol": "trailing-whitespace",
        "message": "Trailing whitespace",
        "message-id": "C0303"
    },
    {
        "type": "convention",
        "module": "Oraculo.core.parallel_engine",
        "obj": "",
        "line": 271,
        "column": 38,
        "endLine": null,
        "endColumn": null,
        "path": "Oraculo/core/parallel_engine.py",
        "symbol": "trailing-whitespace",
        "message": "Trailing whitespace",
        "message-id": "C0303"
    },
    {
        "type": "convention",
        "module": "Oraculo.core.parallel_engine",
        "obj": "",
        "line": 272,
        "column": 36,
        "endLine": null,
        "endColumn": null,
        "path": "Oraculo/core/parallel_engine.py",
        "symbol": "trailing-whitespace",
        "message": "Trailing whitespace",
        "message-id": "C0303"
    },
    {
        "type": "convention",
        "module": "Oraculo.core.parallel_engine",
        "obj": "",
        "line": 276,
        "column": 0,
        "endLine": null,
        "endColumn": null,
        "path": "Oraculo/core/parallel_engine.py",
        "symbol": "trailing-whitespace",
        "message": "Trailing whitespace",
        "message-id": "C0303"
    },
    {
        "type": "convention",
        "module": "Oraculo.core.parallel_engine",
        "obj": "",
        "line": 307,
        "column": 0,
        "endLine": null,
        "endColumn": null,
        "path": "Oraculo/core/parallel_engine.py",
        "symbol": "trailing-whitespace",
        "message": "Trailing whitespace",
        "message-id": "C0303"
    },
    {
        "type": "convention",
        "module": "Oraculo.core.parallel_engine",
        "obj": "",
        "line": 310,
        "column": 0,
        "endLine": null,
        "endColumn": null,
        "path": "Oraculo/core/parallel_engine.py",
        "symbol": "trailing-whitespace",
        "message": "Trailing whitespace",
        "message-id": "C0303"
    },
    {
        "type": "convention",
        "module": "Oraculo.core.parallel_engine",
        "obj": "",
        "line": 312,
        "column": 0,
        "endLine": null,
        "endColumn": null,
        "path": "Oraculo/core/parallel_engine.py",
        "symbol": "trailing-whitespace",
        "message": "Trailing whitespace",
        "message-id": "C0303"
    },
    {
        "type": "convention",
        "module": "Oraculo.core.parallel_engine",
        "obj": "",
        "line": 318,
        "column": 0,
        "endLine": null,
        "endColumn": null,
        "path": "Oraculo/core/parallel_engine.py",
        "symbol": "trailing-whitespace",
        "message": "Trailing whitespace",
        "message-id": "C0303"
    },
    {
        "type": "convention",
        "module": "Oraculo.core.parallel_engine",
        "obj": "",
        "line": 320,
        "column": 0,
        "endLine": null,
        "endColumn": null,
        "path": "Oraculo/core/parallel_engine.py",
        "symbol": "trailing-whitespace",
        "message": "Trailing whitespace",
        "message-id": "C0303"
    },
    {
        "type": "convention",
        "module": "Oraculo.core.parallel_engine",
        "obj": "",
        "line": 324,
        "column": 32,
        "endLine": null,
        "endColumn": null,
        "path": "Oraculo/core/parallel_engine.py",
        "symbol": "trailing-whitespace",
        "message": "Trailing whitespace",
        "message-id": "C0303"
    },
    {
        "type": "convention",
        "module": "Oraculo.core.parallel_engine",
        "obj": "",
        "line": 325,
        "column": 38,
        "endLine": null,
        "endColumn": null,
        "path": "Oraculo/core/parallel_engine.py",
        "symbol": "trailing-whitespace",
        "message": "Trailing whitespace",
        "message-id": "C0303"
    },
    {
        "type": "convention",
        "module": "Oraculo.core.parallel_engine",
        "obj": "",
        "line": 326,
        "column": 36,
        "endLine": null,
        "endColumn": null,
        "path": "Oraculo/core/parallel_engine.py",
        "symbol": "trailing-whitespace",
        "message": "Trailing whitespace",
        "message-id": "C0303"
    },
    {
        "type": "convention",
        "module": "Oraculo.core.parallel_engine",
        "obj": "",
        "line": 330,
        "column": 0,
        "endLine": null,
        "endColumn": null,
        "path": "Oraculo/core/parallel_engine.py",
        "symbol": "trailing-whitespace",
        "message": "Trailing whitespace",
        "message-id": "C0303"
    },
    {
        "type": "convention",
        "module": "Oraculo.core.parallel_engine",
        "obj": "",
        "line": 332,
        "column": 0,
        "endLine": null,
        "endColumn": null,
        "path": "Oraculo/core/parallel_engine.py",
        "symbol": "trailing-whitespace",
        "message": "Trailing whitespace",
        "message-id": "C0303"
    },
    {
        "type": "convention",
        "module": "Oraculo.core.parallel_engine",
        "obj": "",
        "line": 335,
        "column": 0,
        "endLine": null,
        "endColumn": null,
        "path": "Oraculo/core/parallel_engine.py",
        "symbol": "trailing-whitespace",
        "message": "Trailing whitespace",
        "message-id": "C0303"
    },
    {
        "type": "convention",
        "module": "Oraculo.core.parallel_engine",
        "obj": "",
        "line": 339,
        "column": 0,
        "endLine": null,
        "endColumn": null,
        "path": "Oraculo/core/parallel_engine.py",
        "symbol": "trailing-whitespace",
        "message": "Trailing whitespace",
        "message-id": "C0303"
    },
    {
        "type": "convention",
        "module": "Oraculo.core.parallel_engine",
        "obj": "",
        "line": 341,
        "column": 0,
        "endLine": null,
        "endColumn": null,
        "path": "Oraculo/core/parallel_engine.py",
        "symbol": "trailing-whitespace",
        "message": "Trailing whitespace",
        "message-id": "C0303"
    },
    {
        "type": "convention",
        "module": "Oraculo.core.parallel_engine",
        "obj": "",
        "line": 342,
        "column": 17,
        "endLine": null,
        "endColumn": null,
        "path": "Oraculo/core/parallel_engine.py",
        "symbol": "trailing-whitespace",
        "message": "Trailing whitespace",
        "message-id": "C0303"
    },
    {
        "type": "convention",
        "module": "Oraculo.core.parallel_engine",
        "obj": "",
        "line": 349,
        "column": 0,
        "endLine": null,
        "endColumn": null,
        "path": "Oraculo/core/parallel_engine.py",
        "symbol": "trailing-whitespace",
        "message": "Trailing whitespace",
        "message-id": "C0303"
    },
    {
        "type": "convention",
        "module": "Oraculo.core.parallel_engine",
        "obj": "",
        "line": 352,
        "column": 0,
        "endLine": null,
        "endColumn": null,
        "path": "Oraculo/core/parallel_engine.py",
        "symbol": "trailing-whitespace",
        "message": "Trailing whitespace",
        "message-id": "C0303"
    },
    {
        "type": "convention",
        "module": "Oraculo.core.parallel_engine",
        "obj": "",
        "line": 360,
        "column": 0,
        "endLine": null,
        "endColumn": null,
        "path": "Oraculo/core/parallel_engine.py",
        "symbol": "trailing-whitespace",
        "message": "Trailing whitespace",
        "message-id": "C0303"
    },
    {
        "type": "convention",
        "module": "Oraculo.core.parallel_engine",
        "obj": "",
        "line": 365,
        "column": 0,
        "endLine": null,
        "endColumn": null,
        "path": "Oraculo/core/parallel_engine.py",
        "symbol": "trailing-whitespace",
        "message": "Trailing whitespace",
        "message-id": "C0303"
    },
    {
        "type": "convention",
        "module": "Oraculo.core.parallel_engine",
        "obj": "",
        "line": 366,
        "column": 17,
        "endLine": null,
        "endColumn": null,
        "path": "Oraculo/core/parallel_engine.py",
        "symbol": "trailing-whitespace",
        "message": "Trailing whitespace",
        "message-id": "C0303"
    },
    {
        "type": "convention",
        "module": "Oraculo.core.parallel_engine",
        "obj": "",
        "line": 370,
        "column": 0,
        "endLine": null,
        "endColumn": null,
        "path": "Oraculo/core/parallel_engine.py",
        "symbol": "trailing-whitespace",
        "message": "Trailing whitespace",
        "message-id": "C0303"
    },
    {
        "type": "convention",
        "module": "Oraculo.core.parallel_engine",
        "obj": "",
        "line": 375,
        "column": 0,
        "endLine": null,
        "endColumn": null,
        "path": "Oraculo/core/parallel_engine.py",
        "symbol": "trailing-whitespace",
        "message": "Trailing whitespace",
        "message-id": "C0303"
    },
    {
        "type": "convention",
        "module": "Oraculo.core.parallel_engine",
        "obj": "",
        "line": 380,
        "column": 0,
        "endLine": null,
        "endColumn": null,
        "path": "Oraculo/core/parallel_engine.py",
        "symbol": "trailing-whitespace",
        "message": "Trailing whitespace",
        "message-id": "C0303"
    },
    {
        "type": "convention",
        "module": "Oraculo.core.parallel_engine",
        "obj": "",
        "line": 388,
        "column": 0,
        "endLine": null,
        "endColumn": null,
        "path": "Oraculo/core/parallel_engine.py",
        "symbol": "trailing-whitespace",
        "message": "Trailing whitespace",
        "message-id": "C0303"
    },
    {
        "type": "convention",
        "module": "Oraculo.core.parallel_engine",
        "obj": "",
        "line": 402,
        "column": 58,
        "endLine": null,
        "endColumn": null,
        "path": "Oraculo/core/parallel_engine.py",
        "symbol": "trailing-whitespace",
        "message": "Trailing whitespace",
        "message-id": "C0303"
    },
    {
        "type": "convention",
        "module": "Oraculo.core.parallel_engine",
        "obj": "",
        "line": 415,
        "column": 0,
        "endLine": null,
        "endColumn": null,
        "path": "Oraculo/core/parallel_engine.py",
        "symbol": "trailing-whitespace",
        "message": "Trailing whitespace",
        "message-id": "C0303"
    },
    {
        "type": "convention",
        "module": "Oraculo.core.parallel_engine",
        "obj": "",
        "line": 419,
        "column": 0,
        "endLine": null,
        "endColumn": null,
        "path": "Oraculo/core/parallel_engine.py",
        "symbol": "trailing-whitespace",
        "message": "Trailing whitespace",
        "message-id": "C0303"
    },
    {
        "type": "warning",
        "module": "Oraculo.core.parallel_engine",
        "obj": "",
        "line": 8,
        "column": 0,
        "endLine": 8,
        "endColumn": 16,
        "path": "Oraculo/core/parallel_engine.py",
        "symbol": "unused-import",
        "message": "Unused import threading",
        "message-id": "W0611"
    },
    {
        "type": "warning",
        "module": "Oraculo.core.parallel_engine",
        "obj": "",
        "line": 11,
        "column": 0,
        "endLine": 11,
        "endColumn": 61,
        "path": "Oraculo/core/parallel_engine.py",
        "symbol": "unused-import",
        "message": "Unused Tuple imported from typing",
        "message-id": "W0611"
    },
    {
        "type": "warning",
        "module": "Oraculo.core.parallel_engine",
        "obj": "",
        "line": 12,
        "column": 0,
        "endLine": 12,
        "endColumn": 18,
        "path": "Oraculo/core/parallel_engine.py",
        "symbol": "unused-import",
        "message": "Unused numpy imported as np",
        "message-id": "W0611"
    },
    {
        "type": "convention",
        "module": "Oraculo.Lotofacil.scripts.benchmark",
        "obj": "",
        "line": 26,
        "column": 0,
        "endLine": null,
        "endColumn": null,
        "path": "Oraculo/Lotofacil/scripts/benchmark.py",
        "symbol": "trailing-whitespace",
        "message": "Trailing whitespace",
        "message-id": "C0303"
    },
    {
        "type": "convention",
        "module": "Oraculo.Lotofacil.scripts.benchmark",
        "obj": "",
        "line": 34,
        "column": 0,
        "endLine": null,
        "endColumn": null,
        "path": "Oraculo/Lotofacil/scripts/benchmark.py",
        "symbol": "trailing-whitespace",
        "message": "Trailing whitespace",
        "message-id": "C0303"
    },
    {
        "type": "convention",
        "module": "Oraculo.Lotofacil.scripts.benchmark",
        "obj": "",
        "line": 39,
        "column": 0,
        "endLine": null,
        "endColumn": null,
        "path": "Oraculo/Lotofacil/scripts/benchmark.py",
        "symbol": "trailing-whitespace",
        "message": "Trailing whitespace",
        "message-id": "C0303"
    },
    {
        "type": "convention",
        "module": "Oraculo.Lotofacil.scripts.benchmark",
        "obj": "",
        "line": 45,
        "column": 0,
        "endLine": null,
        "endColumn": null,
        "path": "Oraculo/Lotofacil/scripts/benchmark.py",
        "symbol": "trailing-whitespace",
        "message": "Trailing whitespace",
        "message-id": "C0303"
    },
    {
        "type": "convention",
        "module": "Oraculo.Lotofacil.scripts.benchmark",
        "obj": "",
        "line": 70,
        "column": 0,
        "endLine": null,
        "endColumn": null,
        "path": "Oraculo/Lotofacil/scripts/benchmark.py",
        "symbol": "trailing-whitespace",
        "message": "Trailing whitespace",
        "message-id": "C0303"
    },
    {
        "type": "convention",
        "module": "Oraculo.Lotofacil.scripts.benchmark",
        "obj": "",
        "line": 82,
        "column": 0,
        "endLine": null,
        "endColumn": null,
        "path": "Oraculo/Lotofacil/scripts/benchmark.py",
        "symbol": "trailing-whitespace",
        "message": "Trailing whitespace",
        "message-id": "C0303"
    },
    {
        "type": "convention",
        "module": "Oraculo.Lotofacil.scripts.benchmark",
        "obj": "",
        "line": 117,
        "column": 0,
        "endLine": null,
        "endColumn": null,
        "path": "Oraculo/Lotofacil/scripts/benchmark.py",
        "symbol": "trailing-whitespace",
        "message": "Trailing whitespace",
        "message-id": "C0303"
    },
    {
        "type": "convention",
        "module": "Oraculo.Lotofacil.scripts.benchmark",
        "obj": "",
        "line": 122,
        "column": 0,
        "endLine": null,
        "endColumn": null,
        "path": "Oraculo/Lotofacil/scripts/benchmark.py",
        "symbol": "trailing-whitespace",
        "message": "Trailing whitespace",
        "message-id": "C0303"
    },
    {
        "type": "convention",
        "module": "Oraculo.Lotofacil.scripts.benchmark",
        "obj": "",
        "line": 124,
        "column": 0,
        "endLine": null,
        "endColumn": null,
        "path": "Oraculo/Lotofacil/scripts/benchmark.py",
        "symbol": "trailing-whitespace",
        "message": "Trailing whitespace",
        "message-id": "C0303"
    },
    {
        "type": "convention",
        "module": "Oraculo.Lotofacil.scripts.benchmark",
        "obj": "",
        "line": 129,
        "column": 0,
        "endLine": null,
        "endColumn": null,
        "path": "Oraculo/Lotofacil/scripts/benchmark.py",
        "symbol": "trailing-whitespace",
        "message": "Trailing whitespace",
        "message-id": "C0303"
    },
    {
        "type": "convention",
        "module": "Oraculo.Lotofacil.scripts.benchmark",
        "obj": "",
        "line": 147,
        "column": 0,
        "endLine": null,
        "endColumn": null,
        "path": "Oraculo/Lotofacil/scripts/benchmark.py",
        "symbol": "trailing-whitespace",
        "message": "Trailing whitespace",
        "message-id": "C0303"
    },
    {
        "type": "convention",
        "module": "Oraculo.Lotofacil.scripts.benchmark",
        "obj": "",
        "line": 152,
        "column": 0,
        "endLine": null,
        "endColumn": null,
        "path": "Oraculo/Lotofacil/scripts/benchmark.py",
        "symbol": "trailing-whitespace",
        "message": "Trailing whitespace",
        "message-id": "C0303"
    },
    {
        "type": "convention",
        "module": "Oraculo.Lotofacil.scripts.benchmark",
        "obj": "",
        "line": 155,
        "column": 0,
        "endLine": null,
        "endColumn": null,
        "path": "Oraculo/Lotofacil/scripts/benchmark.py",
        "symbol": "trailing-whitespace",
        "message": "Trailing whitespace",
        "message-id": "C0303"
    },
    {
        "type": "convention",
        "module": "Oraculo.Lotofacil.scripts.benchmark",
        "obj": "",
        "line": 158,
        "column": 0,
        "endLine": null,
        "endColumn": null,
        "path": "Oraculo/Lotofacil/scripts/benchmark.py",
        "symbol": "trailing-whitespace",
        "message": "Trailing whitespace",
        "message-id": "C0303"
    },
    {
        "type": "convention",
        "module": "Oraculo.Lotofacil.scripts.benchmark",
        "obj": "",
        "line": 178,
        "column": 0,
        "endLine": null,
        "endColumn": null,
        "path": "Oraculo/Lotofacil/scripts/benchmark.py",
        "symbol": "trailing-whitespace",
        "message": "Trailing whitespace",
        "message-id": "C0303"
    },
    {
        "type": "convention",
        "module": "Oraculo.Lotofacil.scripts.benchmark",
        "obj": "",
        "line": 241,
        "column": 0,
        "endLine": null,
        "endColumn": null,
        "path": "Oraculo/Lotofacil/scripts/benchmark.py",
        "symbol": "trailing-whitespace",
        "message": "Trailing whitespace",
        "message-id": "C0303"
    },
    {
        "type": "convention",
        "module": "Oraculo.Lotofacil.scripts.benchmark",
        "obj": "",
        "line": 246,
        "column": 0,
        "endLine": null,
        "endColumn": null,
        "path": "Oraculo/Lotofacil/scripts/benchmark.py",
        "symbol": "trailing-whitespace",
        "message": "Trailing whitespace",
        "message-id": "C0303"
    },
    {
        "type": "convention",
        "module": "Oraculo.Lotofacil.scripts.benchmark",
        "obj": "",
        "line": 249,
        "column": 0,
        "endLine": null,
        "endColumn": null,
        "path": "Oraculo/Lotofacil/scripts/benchmark.py",
        "symbol": "trailing-whitespace",
        "message": "Trailing whitespace",
        "message-id": "C0303"
    },
    {
        "type": "convention",
        "module": "Oraculo.Lotofacil.scripts.benchmark",
        "obj": "",
        "line": 253,
        "column": 0,
        "endLine": null,
        "endColumn": null,
        "path": "Oraculo/Lotofacil/scripts/benchmark.py",
        "symbol": "trailing-whitespace",
        "message": "Trailing whitespace",
        "message-id": "C0303"
    },
    {
        "type": "convention",
        "module": "Oraculo.Lotofacil.scripts.benchmark",
        "obj": "",
        "line": 256,
        "column": 0,
        "endLine": null,
        "endColumn": null,
        "path": "Oraculo/Lotofacil/scripts/benchmark.py",
        "symbol": "trailing-whitespace",
        "message": "Trailing whitespace",
        "message-id": "C0303"
    },
    {
        "type": "convention",
        "module": "Oraculo.Lotofacil.scripts.benchmark",
        "obj": "",
        "line": 260,
        "column": 0,
        "endLine": null,
        "endColumn": null,
        "path": "Oraculo/Lotofacil/scripts/benchmark.py",
        "symbol": "trailing-whitespace",
        "message": "Trailing whitespace",
        "message-id": "C0303"
    },
    {
        "type": "convention",
        "module": "Oraculo.Lotofacil.scripts.benchmark",
        "obj": "",
        "line": 270,
        "column": 0,
        "endLine": null,
        "endColumn": null,
        "path": "Oraculo/Lotofacil/scripts/benchmark.py",
        "symbol": "trailing-whitespace",
        "message": "Trailing whitespace",
        "message-id": "C0303"
    },
    {
        "type": "convention",
        "module": "Oraculo.Lotofacil.scripts.benchmark",
        "obj": "",
        "line": 277,
        "column": 85,
        "endLine": null,
        "endColumn": null,
        "path": "Oraculo/Lotofacil/scripts/benchmark.py",
        "symbol": "trailing-whitespace",
        "message": "Trailing whitespace",
        "message-id": "C0303"
    },
    {
        "type": "convention",
        "module": "Oraculo.Lotofacil.scripts.benchmark",
        "obj": "",
        "line": 331,
        "column": 0,
        "endLine": null,
        "endColumn": null,
        "path": "Oraculo/Lotofacil/scripts/benchmark.py",
        "symbol": "trailing-whitespace",
        "message": "Trailing whitespace",
        "message-id": "C0303"
    },
    {
        "type": "convention",
        "module": "Oraculo.Lotofacil.scripts.benchmark",
        "obj": "",
        "line": 339,
        "column": 0,
        "endLine": null,
        "endColumn": null,
        "path": "Oraculo/Lotofacil/scripts/benchmark.py",
        "symbol": "trailing-whitespace",
        "message": "Trailing whitespace",
        "message-id": "C0303"
    },
    {
        "type": "convention",
        "module": "Oraculo.Lotofacil.scripts.benchmark",
        "obj": "",
        "line": 393,
        "column": 0,
        "endLine": null,
        "endColumn": null,
        "path": "Oraculo/Lotofacil/scripts/benchmark.py",
        "symbol": "trailing-whitespace",
        "message": "Trailing whitespace",
        "message-id": "C0303"
    },
    {
        "type": "convention",
        "module": "Oraculo.Lotofacil.scripts.benchmark",
        "obj": "",
        "line": 396,
        "column": 0,
        "endLine": null,
        "endColumn": null,
        "path": "Oraculo/Lotofacil/scripts/benchmark.py",
        "symbol": "trailing-whitespace",
        "message": "Trailing whitespace",
        "message-id": "C0303"
    },
    {
        "type": "convention",
        "module": "Oraculo.Lotofacil.scripts.benchmark",
        "obj": "",
        "line": 412,
        "column": 0,
        "endLine": null,
        "endColumn": null,
        "path": "Oraculo/Lotofacil/scripts/benchmark.py",
        "symbol": "trailing-whitespace",
        "message": "Trailing whitespace",
        "message-id": "C0303"
    },
    {
        "type": "convention",
        "module": "Oraculo.Lotofacil.scripts.benchmark",
        "obj": "",
        "line": 416,
        "column": 0,
        "endLine": null,
        "endColumn": null,
        "path": "Oraculo/Lotofacil/scripts/benchmark.py",
        "symbol": "trailing-whitespace",
        "message": "Trailing whitespace",
        "message-id": "C0303"
    },
    {
        "type": "warning",
        "module": "Oraculo.Lotofacil.scripts.benchmark",
        "obj": "",
        "line": 8,
        "column": 0,
        "endLine": 8,
        "endColumn": 27,
        "path": "Oraculo/Lotofacil/scripts/benchmark.py",
        "symbol": "unused-import",
        "message": "Unused plotly.express imported as px",
        "message-id": "W0611"
    },
    {
        "type": "warning",
        "module": "Oraculo.Lotofacil.scripts.benchmark",
        "obj": "",
        "line": 10,
        "column": 0,
        "endLine": 10,
        "endColumn": 28,
        "path": "Oraculo/Lotofacil/scripts/benchmark.py",
        "symbol": "unused-import",
        "message": "Unused plotly.offline imported as pyo",
        "message-id": "W0611"
    },
    {
        "type": "convention",
        "module": "Oraculo.Lotofacil.scripts.enhanced_predict",
        "obj": "",
        "line": 79,
        "column": 0,
        "endLine": null,
        "endColumn": null,
        "path": "Oraculo/Lotofacil/scripts/enhanced_predict.py",
        "symbol": "trailing-whitespace",
        "message": "Trailing whitespace",
        "message-id": "C0303"
    },
    {
        "type": "convention",
        "module": "Oraculo.Lotofacil.scripts.enhanced_predict",
        "obj": "",
        "line": 83,
        "column": 0,
        "endLine": null,
        "endColumn": null,
        "path": "Oraculo/Lotofacil/scripts/enhanced_predict.py",
        "symbol": "trailing-whitespace",
        "message": "Trailing whitespace",
        "message-id": "C0303"
    },
    {
        "type": "convention",
        "module": "Oraculo.Lotofacil.scripts.enhanced_predict",
        "obj": "",
        "line": 88,
        "column": 0,
        "endLine": null,
        "endColumn": null,
        "path": "Oraculo/Lotofacil/scripts/enhanced_predict.py",
        "symbol": "trailing-whitespace",
        "message": "Trailing whitespace",
        "message-id": "C0303"
    },
    {
        "type": "convention",
        "module": "Oraculo.Lotofacil.scripts.enhanced_predict",
        "obj": "",
        "line": 97,
        "column": 0,
        "endLine": null,
        "endColumn": null,
        "path": "Oraculo/Lotofacil/scripts/enhanced_predict.py",
        "symbol": "trailing-whitespace",
        "message": "Trailing whitespace",
        "message-id": "C0303"
    },
    {
        "type": "convention",
        "module": "Oraculo.MegaSena.scripts.benchmark",
        "obj": "",
        "line": 25,
        "column": 0,
        "endLine": null,
        "endColumn": null,
        "path": "Oraculo/MegaSena/scripts/benchmark.py",
        "symbol": "trailing-whitespace",
        "message": "Trailing whitespace",
        "message-id": "C0303"
    },
    {
        "type": "convention",
        "module": "Oraculo.MegaSena.scripts.benchmark",
        "obj": "",
        "line": 33,
        "column": 0,
        "endLine": null,
        "endColumn": null,
        "path": "Oraculo/MegaSena/scripts/benchmark.py",
        "symbol": "trailing-whitespace",
        "message": "Trailing whitespace",
        "message-id": "C0303"
    },
    {
        "type": "convention",
        "module": "Oraculo.MegaSena.scripts.benchmark",
        "obj": "",
        "line": 38,
        "column": 0,
        "endLine": null,
        "endColumn": null,
        "path": "Oraculo/MegaSena/scripts/benchmark.py",
        "symbol": "trailing-whitespace",
        "message": "Trailing whitespace",
        "message-id": "C0303"
    },
    {
        "type": "convention",
        "module": "Oraculo.MegaSena.scripts.benchmark",
        "obj": "",
        "line": 44,
        "column": 0,
        "endLine": null,
        "endColumn": null,
        "path": "Oraculo/MegaSena/scripts/benchmark.py",
        "symbol": "trailing-whitespace",
        "message": "Trailing whitespace",
        "message-id": "C0303"
    },
    {
        "type": "convention",
        "module": "Oraculo.MegaSena.scripts.benchmark",
        "obj": "",
        "line": 70,
        "column": 0,
        "endLine": null,
        "endColumn": null,
        "path": "Oraculo/MegaSena/scripts/benchmark.py",
        "symbol": "trailing-whitespace",
        "message": "Trailing whitespace",
        "message-id": "C0303"
    },
    {
        "type": "convention",
        "module": "Oraculo.MegaSena.scripts.benchmark",
        "obj": "",
        "line": 82,
        "column": 0,
        "endLine": null,
        "endColumn": null,
        "path": "Oraculo/MegaSena/scripts/benchmark.py",
        "symbol": "trailing-whitespace",
        "message": "Trailing whitespace",
        "message-id": "C0303"
    },
    {
        "type": "convention",
        "module": "Oraculo.MegaSena.scripts.benchmark",
        "obj": "",
        "line": 117,
        "column": 0,
        "endLine": null,
        "endColumn": null,
        "path": "Oraculo/MegaSena/scripts/benchmark.py",
        "symbol": "trailing-whitespace",
        "message": "Trailing whitespace",
        "message-id": "C0303"
    },
    {
        "type": "convention",
        "module": "Oraculo.MegaSena.scripts.benchmark",
        "obj": "",
        "line": 122,
        "column": 0,
        "endLine": null,
        "endColumn": null,
        "path": "Oraculo/MegaSena/scripts/benchmark.py",
        "symbol": "trailing-whitespace",
        "message": "Trailing whitespace",
        "message-id": "C0303"
    },
    {
        "type": "convention",
        "module": "Oraculo.MegaSena.scripts.benchmark",
        "obj": "",
        "line": 124,
        "column": 0,
        "endLine": null,
        "endColumn": null,
        "path": "Oraculo/MegaSena/scripts/benchmark.py",
        "symbol": "trailing-whitespace",
        "message": "Trailing whitespace",
        "message-id": "C0303"
    },
    {
        "type": "convention",
        "module": "Oraculo.MegaSena.scripts.benchmark",
        "obj": "",
        "line": 129,
        "column": 0,
        "endLine": null,
        "endColumn": null,
        "path": "Oraculo/MegaSena/scripts/benchmark.py",
        "symbol": "trailing-whitespace",
        "message": "Trailing whitespace",
        "message-id": "C0303"
    },
    {
        "type": "convention",
        "module": "Oraculo.MegaSena.scripts.benchmark",
        "obj": "",
        "line": 154,
        "column": 0,
        "endLine": null,
        "endColumn": null,
        "path": "Oraculo/MegaSena/scripts/benchmark.py",
        "symbol": "trailing-whitespace",
        "message": "Trailing whitespace",
        "message-id": "C0303"
    },
    {
        "type": "convention",
        "module": "Oraculo.MegaSena.scripts.benchmark",
        "obj": "",
        "line": 157,
        "column": 0,
        "endLine": null,
        "endColumn": null,
        "path": "Oraculo/MegaSena/scripts/benchmark.py",
        "symbol": "trailing-whitespace",
        "message": "Trailing whitespace",
        "message-id": "C0303"
    },
    {
        "type": "convention",
        "module": "Oraculo.MegaSena.scripts.benchmark",
        "obj": "",
        "line": 160,
        "column": 0,
        "endLine": null,
        "endColumn": null,
        "path": "Oraculo/MegaSena/scripts/benchmark.py",
        "symbol": "trailing-whitespace",
        "message": "Trailing whitespace",
        "message-id": "C0303"
    },
    {
        "type": "convention",
        "module": "Oraculo.MegaSena.scripts.benchmark",
        "obj": "",
        "line": 180,
        "column": 0,
        "endLine": null,
        "endColumn": null,
        "path": "Oraculo/MegaSena/scripts/benchmark.py",
        "symbol": "trailing-whitespace",
        "message": "Trailing whitespace",
        "message-id": "C0303"
    },
    {
        "type": "convention",
        "module": "Oraculo.MegaSena.scripts.benchmark",
        "obj": "",
        "line": 200,
        "column": 0,
        "endLine": null,
        "endColumn": null,
        "path": "Oraculo/MegaSena/scripts/benchmark.py",
        "symbol": "trailing-whitespace",
        "message": "Trailing whitespace",
        "message-id": "C0303"
    },
    {
        "type": "convention",
        "module": "Oraculo.MegaSena.scripts.benchmark",
        "obj": "",
        "line": 256,
        "column": 0,
        "endLine": null,
        "endColumn": null,
        "path": "Oraculo/MegaSena/scripts/benchmark.py",
        "symbol": "trailing-whitespace",
        "message": "Trailing whitespace",
        "message-id": "C0303"
    },
    {
        "type": "convention",
        "module": "Oraculo.MegaSena.scripts.benchmark",
        "obj": "",
        "line": 261,
        "column": 0,
        "endLine": null,
        "endColumn": null,
        "path": "Oraculo/MegaSena/scripts/benchmark.py",
        "symbol": "trailing-whitespace",
        "message": "Trailing whitespace",
        "message-id": "C0303"
    },
    {
        "type": "convention",
        "module": "Oraculo.MegaSena.scripts.benchmark",
        "obj": "",
        "line": 267,
        "column": 0,
        "endLine": null,
        "endColumn": null,
        "path": "Oraculo/MegaSena/scripts/benchmark.py",
        "symbol": "trailing-whitespace",
        "message": "Trailing whitespace",
        "message-id": "C0303"
    },
    {
        "type": "convention",
        "module": "Oraculo.MegaSena.scripts.benchmark",
        "obj": "",
        "line": 271,
        "column": 0,
        "endLine": null,
        "endColumn": null,
        "path": "Oraculo/MegaSena/scripts/benchmark.py",
        "symbol": "trailing-whitespace",
        "message": "Trailing whitespace",
        "message-id": "C0303"
    },
    {
        "type": "convention",
        "module": "Oraculo.MegaSena.scripts.benchmark",
        "obj": "",
        "line": 274,
        "column": 0,
        "endLine": null,
        "endColumn": null,
        "path": "Oraculo/MegaSena/scripts/benchmark.py",
        "symbol": "trailing-whitespace",
        "message": "Trailing whitespace",
        "message-id": "C0303"
    },
    {
        "type": "convention",
        "module": "Oraculo.MegaSena.scripts.benchmark",
        "obj": "",
        "line": 278,
        "column": 0,
        "endLine": null,
        "endColumn": null,
        "path": "Oraculo/MegaSena/scripts/benchmark.py",
        "symbol": "trailing-whitespace",
        "message": "Trailing whitespace",
        "message-id": "C0303"
    },
    {
        "type": "convention",
        "module": "Oraculo.MegaSena.scripts.benchmark",
        "obj": "",
        "line": 288,
        "column": 0,
        "endLine": null,
        "endColumn": null,
        "path": "Oraculo/MegaSena/scripts/benchmark.py",
        "symbol": "trailing-whitespace",
        "message": "Trailing whitespace",
        "message-id": "C0303"
    },
    {
        "type": "convention",
        "module": "Oraculo.MegaSena.scripts.benchmark",
        "obj": "",
        "line": 295,
        "column": 85,
        "endLine": null,
        "endColumn": null,
        "path": "Oraculo/MegaSena/scripts/benchmark.py",
        "symbol": "trailing-whitespace",
        "message": "Trailing whitespace",
        "message-id": "C0303"
    },
    {
        "type": "convention",
        "module": "Oraculo.MegaSena.scripts.benchmark",
        "obj": "",
        "line": 349,
        "column": 0,
        "endLine": null,
        "endColumn": null,
        "path": "Oraculo/MegaSena/scripts/benchmark.py",
        "symbol": "trailing-whitespace",
        "message": "Trailing whitespace",
        "message-id": "C0303"
    },
    {
        "type": "convention",
        "module": "Oraculo.MegaSena.scripts.benchmark",
        "obj": "",
        "line": 353,
        "column": 38,
        "endLine": null,
        "endColumn": null,
        "path": "Oraculo/MegaSena/scripts/benchmark.py",
        "symbol": "trailing-whitespace",
        "message": "Trailing whitespace",
        "message-id": "C0303"
    },
    {
        "type": "convention",
        "module": "Oraculo.MegaSena.scripts.benchmark",
        "obj": "",
        "line": 355,
        "column": 0,
        "endLine": null,
        "endColumn": null,
        "path": "Oraculo/MegaSena/scripts/benchmark.py",
        "symbol": "trailing-whitespace",
        "message": "Trailing whitespace",
        "message-id": "C0303"
    },
    {
        "type": "convention",
        "module": "Oraculo.MegaSena.scripts.benchmark",
        "obj": "",
        "line": 365,
        "column": 0,
        "endLine": null,
        "endColumn": null,
        "path": "Oraculo/MegaSena/scripts/benchmark.py",
        "symbol": "trailing-whitespace",
        "message": "Trailing whitespace",
        "message-id": "C0303"
    },
    {
        "type": "convention",
        "module": "Oraculo.MegaSena.scripts.benchmark",
        "obj": "",
        "line": 419,
        "column": 0,
        "endLine": null,
        "endColumn": null,
        "path": "Oraculo/MegaSena/scripts/benchmark.py",
        "symbol": "trailing-whitespace",
        "message": "Trailing whitespace",
        "message-id": "C0303"
    },
    {
        "type": "convention",
        "module": "Oraculo.MegaSena.scripts.benchmark",
        "obj": "",
        "line": 422,
        "column": 0,
        "endLine": null,
        "endColumn": null,
        "path": "Oraculo/MegaSena/scripts/benchmark.py",
        "symbol": "trailing-whitespace",
        "message": "Trailing whitespace",
        "message-id": "C0303"
    },
    {
        "type": "convention",
        "module": "Oraculo.MegaSena.scripts.benchmark",
        "obj": "",
        "line": 438,
        "column": 0,
        "endLine": null,
        "endColumn": null,
        "path": "Oraculo/MegaSena/scripts/benchmark.py",
        "symbol": "trailing-whitespace",
        "message": "Trailing whitespace",
        "message-id": "C0303"
    },
    {
        "type": "convention",
        "module": "Oraculo.MegaSena.scripts.benchmark",
        "obj": "",
        "line": 440,
        "column": 0,
        "endLine": null,
        "endColumn": null,
        "path": "Oraculo/MegaSena/scripts/benchmark.py",
        "symbol": "trailing-whitespace",
        "message": "Trailing whitespace",
        "message-id": "C0303"
    },
    {
        "type": "convention",
        "module": "Oraculo.MegaSena.scripts.benchmark",
        "obj": "",
        "line": 444,
        "column": 0,
        "endLine": null,
        "endColumn": null,
        "path": "Oraculo/MegaSena/scripts/benchmark.py",
        "symbol": "trailing-whitespace",
        "message": "Trailing whitespace",
        "message-id": "C0303"
    },
    {
        "type": "warning",
        "module": "Oraculo.MegaSena.scripts.benchmark",
        "obj": "",
        "line": 6,
        "column": 0,
        "endLine": 6,
        "endColumn": 27,
        "path": "Oraculo/MegaSena/scripts/benchmark.py",
        "symbol": "unused-import",
        "message": "Unused plotly.express imported as px",
        "message-id": "W0611"
    },
    {
        "type": "warning",
        "module": "Oraculo.MegaSena.scripts.benchmark",
        "obj": "",
        "line": 8,
        "column": 0,
        "endLine": 8,
        "endColumn": 28,
        "path": "Oraculo/MegaSena/scripts/benchmark.py",
        "symbol": "unused-import",
        "message": "Unused plotly.offline imported as pyo",
        "message-id": "W0611"
    },
    {
        "type": "convention",
        "module": "Oraculo.MegaSena.scripts.enhanced_predict",
        "obj": "",
        "line": 36,
        "column": 0,
        "endLine": null,
        "endColumn": null,
        "path": "Oraculo/MegaSena/scripts/enhanced_predict.py",
        "symbol": "trailing-whitespace",
        "message": "Trailing whitespace",
        "message-id": "C0303"
    },
    {
        "type": "convention",
        "module": "Oraculo.MegaSena.scripts.enhanced_predict",
        "obj": "",
        "line": 79,
        "column": 0,
        "endLine": null,
        "endColumn": null,
        "path": "Oraculo/MegaSena/scripts/enhanced_predict.py",
        "symbol": "trailing-whitespace",
        "message": "Trailing whitespace",
        "message-id": "C0303"
    },
    {
        "type": "convention",
        "module": "Oraculo.MegaSena.scripts.enhanced_predict",
        "obj": "",
        "line": 84,
        "column": 0,
        "endLine": null,
        "endColumn": null,
        "path": "Oraculo/MegaSena/scripts/enhanced_predict.py",
        "symbol": "trailing-whitespace",
        "message": "Trailing whitespace",
        "message-id": "C0303"
    },
    {
        "type": "convention",
        "module": "Oraculo.MegaSena.scripts.enhanced_predict",
        "obj": "",
        "line": 88,
        "column": 0,
        "endLine": null,
        "endColumn": null,
        "path": "Oraculo/MegaSena/scripts/enhanced_predict.py",
        "symbol": "trailing-whitespace",
        "message": "Trailing whitespace",
        "message-id": "C0303"
    },
    {
        "type": "convention",
        "module": "Oraculo.MegaSena.scripts.enhanced_predict",
        "obj": "",
        "line": 93,
        "column": 0,
        "endLine": null,
        "endColumn": null,
        "path": "Oraculo/MegaSena/scripts/enhanced_predict.py",
        "symbol": "trailing-whitespace",
        "message": "Trailing whitespace",
        "message-id": "C0303"
    },
    {
        "type": "convention",
        "module": "Oraculo.MegaSena.scripts.enhanced_predict",
        "obj": "",
        "line": 96,
        "column": 0,
        "endLine": null,
        "endColumn": null,
        "path": "Oraculo/MegaSena/scripts/enhanced_predict.py",
        "symbol": "trailing-whitespace",
        "message": "Trailing whitespace",
        "message-id": "C0303"
    },
    {
        "type": "convention",
        "module": "Oraculo.MegaSena.scripts.enhanced_predict",
        "obj": "",
        "line": 100,
        "column": 0,
        "endLine": null,
        "endColumn": null,
        "path": "Oraculo/MegaSena/scripts/enhanced_predict.py",
        "symbol": "trailing-whitespace",
        "message": "Trailing whitespace",
        "message-id": "C0303"
    },
    {
        "type": "convention",
        "module": "Oraculo.MegaSena.scripts.enhanced_predict",
        "obj": "",
        "line": 102,
        "column": 0,
        "endLine": null,
        "endColumn": null,
        "path": "Oraculo/MegaSena/scripts/enhanced_predict.py",
        "symbol": "trailing-whitespace",
        "message": "Trailing whitespace",
        "message-id": "C0303"
    },
    {
        "type": "convention",
        "module": "Oraculo.MegaSena.scripts.enhanced_predict",
        "obj": "",
        "line": 112,
        "column": 0,
        "endLine": null,
        "endColumn": null,
        "path": "Oraculo/MegaSena/scripts/enhanced_predict.py",
        "symbol": "trailing-whitespace",
        "message": "Trailing whitespace",
        "message-id": "C0303"
    },
    {
        "type": "convention",
        "module": "Oraculo.MegaSena.scripts.enhanced_predict",
        "obj": "",
        "line": 114,
        "column": 0,
        "endLine": null,
        "endColumn": null,
        "path": "Oraculo/MegaSena/scripts/enhanced_predict.py",
        "symbol": "trailing-whitespace",
        "message": "Trailing whitespace",
        "message-id": "C0303"
    },
    {
        "type": "convention",
        "module": "Oraculo.MegaSena.scripts.enhanced_predict",
        "obj": "",
        "line": 140,
        "column": 0,
        "endLine": null,
        "endColumn": null,
        "path": "Oraculo/MegaSena/scripts/enhanced_predict.py",
        "symbol": "trailing-whitespace",
        "message": "Trailing whitespace",
        "message-id": "C0303"
    },
    {
        "type": "warning",
        "module": "Oraculo.MegaSena.scripts.enhanced_predict",
        "obj": "EnhancedMegaSenaPredictor._merge_auto_weights",
        "line": 66,
        "column": 8,
        "endLine": 66,
        "endColumn": 23,
        "path": "Oraculo/MegaSena/scripts/enhanced_predict.py",
        "symbol": "reimported",
        "message": "Reimport 'os' (imported line 22)",
        "message-id": "W0404"
    },
    {
        "type": "convention",
        "module": "Oraculo.Milionaria.scripts.benchmark",
        "obj": "",
        "line": 28,
        "column": 0,
        "endLine": null,
        "endColumn": null,
        "path": "Oraculo/Milionaria/scripts/benchmark.py",
        "symbol": "trailing-whitespace",
        "message": "Trailing whitespace",
        "message-id": "C0303"
    },
    {
        "type": "convention",
        "module": "Oraculo.Milionaria.scripts.benchmark",
        "obj": "",
        "line": 37,
        "column": 0,
        "endLine": null,
        "endColumn": null,
        "path": "Oraculo/Milionaria/scripts/benchmark.py",
        "symbol": "trailing-whitespace",
        "message": "Trailing whitespace",
        "message-id": "C0303"
    },
    {
        "type": "convention",
        "module": "Oraculo.Milionaria.scripts.benchmark",
        "obj": "",
        "line": 42,
        "column": 0,
        "endLine": null,
        "endColumn": null,
        "path": "Oraculo/Milionaria/scripts/benchmark.py",
        "symbol": "trailing-whitespace",
        "message": "Trailing whitespace",
        "message-id": "C0303"
    },
    {
        "type": "convention",
        "module": "Oraculo.Milionaria.scripts.benchmark",
        "obj": "",
        "line": 67,
        "column": 0,
        "endLine": null,
        "endColumn": null,
        "path": "Oraculo/Milionaria/scripts/benchmark.py",
        "symbol": "trailing-whitespace",
        "message": "Trailing whitespace",
        "message-id": "C0303"
    },
    {
        "type": "convention",
        "module": "Oraculo.Milionaria.scripts.benchmark",
        "obj": "",
        "line": 79,
        "column": 0,
        "endLine": null,
        "endColumn": null,
        "path": "Oraculo/Milionaria/scripts/benchmark.py",
        "symbol": "trailing-whitespace",
        "message": "Trailing whitespace",
        "message-id": "C0303"
    },
    {
        "type": "convention",
        "module": "Oraculo.Milionaria.scripts.benchmark",
        "obj": "",
        "line": 114,
        "column": 0,
        "endLine": null,
        "endColumn": null,
        "path": "Oraculo/Milionaria/scripts/benchmark.py",
        "symbol": "trailing-whitespace",
        "message": "Trailing whitespace",
        "message-id": "C0303"
    },
    {
        "type": "convention",
        "module": "Oraculo.Milionaria.scripts.benchmark",
        "obj": "",
        "line": 119,
        "column": 0,
        "endLine": null,
        "endColumn": null,
        "path": "Oraculo/Milionaria/scripts/benchmark.py",
        "symbol": "trailing-whitespace",
        "message": "Trailing whitespace",
        "message-id": "C0303"
    },
    {
        "type": "convention",
        "module": "Oraculo.Milionaria.scripts.benchmark",
        "obj": "",
        "line": 121,
        "column": 0,
        "endLine": null,
        "endColumn": null,
        "path": "Oraculo/Milionaria/scripts/benchmark.py",
        "symbol": "trailing-whitespace",
        "message": "Trailing whitespace",
        "message-id": "C0303"
    },
    {
        "type": "convention",
        "module": "Oraculo.Milionaria.scripts.benchmark",
        "obj": "",
        "line": 126,
        "column": 0,
        "endLine": null,
        "endColumn": null,
        "path": "Oraculo/Milionaria/scripts/benchmark.py",
        "symbol": "trailing-whitespace",
        "message": "Trailing whitespace",
        "message-id": "C0303"
    },
    {
        "type": "convention",
        "module": "Oraculo.Milionaria.scripts.benchmark",
        "obj": "",
        "line": 152,
        "column": 0,
        "endLine": null,
        "endColumn": null,
        "path": "Oraculo/Milionaria/scripts/benchmark.py",
        "symbol": "trailing-whitespace",
        "message": "Trailing whitespace",
        "message-id": "C0303"
    },
    {
        "type": "convention",
        "module": "Oraculo.Milionaria.scripts.benchmark",
        "obj": "",
        "line": 158,
        "column": 0,
        "endLine": null,
        "endColumn": null,
        "path": "Oraculo/Milionaria/scripts/benchmark.py",
        "symbol": "trailing-whitespace",
        "message": "Trailing whitespace",
        "message-id": "C0303"
    },
    {
        "type": "convention",
        "module": "Oraculo.Milionaria.scripts.benchmark",
        "obj": "",
        "line": 161,
        "column": 0,
        "endLine": null,
        "endColumn": null,
        "path": "Oraculo/Milionaria/scripts/benchmark.py",
        "symbol": "trailing-whitespace",
        "message": "Trailing whitespace",
        "message-id": "C0303"
    },
    {
        "type": "convention",
        "module": "Oraculo.Milionaria.scripts.benchmark",
        "obj": "",
        "line": 187,
        "column": 0,
        "endLine": null,
        "endColumn": null,
        "path": "Oraculo/Milionaria/scripts/benchmark.py",
        "symbol": "trailing-whitespace",
        "message": "Trailing whitespace",
        "message-id": "C0303"
    },
    {
        "type": "convention",
        "module": "Oraculo.Milionaria.scripts.benchmark",
        "obj": "",
        "line": 202,
        "column": 0,
        "endLine": null,
        "endColumn": null,
        "path": "Oraculo/Milionaria/scripts/benchmark.py",
        "symbol": "trailing-whitespace",
        "message": "Trailing whitespace",
        "message-id": "C0303"
    },
    {
        "type": "convention",
        "module": "Oraculo.Milionaria.scripts.benchmark",
        "obj": "",
        "line": 210,
        "column": 0,
        "endLine": null,
        "endColumn": null,
        "path": "Oraculo/Milionaria/scripts/benchmark.py",
        "symbol": "trailing-whitespace",
        "message": "Trailing whitespace",
        "message-id": "C0303"
    },
    {
        "type": "convention",
        "module": "Oraculo.Milionaria.scripts.benchmark",
        "obj": "",
        "line": 216,
        "column": 0,
        "endLine": null,
        "endColumn": null,
        "path": "Oraculo/Milionaria/scripts/benchmark.py",
        "symbol": "trailing-whitespace",
        "message": "Trailing whitespace",
        "message-id": "C0303"
    },
    {
        "type": "convention",
        "module": "Oraculo.Milionaria.scripts.benchmark",
        "obj": "",
        "line": 224,
        "column": 0,
        "endLine": null,
        "endColumn": null,
        "path": "Oraculo/Milionaria/scripts/benchmark.py",
        "symbol": "trailing-whitespace",
        "message": "Trailing whitespace",
        "message-id": "C0303"
    },
    {
        "type": "convention",
        "module": "Oraculo.Milionaria.scripts.benchmark",
        "obj": "",
        "line": 259,
        "column": 0,
        "endLine": null,
        "endColumn": null,
        "path": "Oraculo/Milionaria/scripts/benchmark.py",
        "symbol": "trailing-whitespace",
        "message": "Trailing whitespace",
        "message-id": "C0303"
    },
    {
        "type": "convention",
        "module": "Oraculo.Milionaria.scripts.benchmark",
        "obj": "",
        "line": 264,
        "column": 0,
        "endLine": null,
        "endColumn": null,
        "path": "Oraculo/Milionaria/scripts/benchmark.py",
        "symbol": "trailing-whitespace",
        "message": "Trailing whitespace",
        "message-id": "C0303"
    },
    {
        "type": "convention",
        "module": "Oraculo.Milionaria.scripts.benchmark",
        "obj": "",
        "line": 270,
        "column": 0,
        "endLine": null,
        "endColumn": null,
        "path": "Oraculo/Milionaria/scripts/benchmark.py",
        "symbol": "trailing-whitespace",
        "message": "Trailing whitespace",
        "message-id": "C0303"
    },
    {
        "type": "convention",
        "module": "Oraculo.Milionaria.scripts.benchmark",
        "obj": "",
        "line": 274,
        "column": 0,
        "endLine": null,
        "endColumn": null,
        "path": "Oraculo/Milionaria/scripts/benchmark.py",
        "symbol": "trailing-whitespace",
        "message": "Trailing whitespace",
        "message-id": "C0303"
    },
    {
        "type": "convention",
        "module": "Oraculo.Milionaria.scripts.benchmark",
        "obj": "",
        "line": 277,
        "column": 0,
        "endLine": null,
        "endColumn": null,
        "path": "Oraculo/Milionaria/scripts/benchmark.py",
        "symbol": "trailing-whitespace",
        "message": "Trailing whitespace",
        "message-id": "C0303"
    },
    {
        "type": "convention",
        "module": "Oraculo.Milionaria.scripts.benchmark",
        "obj": "",
        "line": 281,
        "column": 0,
        "endLine": null,
        "endColumn": null,
        "path": "Oraculo/Milionaria/scripts/benchmark.py",
        "symbol": "trailing-whitespace",
        "message": "Trailing whitespace",
        "message-id": "C0303"
    },
    {
        "type": "convention",
        "module": "Oraculo.Milionaria.scripts.benchmark",
        "obj": "",
        "line": 291,
        "column": 0,
        "endLine": null,
        "endColumn": null,
        "path": "Oraculo/Milionaria/scripts/benchmark.py",
        "symbol": "trailing-whitespace",
        "message": "Trailing whitespace",
        "message-id": "C0303"
    },
    {
        "type": "convention",
        "module": "Oraculo.Milionaria.scripts.benchmark",
        "obj": "",
        "line": 298,
        "column": 85,
        "endLine": null,
        "endColumn": null,
        "path": "Oraculo/Milionaria/scripts/benchmark.py",
        "symbol": "trailing-whitespace",
        "message": "Trailing whitespace",
        "message-id": "C0303"
    },
    {
        "type": "convention",
        "module": "Oraculo.Milionaria.scripts.benchmark",
        "obj": "",
        "line": 403,
        "column": 0,
        "endLine": null,
        "endColumn": null,
        "path": "Oraculo/Milionaria/scripts/benchmark.py",
        "symbol": "trailing-whitespace",
        "message": "Trailing whitespace",
        "message-id": "C0303"
    },
    {
        "type": "convention",
        "module": "Oraculo.Milionaria.scripts.benchmark",
        "obj": "",
        "line": 406,
        "column": 0,
        "endLine": null,
        "endColumn": null,
        "path": "Oraculo/Milionaria/scripts/benchmark.py",
        "symbol": "trailing-whitespace",
        "message": "Trailing whitespace",
        "message-id": "C0303"
    },
    {
        "type": "convention",
        "module": "Oraculo.Milionaria.scripts.benchmark",
        "obj": "",
        "line": 422,
        "column": 0,
        "endLine": null,
        "endColumn": null,
        "path": "Oraculo/Milionaria/scripts/benchmark.py",
        "symbol": "trailing-whitespace",
        "message": "Trailing whitespace",
        "message-id": "C0303"
    },
    {
        "type": "convention",
        "module": "Oraculo.Milionaria.scripts.benchmark",
        "obj": "",
        "line": 424,
        "column": 0,
        "endLine": null,
        "endColumn": null,
        "path": "Oraculo/Milionaria/scripts/benchmark.py",
        "symbol": "trailing-whitespace",
        "message": "Trailing whitespace",
        "message-id": "C0303"
    },
    {
        "type": "convention",
        "module": "Oraculo.Milionaria.scripts.benchmark",
        "obj": "",
        "line": 428,
        "column": 0,
        "endLine": null,
        "endColumn": null,
        "path": "Oraculo/Milionaria/scripts/benchmark.py",
        "symbol": "trailing-whitespace",
        "message": "Trailing whitespace",
        "message-id": "C0303"
    },
    {
        "type": "warning",
        "module": "Oraculo.Milionaria.scripts.benchmark",
        "obj": "",
        "line": 6,
        "column": 0,
        "endLine": 6,
        "endColumn": 27,
        "path": "Oraculo/Milionaria/scripts/benchmark.py",
        "symbol": "unused-import",
        "message": "Unused plotly.express imported as px",
        "message-id": "W0611"
    },
    {
        "type": "warning",
        "module": "Oraculo.Milionaria.scripts.benchmark",
        "obj": "",
        "line": 8,
        "column": 0,
        "endLine": 8,
        "endColumn": 28,
        "path": "Oraculo/Milionaria/scripts/benchmark.py",
        "symbol": "unused-import",
        "message": "Unused plotly.offline imported as pyo",
        "message-id": "W0611"
    },
    {
        "type": "convention",
        "module": "Oraculo.Milionaria.scripts.enhanced_predict",
        "obj": "",
        "line": 37,
        "column": 0,
        "endLine": null,
        "endColumn": null,
        "path": "Oraculo/Milionaria/scripts/enhanced_predict.py",
        "symbol": "trailing-whitespace",
        "message": "Trailing whitespace",
        "message-id": "C0303"
    },
    {
        "type": "convention",
        "module": "Oraculo.Milionaria.scripts.enhanced_predict",
        "obj": "",
        "line": 80,
        "column": 0,
        "endLine": null,
        "endColumn": null,
        "path": "Oraculo/Milionaria/scripts/enhanced_predict.py",
        "symbol": "trailing-whitespace",
        "message": "Trailing whitespace",
        "message-id": "C0303"
    },
    {
        "type": "convention",
        "module": "Oraculo.Milionaria.scripts.enhanced_predict",
        "obj": "",
        "line": 85,
        "column": 0,
        "endLine": null,
        "endColumn": null,
        "path": "Oraculo/Milionaria/scripts/enhanced_predict.py",
        "symbol": "trailing-whitespace",
        "message": "Trailing whitespace",
        "message-id": "C0303"
    },
    {
        "type": "convention",
        "module": "Oraculo.Milionaria.scripts.enhanced_predict",
        "obj": "",
        "line": 88,
        "column": 0,
        "endLine": null,
        "endColumn": null,
        "path": "Oraculo/Milionaria/scripts/enhanced_predict.py",
        "symbol": "trailing-whitespace",
        "message": "Trailing whitespace",
        "message-id": "C0303"
    },
    {
        "type": "convention",
        "module": "Oraculo.Milionaria.scripts.enhanced_predict",
        "obj": "",
        "line": 93,
        "column": 0,
        "endLine": null,
        "endColumn": null,
        "path": "Oraculo/Milionaria/scripts/enhanced_predict.py",
        "symbol": "trailing-whitespace",
        "message": "Trailing whitespace",
        "message-id": "C0303"
    },
    {
        "type": "convention",
        "module": "Oraculo.Milionaria.scripts.enhanced_predict",
        "obj": "",
        "line": 97,
        "column": 0,
        "endLine": null,
        "endColumn": null,
        "path": "Oraculo/Milionaria/scripts/enhanced_predict.py",
        "symbol": "trailing-whitespace",
        "message": "Trailing whitespace",
        "message-id": "C0303"
    },
    {
        "type": "convention",
        "module": "Oraculo.Milionaria.scripts.enhanced_predict",
        "obj": "",
        "line": 100,
        "column": 0,
        "endLine": null,
        "endColumn": null,
        "path": "Oraculo/Milionaria/scripts/enhanced_predict.py",
        "symbol": "trailing-whitespace",
        "message": "Trailing whitespace",
        "message-id": "C0303"
    },
    {
        "type": "convention",
        "module": "Oraculo.Milionaria.scripts.enhanced_predict",
        "obj": "",
        "line": 103,
        "column": 0,
        "endLine": null,
        "endColumn": null,
        "path": "Oraculo/Milionaria/scripts/enhanced_predict.py",
        "symbol": "trailing-whitespace",
        "message": "Trailing whitespace",
        "message-id": "C0303"
    },
    {
        "type": "convention",
        "module": "Oraculo.Milionaria.scripts.enhanced_predict",
        "obj": "",
        "line": 107,
        "column": 0,
        "endLine": null,
        "endColumn": null,
        "path": "Oraculo/Milionaria/scripts/enhanced_predict.py",
        "symbol": "trailing-whitespace",
        "message": "Trailing whitespace",
        "message-id": "C0303"
    },
    {
        "type": "convention",
        "module": "Oraculo.Milionaria.scripts.enhanced_predict",
        "obj": "",
        "line": 111,
        "column": 0,
        "endLine": null,
        "endColumn": null,
        "path": "Oraculo/Milionaria/scripts/enhanced_predict.py",
        "symbol": "trailing-whitespace",
        "message": "Trailing whitespace",
        "message-id": "C0303"
    },
    {
        "type": "convention",
        "module": "Oraculo.Milionaria.scripts.enhanced_predict",
        "obj": "",
        "line": 116,
        "column": 0,
        "endLine": null,
        "endColumn": null,
        "path": "Oraculo/Milionaria/scripts/enhanced_predict.py",
        "symbol": "trailing-whitespace",
        "message": "Trailing whitespace",
        "message-id": "C0303"
    },
    {
        "type": "convention",
        "module": "Oraculo.Milionaria.scripts.enhanced_predict",
        "obj": "",
        "line": 119,
        "column": 44,
        "endLine": null,
        "endColumn": null,
        "path": "Oraculo/Milionaria/scripts/enhanced_predict.py",
        "symbol": "trailing-whitespace",
        "message": "Trailing whitespace",
        "message-id": "C0303"
    },
    {
        "type": "convention",
        "module": "Oraculo.Milionaria.scripts.enhanced_predict",
        "obj": "",
        "line": 126,
        "column": 0,
        "endLine": null,
        "endColumn": null,
        "path": "Oraculo/Milionaria/scripts/enhanced_predict.py",
        "symbol": "trailing-whitespace",
        "message": "Trailing whitespace",
        "message-id": "C0303"
    },
    {
        "type": "convention",
        "module": "Oraculo.Milionaria.scripts.enhanced_predict",
        "obj": "",
        "line": 128,
        "column": 0,
        "endLine": null,
        "endColumn": null,
        "path": "Oraculo/Milionaria/scripts/enhanced_predict.py",
        "symbol": "trailing-whitespace",
        "message": "Trailing whitespace",
        "message-id": "C0303"
    },
    {
        "type": "convention",
        "module": "Oraculo.Milionaria.scripts.enhanced_predict",
        "obj": "",
        "line": 133,
        "column": 0,
        "endLine": null,
        "endColumn": null,
        "path": "Oraculo/Milionaria/scripts/enhanced_predict.py",
        "symbol": "trailing-whitespace",
        "message": "Trailing whitespace",
        "message-id": "C0303"
    },
    {
        "type": "convention",
        "module": "Oraculo.Milionaria.scripts.enhanced_predict",
        "obj": "",
        "line": 150,
        "column": 0,
        "endLine": null,
        "endColumn": null,
        "path": "Oraculo/Milionaria/scripts/enhanced_predict.py",
        "symbol": "trailing-whitespace",
        "message": "Trailing whitespace",
        "message-id": "C0303"
    },
    {
        "type": "convention",
        "module": "Oraculo.Milionaria.scripts.enhanced_predict",
        "obj": "",
        "line": 160,
        "column": 0,
        "endLine": null,
        "endColumn": null,
        "path": "Oraculo/Milionaria/scripts/enhanced_predict.py",
        "symbol": "trailing-whitespace",
        "message": "Trailing whitespace",
        "message-id": "C0303"
    },
    {
        "type": "convention",
        "module": "Oraculo.Milionaria.scripts.enhanced_predict",
        "obj": "",
        "line": 162,
        "column": 0,
        "endLine": null,
        "endColumn": null,
        "path": "Oraculo/Milionaria/scripts/enhanced_predict.py",
        "symbol": "trailing-whitespace",
        "message": "Trailing whitespace",
        "message-id": "C0303"
    },
    {
        "type": "convention",
        "module": "Oraculo.Milionaria.scripts.enhanced_predict",
        "obj": "",
        "line": 169,
        "column": 0,
        "endLine": null,
        "endColumn": null,
        "path": "Oraculo/Milionaria/scripts/enhanced_predict.py",
        "symbol": "trailing-whitespace",
        "message": "Trailing whitespace",
        "message-id": "C0303"
    },
    {
        "type": "convention",
        "module": "Oraculo.Milionaria.scripts.enhanced_predict",
        "obj": "",
        "line": 175,
        "column": 0,
        "endLine": null,
        "endColumn": null,
        "path": "Oraculo/Milionaria/scripts/enhanced_predict.py",
        "symbol": "trailing-whitespace",
        "message": "Trailing whitespace",
        "message-id": "C0303"
    },
    {
        "type": "convention",
        "module": "Oraculo.Milionaria.scripts.enhanced_predict",
        "obj": "",
        "line": 178,
        "column": 0,
        "endLine": null,
        "endColumn": null,
        "path": "Oraculo/Milionaria/scripts/enhanced_predict.py",
        "symbol": "trailing-whitespace",
        "message": "Trailing whitespace",
        "message-id": "C0303"
    },
    {
        "type": "convention",
        "module": "Oraculo.Milionaria.scripts.enhanced_predict",
        "obj": "",
        "line": 182,
        "column": 0,
        "endLine": null,
        "endColumn": null,
        "path": "Oraculo/Milionaria/scripts/enhanced_predict.py",
        "symbol": "trailing-whitespace",
        "message": "Trailing whitespace",
        "message-id": "C0303"
    },
    {
        "type": "convention",
        "module": "Oraculo.Milionaria.scripts.enhanced_predict",
        "obj": "",
        "line": 185,
        "column": 0,
        "endLine": null,
        "endColumn": null,
        "path": "Oraculo/Milionaria/scripts/enhanced_predict.py",
        "symbol": "trailing-whitespace",
        "message": "Trailing whitespace",
        "message-id": "C0303"
    },
    {
        "type": "convention",
        "module": "Oraculo.Milionaria.scripts.enhanced_predict",
        "obj": "",
        "line": 191,
        "column": 0,
        "endLine": null,
        "endColumn": null,
        "path": "Oraculo/Milionaria/scripts/enhanced_predict.py",
        "symbol": "trailing-whitespace",
        "message": "Trailing whitespace",
        "message-id": "C0303"
    },
    {
        "type": "convention",
        "module": "Oraculo.Milionaria.scripts.enhanced_predict",
        "obj": "",
        "line": 198,
        "column": 0,
        "endLine": null,
        "endColumn": null,
        "path": "Oraculo/Milionaria/scripts/enhanced_predict.py",
        "symbol": "trailing-whitespace",
        "message": "Trailing whitespace",
        "message-id": "C0303"
    },
    {
        "type": "warning",
        "module": "Oraculo.Milionaria.scripts.enhanced_predict",
        "obj": "EnhancedMilionariaPredictor._merge_auto_weights",
        "line": 67,
        "column": 8,
        "endLine": 67,
        "endColumn": 23,
        "path": "Oraculo/Milionaria/scripts/enhanced_predict.py",
        "symbol": "reimported",
        "message": "Reimport 'os' (imported line 22)",
        "message-id": "W0404"
    },
    {
        "type": "warning",
        "module": "Oraculo.Milionaria.scripts.enhanced_predict",
        "obj": "",
        "line": 25,
        "column": 0,
        "endLine": 25,
        "endColumn": 51,
        "path": "Oraculo/Milionaria/scripts/enhanced_predict.py",
        "symbol": "unused-import",
        "message": "Unused Tuple imported from typing",
        "message-id": "W0611"
    },
    {
        "type": "convention",
        "module": "Oraculo.Quina.scripts.benchmark",
        "obj": "",
        "line": 24,
        "column": 0,
        "endLine": null,
        "endColumn": null,
        "path": "Oraculo/Quina/scripts/benchmark.py",
        "symbol": "trailing-whitespace",
        "message": "Trailing whitespace",
        "message-id": "C0303"
    },
    {
        "type": "convention",
        "module": "Oraculo.Quina.scripts.benchmark",
        "obj": "",
        "line": 32,
        "column": 0,
        "endLine": null,
        "endColumn": null,
        "path": "Oraculo/Quina/scripts/benchmark.py",
        "symbol": "trailing-whitespace",
        "message": "Trailing whitespace",
        "message-id": "C0303"
    },
    {
        "type": "convention",
        "module": "Oraculo.Quina.scripts.benchmark",
        "obj": "",
        "line": 37,
        "column": 0,
        "endLine": null,
        "endColumn": null,
        "path": "Oraculo/Quina/scripts/benchmark.py",
        "symbol": "trailing-whitespace",
        "message": "Trailing whitespace",
        "message-id": "C0303"
    },
    {
        "type": "convention",
        "module": "Oraculo.Quina.scripts.benchmark",
        "obj": "",
        "line": 43,
        "column": 0,
        "endLine": null,
        "endColumn": null,
        "path": "Oraculo/Quina/scripts/benchmark.py",
        "symbol": "trailing-whitespace",
        "message": "Trailing whitespace",
        "message-id": "C0303"
    },
    {
        "type": "convention",
        "module": "Oraculo.Quina.scripts.benchmark",
        "obj": "",
        "line": 70,
        "column": 0,
        "endLine": null,
        "endColumn": null,
        "path": "Oraculo/Quina/scripts/benchmark.py",
        "symbol": "trailing-whitespace",
        "message": "Trailing whitespace",
        "message-id": "C0303"
    },
    {
        "type": "convention",
        "module": "Oraculo.Quina.scripts.benchmark",
        "obj": "",
        "line": 82,
        "column": 0,
        "endLine": null,
        "endColumn": null,
        "path": "Oraculo/Quina/scripts/benchmark.py",
        "symbol": "trailing-whitespace",
        "message": "Trailing whitespace",
        "message-id": "C0303"
    },
    {
        "type": "convention",
        "module": "Oraculo.Quina.scripts.benchmark",
        "obj": "",
        "line": 117,
        "column": 0,
        "endLine": null,
        "endColumn": null,
        "path": "Oraculo/Quina/scripts/benchmark.py",
        "symbol": "trailing-whitespace",
        "message": "Trailing whitespace",
        "message-id": "C0303"
    },
    {
        "type": "convention",
        "module": "Oraculo.Quina.scripts.benchmark",
        "obj": "",
        "line": 122,
        "column": 0,
        "endLine": null,
        "endColumn": null,
        "path": "Oraculo/Quina/scripts/benchmark.py",
        "symbol": "trailing-whitespace",
        "message": "Trailing whitespace",
        "message-id": "C0303"
    },
    {
        "type": "convention",
        "module": "Oraculo.Quina.scripts.benchmark",
        "obj": "",
        "line": 124,
        "column": 0,
        "endLine": null,
        "endColumn": null,
        "path": "Oraculo/Quina/scripts/benchmark.py",
        "symbol": "trailing-whitespace",
        "message": "Trailing whitespace",
        "message-id": "C0303"
    },
    {
        "type": "convention",
        "module": "Oraculo.Quina.scripts.benchmark",
        "obj": "",
        "line": 129,
        "column": 0,
        "endLine": null,
        "endColumn": null,
        "path": "Oraculo/Quina/scripts/benchmark.py",
        "symbol": "trailing-whitespace",
        "message": "Trailing whitespace",
        "message-id": "C0303"
    },
    {
        "type": "convention",
        "module": "Oraculo.Quina.scripts.benchmark",
        "obj": "",
        "line": 154,
        "column": 0,
        "endLine": null,
        "endColumn": null,
        "path": "Oraculo/Quina/scripts/benchmark.py",
        "symbol": "trailing-whitespace",
        "message": "Trailing whitespace",
        "message-id": "C0303"
    },
    {
        "type": "convention",
        "module": "Oraculo.Quina.scripts.benchmark",
        "obj": "",
        "line": 160,
        "column": 0,
        "endLine": null,
        "endColumn": null,
        "path": "Oraculo/Quina/scripts/benchmark.py",
        "symbol": "trailing-whitespace",
        "message": "Trailing whitespace",
        "message-id": "C0303"
    },
    {
        "type": "convention",
        "module": "Oraculo.Quina.scripts.benchmark",
        "obj": "",
        "line": 163,
        "column": 0,
        "endLine": null,
        "endColumn": null,
        "path": "Oraculo/Quina/scripts/benchmark.py",
        "symbol": "trailing-whitespace",
        "message": "Trailing whitespace",
        "message-id": "C0303"
    },
    {
        "type": "convention",
        "module": "Oraculo.Quina.scripts.benchmark",
        "obj": "",
        "line": 189,
        "column": 0,
        "endLine": null,
        "endColumn": null,
        "path": "Oraculo/Quina/scripts/benchmark.py",
        "symbol": "trailing-whitespace",
        "message": "Trailing whitespace",
        "message-id": "C0303"
    },
    {
        "type": "convention",
        "module": "Oraculo.Quina.scripts.benchmark",
        "obj": "",
        "line": 204,
        "column": 0,
        "endLine": null,
        "endColumn": null,
        "path": "Oraculo/Quina/scripts/benchmark.py",
        "symbol": "trailing-whitespace",
        "message": "Trailing whitespace",
        "message-id": "C0303"
    },
    {
        "type": "convention",
        "module": "Oraculo.Quina.scripts.benchmark",
        "obj": "",
        "line": 212,
        "column": 0,
        "endLine": null,
        "endColumn": null,
        "path": "Oraculo/Quina/scripts/benchmark.py",
        "symbol": "trailing-whitespace",
        "message": "Trailing whitespace",
        "message-id": "C0303"
    },
    {
        "type": "convention",
        "module": "Oraculo.Quina.scripts.benchmark",
        "obj": "",
        "line": 218,
        "column": 0,
        "endLine": null,
        "endColumn": null,
        "path": "Oraculo/Quina/scripts/benchmark.py",
        "symbol": "trailing-whitespace",
        "message": "Trailing whitespace",
        "message-id": "C0303"
    },
    {
        "type": "convention",
        "module": "Oraculo.Quina.scripts.benchmark",
        "obj": "",
        "line": 226,
        "column": 0,
        "endLine": null,
        "endColumn": null,
        "path": "Oraculo/Quina/scripts/benchmark.py",
        "symbol": "trailing-whitespace",
        "message": "Trailing whitespace",
        "message-id": "C0303"
    },
    {
        "type": "convention",
        "module": "Oraculo.Quina.scripts.benchmark",
        "obj": "",
        "line": 262,
        "column": 0,
        "endLine": null,
        "endColumn": null,
        "path": "Oraculo/Quina/scripts/benchmark.py",
        "symbol": "trailing-whitespace",
        "message": "Trailing whitespace",
        "message-id": "C0303"
    },
    {
        "type": "convention",
        "module": "Oraculo.Quina.scripts.benchmark",
        "obj": "",
        "line": 267,
        "column": 0,
        "endLine": null,
        "endColumn": null,
        "path": "Oraculo/Quina/scripts/benchmark.py",
        "symbol": "trailing-whitespace",
        "message": "Trailing whitespace",
        "message-id": "C0303"
    },
    {
        "type": "convention",
        "module": "Oraculo.Quina.scripts.benchmark",
        "obj": "",
        "line": 273,
        "column": 0,
        "endLine": null,
        "endColumn": null,
        "path": "Oraculo/Quina/scripts/benchmark.py",
        "symbol": "trailing-whitespace",
        "message": "Trailing whitespace",
        "message-id": "C0303"
    },
    {
        "type": "convention",
        "module": "Oraculo.Quina.scripts.benchmark",
        "obj": "",
        "line": 277,
        "column": 0,
        "endLine": null,
        "endColumn": null,
        "path": "Oraculo/Quina/scripts/benchmark.py",
        "symbol": "trailing-whitespace",
        "message": "Trailing whitespace",
        "message-id": "C0303"
    },
    {
        "type": "convention",
        "module": "Oraculo.Quina.scripts.benchmark",
        "obj": "",
        "line": 280,
        "column": 0,
        "endLine": null,
        "endColumn": null,
        "path": "Oraculo/Quina/scripts/benchmark.py",
        "symbol": "trailing-whitespace",
        "message": "Trailing whitespace",
        "message-id": "C0303"
    },
    {
        "type": "convention",
        "module": "Oraculo.Quina.scripts.benchmark",
        "obj": "",
        "line": 284,
        "column": 0,
        "endLine": null,
        "endColumn": null,
        "path": "Oraculo/Quina/scripts/benchmark.py",
        "symbol": "trailing-whitespace",
        "message": "Trailing whitespace",
        "message-id": "C0303"
    },
    {
        "type": "convention",
        "module": "Oraculo.Quina.scripts.benchmark",
        "obj": "",
        "line": 294,
        "column": 0,
        "endLine": null,
        "endColumn": null,
        "path": "Oraculo/Quina/scripts/benchmark.py",
        "symbol": "trailing-whitespace",
        "message": "Trailing whitespace",
        "message-id": "C0303"
    },
    {
        "type": "convention",
        "module": "Oraculo.Quina.scripts.benchmark",
        "obj": "",
        "line": 301,
        "column": 85,
        "endLine": null,
        "endColumn": null,
        "path": "Oraculo/Quina/scripts/benchmark.py",
        "symbol": "trailing-whitespace",
        "message": "Trailing whitespace",
        "message-id": "C0303"
    },
    {
        "type": "convention",
        "module": "Oraculo.Quina.scripts.benchmark",
        "obj": "",
        "line": 355,
        "column": 0,
        "endLine": null,
        "endColumn": null,
        "path": "Oraculo/Quina/scripts/benchmark.py",
        "symbol": "trailing-whitespace",
        "message": "Trailing whitespace",
        "message-id": "C0303"
    },
    {
        "type": "convention",
        "module": "Oraculo.Quina.scripts.benchmark",
        "obj": "",
        "line": 362,
        "column": 0,
        "endLine": null,
        "endColumn": null,
        "path": "Oraculo/Quina/scripts/benchmark.py",
        "symbol": "trailing-whitespace",
        "message": "Trailing whitespace",
        "message-id": "C0303"
    },
    {
        "type": "convention",
        "module": "Oraculo.Quina.scripts.benchmark",
        "obj": "",
        "line": 375,
        "column": 0,
        "endLine": null,
        "endColumn": null,
        "path": "Oraculo/Quina/scripts/benchmark.py",
        "symbol": "trailing-whitespace",
        "message": "Trailing whitespace",
        "message-id": "C0303"
    },
    {
        "type": "convention",
        "module": "Oraculo.Quina.scripts.benchmark",
        "obj": "",
        "line": 429,
        "column": 0,
        "endLine": null,
        "endColumn": null,
        "path": "Oraculo/Quina/scripts/benchmark.py",
        "symbol": "trailing-whitespace",
        "message": "Trailing whitespace",
        "message-id": "C0303"
    },
    {
        "type": "convention",
        "module": "Oraculo.Quina.scripts.benchmark",
        "obj": "",
        "line": 432,
        "column": 0,
        "endLine": null,
        "endColumn": null,
        "path": "Oraculo/Quina/scripts/benchmark.py",
        "symbol": "trailing-whitespace",
        "message": "Trailing whitespace",
        "message-id": "C0303"
    },
    {
        "type": "convention",
        "module": "Oraculo.Quina.scripts.benchmark",
        "obj": "",
        "line": 448,
        "column": 0,
        "endLine": null,
        "endColumn": null,
        "path": "Oraculo/Quina/scripts/benchmark.py",
        "symbol": "trailing-whitespace",
        "message": "Trailing whitespace",
        "message-id": "C0303"
    },
    {
        "type": "convention",
        "module": "Oraculo.Quina.scripts.benchmark",
        "obj": "",
        "line": 450,
        "column": 0,
        "endLine": null,
        "endColumn": null,
        "path": "Oraculo/Quina/scripts/benchmark.py",
        "symbol": "trailing-whitespace",
        "message": "Trailing whitespace",
        "message-id": "C0303"
    },
    {
        "type": "convention",
        "module": "Oraculo.Quina.scripts.benchmark",
        "obj": "",
        "line": 454,
        "column": 0,
        "endLine": null,
        "endColumn": null,
        "path": "Oraculo/Quina/scripts/benchmark.py",
        "symbol": "trailing-whitespace",
        "message": "Trailing whitespace",
        "message-id": "C0303"
    },
    {
        "type": "warning",
        "module": "Oraculo.Quina.scripts.benchmark",
        "obj": "",
        "line": 6,
        "column": 0,
        "endLine": 6,
        "endColumn": 27,
        "path": "Oraculo/Quina/scripts/benchmark.py",
        "symbol": "unused-import",
        "message": "Unused plotly.express imported as px",
        "message-id": "W0611"
    },
    {
        "type": "warning",
        "module": "Oraculo.Quina.scripts.benchmark",
        "obj": "",
        "line": 8,
        "column": 0,
        "endLine": 8,
        "endColumn": 28,
        "path": "Oraculo/Quina/scripts/benchmark.py",
        "symbol": "unused-import",
        "message": "Unused plotly.offline imported as pyo",
        "message-id": "W0611"
    },
    {
        "type": "convention",
        "module": "Oraculo.Quina.scripts.enhanced_predict",
        "obj": "",
        "line": 36,
        "column": 0,
        "endLine": null,
        "endColumn": null,
        "path": "Oraculo/Quina/scripts/enhanced_predict.py",
        "symbol": "trailing-whitespace",
        "message": "Trailing whitespace",
        "message-id": "C0303"
    },
    {
        "type": "convention",
        "module": "Oraculo.Quina.scripts.enhanced_predict",
        "obj": "",
        "line": 78,
        "column": 0,
        "endLine": null,
        "endColumn": null,
        "path": "Oraculo/Quina/scripts/enhanced_predict.py",
        "symbol": "trailing-whitespace",
        "message": "Trailing whitespace",
        "message-id": "C0303"
    },
    {
        "type": "convention",
        "module": "Oraculo.Quina.scripts.enhanced_predict",
        "obj": "",
        "line": 83,
        "column": 0,
        "endLine": null,
        "endColumn": null,
        "path": "Oraculo/Quina/scripts/enhanced_predict.py",
        "symbol": "trailing-whitespace",
        "message": "Trailing whitespace",
        "message-id": "C0303"
    },
    {
        "type": "convention",
        "module": "Oraculo.Quina.scripts.enhanced_predict",
        "obj": "",
        "line": 87,
        "column": 0,
        "endLine": null,
        "endColumn": null,
        "path": "Oraculo/Quina/scripts/enhanced_predict.py",
        "symbol": "trailing-whitespace",
        "message": "Trailing whitespace",
        "message-id": "C0303"
    },
    {
        "type": "convention",
        "module": "Oraculo.Quina.scripts.enhanced_predict",
        "obj": "",
        "line": 92,
        "column": 0,
        "endLine": null,
        "endColumn": null,
        "path": "Oraculo/Quina/scripts/enhanced_predict.py",
        "symbol": "trailing-whitespace",
        "message": "Trailing whitespace",
        "message-id": "C0303"
    },
    {
        "type": "convention",
        "module": "Oraculo.Quina.scripts.enhanced_predict",
        "obj": "",
        "line": 95,
        "column": 0,
        "endLine": null,
        "endColumn": null,
        "path": "Oraculo/Quina/scripts/enhanced_predict.py",
        "symbol": "trailing-whitespace",
        "message": "Trailing whitespace",
        "message-id": "C0303"
    },
    {
        "type": "convention",
        "module": "Oraculo.Quina.scripts.enhanced_predict",
        "obj": "",
        "line": 99,
        "column": 0,
        "endLine": null,
        "endColumn": null,
        "path": "Oraculo/Quina/scripts/enhanced_predict.py",
        "symbol": "trailing-whitespace",
        "message": "Trailing whitespace",
        "message-id": "C0303"
    },
    {
        "type": "convention",
        "module": "Oraculo.Quina.scripts.enhanced_predict",
        "obj": "",
        "line": 101,
        "column": 0,
        "endLine": null,
        "endColumn": null,
        "path": "Oraculo/Quina/scripts/enhanced_predict.py",
        "symbol": "trailing-whitespace",
        "message": "Trailing whitespace",
        "message-id": "C0303"
    },
    {
        "type": "convention",
        "module": "Oraculo.Quina.scripts.enhanced_predict",
        "obj": "",
        "line": 111,
        "column": 0,
        "endLine": null,
        "endColumn": null,
        "path": "Oraculo/Quina/scripts/enhanced_predict.py",
        "symbol": "trailing-whitespace",
        "message": "Trailing whitespace",
        "message-id": "C0303"
    },
    {
        "type": "convention",
        "module": "Oraculo.Quina.scripts.enhanced_predict",
        "obj": "",
        "line": 113,
        "column": 0,
        "endLine": null,
        "endColumn": null,
        "path": "Oraculo/Quina/scripts/enhanced_predict.py",
        "symbol": "trailing-whitespace",
        "message": "Trailing whitespace",
        "message-id": "C0303"
    },
    {
        "type": "convention",
        "module": "Oraculo.Quina.scripts.enhanced_predict",
        "obj": "",
        "line": 139,
        "column": 0,
        "endLine": null,
        "endColumn": null,
        "path": "Oraculo/Quina/scripts/enhanced_predict.py",
        "symbol": "trailing-whitespace",
        "message": "Trailing whitespace",
        "message-id": "C0303"
    },
    {
        "type": "warning",
        "module": "Oraculo.Quina.scripts.enhanced_predict",
        "obj": "EnhancedQuinaPredictor._merge_auto_weights",
        "line": 65,
        "column": 8,
        "endLine": 65,
        "endColumn": 23,
        "path": "Oraculo/Quina/scripts/enhanced_predict.py",
        "symbol": "reimported",
        "message": "Reimport 'os' (imported line 22)",
        "message-id": "W0404"
    },
    {
        "type": "convention",
        "module": "Oraculo.SuperSete.scripts.benchmark",
        "obj": "",
        "line": 29,
        "column": 0,
        "endLine": null,
        "endColumn": null,
        "path": "Oraculo/SuperSete/scripts/benchmark.py",
        "symbol": "trailing-whitespace",
        "message": "Trailing whitespace",
        "message-id": "C0303"
    },
    {
        "type": "convention",
        "module": "Oraculo.SuperSete.scripts.benchmark",
        "obj": "",
        "line": 38,
        "column": 0,
        "endLine": null,
        "endColumn": null,
        "path": "Oraculo/SuperSete/scripts/benchmark.py",
        "symbol": "trailing-whitespace",
        "message": "Trailing whitespace",
        "message-id": "C0303"
    },
    {
        "type": "convention",
        "module": "Oraculo.SuperSete.scripts.benchmark",
        "obj": "",
        "line": 43,
        "column": 0,
        "endLine": null,
        "endColumn": null,
        "path": "Oraculo/SuperSete/scripts/benchmark.py",
        "symbol": "trailing-whitespace",
        "message": "Trailing whitespace",
        "message-id": "C0303"
    },
    {
        "type": "convention",
        "module": "Oraculo.SuperSete.scripts.benchmark",
        "obj": "",
        "line": 67,
        "column": 0,
        "endLine": null,
        "endColumn": null,
        "path": "Oraculo/SuperSete/scripts/benchmark.py",
        "symbol": "trailing-whitespace",
        "message": "Trailing whitespace",
        "message-id": "C0303"
    },
    {
        "type": "convention",
        "module": "Oraculo.SuperSete.scripts.benchmark",
        "obj": "",
        "line": 78,
        "column": 0,
        "endLine": null,
        "endColumn": null,
        "path": "Oraculo/SuperSete/scripts/benchmark.py",
        "symbol": "trailing-whitespace",
        "message": "Trailing whitespace",
        "message-id": "C0303"
    },
    {
        "type": "convention",
        "module": "Oraculo.SuperSete.scripts.benchmark",
        "obj": "",
        "line": 113,
        "column": 0,
        "endLine": null,
        "endColumn": null,
        "path": "Oraculo/SuperSete/scripts/benchmark.py",
        "symbol": "trailing-whitespace",
        "message": "Trailing whitespace",
        "message-id": "C0303"
    },
    {
        "type": "convention",
        "module": "Oraculo.SuperSete.scripts.benchmark",
        "obj": "",
        "line": 118,
        "column": 0,
        "endLine": null,
        "endColumn": null,
        "path": "Oraculo/SuperSete/scripts/benchmark.py",
        "symbol": "trailing-whitespace",
        "message": "Trailing whitespace",
        "message-id": "C0303"
    },
    {
        "type": "convention",
        "module": "Oraculo.SuperSete.scripts.benchmark",
        "obj": "",
        "line": 120,
        "column": 0,
        "endLine": null,
        "endColumn": null,
        "path": "Oraculo/SuperSete/scripts/benchmark.py",
        "symbol": "trailing-whitespace",
        "message": "Trailing whitespace",
        "message-id": "C0303"
    },
    {
        "type": "convention",
        "module": "Oraculo.SuperSete.scripts.benchmark",
        "obj": "",
        "line": 125,
        "column": 0,
        "endLine": null,
        "endColumn": null,
        "path": "Oraculo/SuperSete/scripts/benchmark.py",
        "symbol": "trailing-whitespace",
        "message": "Trailing whitespace",
        "message-id": "C0303"
    },
    {
        "type": "convention",
        "module": "Oraculo.SuperSete.scripts.benchmark",
        "obj": "",
        "line": 148,
        "column": 0,
        "endLine": null,
        "endColumn": null,
        "path": "Oraculo/SuperSete/scripts/benchmark.py",
        "symbol": "trailing-whitespace",
        "message": "Trailing whitespace",
        "message-id": "C0303"
    },
    {
        "type": "convention",
        "module": "Oraculo.SuperSete.scripts.benchmark",
        "obj": "",
        "line": 154,
        "column": 0,
        "endLine": null,
        "endColumn": null,
        "path": "Oraculo/SuperSete/scripts/benchmark.py",
        "symbol": "trailing-whitespace",
        "message": "Trailing whitespace",
        "message-id": "C0303"
    },
    {
        "type": "convention",
        "module": "Oraculo.SuperSete.scripts.benchmark",
        "obj": "",
        "line": 157,
        "column": 0,
        "endLine": null,
        "endColumn": null,
        "path": "Oraculo/SuperSete/scripts/benchmark.py",
        "symbol": "trailing-whitespace",
        "message": "Trailing whitespace",
        "message-id": "C0303"
    },
    {
        "type": "convention",
        "module": "Oraculo.SuperSete.scripts.benchmark",
        "obj": "",
        "line": 189,
        "column": 0,
        "endLine": null,
        "endColumn": null,
        "path": "Oraculo/SuperSete/scripts/benchmark.py",
        "symbol": "trailing-whitespace",
        "message": "Trailing whitespace",
        "message-id": "C0303"
    },
    {
        "type": "convention",
        "module": "Oraculo.SuperSete.scripts.benchmark",
        "obj": "",
        "line": 205,
        "column": 0,
        "endLine": null,
        "endColumn": null,
        "path": "Oraculo/SuperSete/scripts/benchmark.py",
        "symbol": "trailing-whitespace",
        "message": "Trailing whitespace",
        "message-id": "C0303"
    },
    {
        "type": "convention",
        "module": "Oraculo.SuperSete.scripts.benchmark",
        "obj": "",
        "line": 213,
        "column": 0,
        "endLine": null,
        "endColumn": null,
        "path": "Oraculo/SuperSete/scripts/benchmark.py",
        "symbol": "trailing-whitespace",
        "message": "Trailing whitespace",
        "message-id": "C0303"
    },
    {
        "type": "convention",
        "module": "Oraculo.SuperSete.scripts.benchmark",
        "obj": "",
        "line": 219,
        "column": 0,
        "endLine": null,
        "endColumn": null,
        "path": "Oraculo/SuperSete/scripts/benchmark.py",
        "symbol": "trailing-whitespace",
        "message": "Trailing whitespace",
        "message-id": "C0303"
    },
    {
        "type": "convention",
        "module": "Oraculo.SuperSete.scripts.benchmark",
        "obj": "",
        "line": 227,
        "column": 0,
        "endLine": null,
        "endColumn": null,
        "path": "Oraculo/SuperSete/scripts/benchmark.py",
        "symbol": "trailing-whitespace",
        "message": "Trailing whitespace",
        "message-id": "C0303"
    },
    {
        "type": "convention",
        "module": "Oraculo.SuperSete.scripts.benchmark",
        "obj": "",
        "line": 262,
        "column": 0,
        "endLine": null,
        "endColumn": null,
        "path": "Oraculo/SuperSete/scripts/benchmark.py",
        "symbol": "trailing-whitespace",
        "message": "Trailing whitespace",
        "message-id": "C0303"
    },
    {
        "type": "convention",
        "module": "Oraculo.SuperSete.scripts.benchmark",
        "obj": "",
        "line": 267,
        "column": 0,
        "endLine": null,
        "endColumn": null,
        "path": "Oraculo/SuperSete/scripts/benchmark.py",
        "symbol": "trailing-whitespace",
        "message": "Trailing whitespace",
        "message-id": "C0303"
    },
    {
        "type": "convention",
        "module": "Oraculo.SuperSete.scripts.benchmark",
        "obj": "",
        "line": 270,
        "column": 0,
        "endLine": null,
        "endColumn": null,
        "path": "Oraculo/SuperSete/scripts/benchmark.py",
        "symbol": "trailing-whitespace",
        "message": "Trailing whitespace",
        "message-id": "C0303"
    },
    {
        "type": "convention",
        "module": "Oraculo.SuperSete.scripts.benchmark",
        "obj": "",
        "line": 274,
        "column": 0,
        "endLine": null,
        "endColumn": null,
        "path": "Oraculo/SuperSete/scripts/benchmark.py",
        "symbol": "trailing-whitespace",
        "message": "Trailing whitespace",
        "message-id": "C0303"
    },
    {
        "type": "convention",
        "module": "Oraculo.SuperSete.scripts.benchmark",
        "obj": "",
        "line": 277,
        "column": 0,
        "endLine": null,
        "endColumn": null,
        "path": "Oraculo/SuperSete/scripts/benchmark.py",
        "symbol": "trailing-whitespace",
        "message": "Trailing whitespace",
        "message-id": "C0303"
    },
    {
        "type": "convention",
        "module": "Oraculo.SuperSete.scripts.benchmark",
        "obj": "",
        "line": 281,
        "column": 0,
        "endLine": null,
        "endColumn": null,
        "path": "Oraculo/SuperSete/scripts/benchmark.py",
        "symbol": "trailing-whitespace",
        "message": "Trailing whitespace",
        "message-id": "C0303"
    },
    {
        "type": "convention",
        "module": "Oraculo.SuperSete.scripts.benchmark",
        "obj": "",
        "line": 291,
        "column": 0,
        "endLine": null,
        "endColumn": null,
        "path": "Oraculo/SuperSete/scripts/benchmark.py",
        "symbol": "trailing-whitespace",
        "message": "Trailing whitespace",
        "message-id": "C0303"
    },
    {
        "type": "convention",
        "module": "Oraculo.SuperSete.scripts.benchmark",
        "obj": "",
        "line": 298,
        "column": 85,
        "endLine": null,
        "endColumn": null,
        "path": "Oraculo/SuperSete/scripts/benchmark.py",
        "symbol": "trailing-whitespace",
        "message": "Trailing whitespace",
        "message-id": "C0303"
    },
    {
        "type": "convention",
        "module": "Oraculo.SuperSete.scripts.benchmark",
        "obj": "",
        "line": 403,
        "column": 0,
        "endLine": null,
        "endColumn": null,
        "path": "Oraculo/SuperSete/scripts/benchmark.py",
        "symbol": "trailing-whitespace",
        "message": "Trailing whitespace",
        "message-id": "C0303"
    },
    {
        "type": "convention",
        "module": "Oraculo.SuperSete.scripts.benchmark",
        "obj": "",
        "line": 406,
        "column": 0,
        "endLine": null,
        "endColumn": null,
        "path": "Oraculo/SuperSete/scripts/benchmark.py",
        "symbol": "trailing-whitespace",
        "message": "Trailing whitespace",
        "message-id": "C0303"
    },
    {
        "type": "convention",
        "module": "Oraculo.SuperSete.scripts.benchmark",
        "obj": "",
        "line": 422,
        "column": 0,
        "endLine": null,
        "endColumn": null,
        "path": "Oraculo/SuperSete/scripts/benchmark.py",
        "symbol": "trailing-whitespace",
        "message": "Trailing whitespace",
        "message-id": "C0303"
    },
    {
        "type": "convention",
        "module": "Oraculo.SuperSete.scripts.benchmark",
        "obj": "",
        "line": 426,
        "column": 0,
        "endLine": null,
        "endColumn": null,
        "path": "Oraculo/SuperSete/scripts/benchmark.py",
        "symbol": "trailing-whitespace",
        "message": "Trailing whitespace",
        "message-id": "C0303"
    },
    {
        "type": "warning",
        "module": "Oraculo.SuperSete.scripts.benchmark",
        "obj": "",
        "line": 7,
        "column": 0,
        "endLine": 7,
        "endColumn": 27,
        "path": "Oraculo/SuperSete/scripts/benchmark.py",
        "symbol": "unused-import",
        "message": "Unused plotly.express imported as px",
        "message-id": "W0611"
    },
    {
        "type": "warning",
        "module": "Oraculo.SuperSete.scripts.benchmark",
        "obj": "",
        "line": 9,
        "column": 0,
        "endLine": 9,
        "endColumn": 28,
        "path": "Oraculo/SuperSete/scripts/benchmark.py",
        "symbol": "unused-import",
        "message": "Unused plotly.offline imported as pyo",
        "message-id": "W0611"
    },
    {
        "type": "convention",
        "module": "Oraculo.SuperSete.scripts.enhanced_predict",
        "obj": "",
        "line": 28,
        "column": 0,
        "endLine": null,
        "endColumn": null,
        "path": "Oraculo/SuperSete/scripts/enhanced_predict.py",
        "symbol": "trailing-whitespace",
        "message": "Trailing whitespace",
        "message-id": "C0303"
    },
    {
        "type": "convention",
        "module": "Oraculo.SuperSete.scripts.enhanced_predict",
        "obj": "",
        "line": 74,
        "column": 0,
        "endLine": null,
        "endColumn": null,
        "path": "Oraculo/SuperSete/scripts/enhanced_predict.py",
        "symbol": "trailing-whitespace",
        "message": "Trailing whitespace",
        "message-id": "C0303"
    },
    {
        "type": "convention",
        "module": "Oraculo.SuperSete.scripts.enhanced_predict",
        "obj": "",
        "line": 79,
        "column": 0,
        "endLine": null,
        "endColumn": null,
        "path": "Oraculo/SuperSete/scripts/enhanced_predict.py",
        "symbol": "trailing-whitespace",
        "message": "Trailing whitespace",
        "message-id": "C0303"
    },
    {
        "type": "convention",
        "module": "Oraculo.SuperSete.scripts.enhanced_predict",
        "obj": "",
        "line": 88,
        "column": 0,
        "endLine": null,
        "endColumn": null,
        "path": "Oraculo/SuperSete/scripts/enhanced_predict.py",
        "symbol": "trailing-whitespace",
        "message": "Trailing whitespace",
        "message-id": "C0303"
    },
    {
        "type": "convention",
        "module": "Oraculo.SuperSete.scripts.enhanced_predict",
        "obj": "",
        "line": 91,
        "column": 0,
        "endLine": null,
        "endColumn": null,
        "path": "Oraculo/SuperSete/scripts/enhanced_predict.py",
        "symbol": "trailing-whitespace",
        "message": "Trailing whitespace",
        "message-id": "C0303"
    },
    {
        "type": "convention",
        "module": "Oraculo.SuperSete.scripts.enhanced_predict",
        "obj": "",
        "line": 95,
        "column": 0,
        "endLine": null,
        "endColumn": null,
        "path": "Oraculo/SuperSete/scripts/enhanced_predict.py",
        "symbol": "trailing-whitespace",
        "message": "Trailing whitespace",
        "message-id": "C0303"
    },
    {
        "type": "convention",
        "module": "Oraculo.SuperSete.scripts.enhanced_predict",
        "obj": "",
        "line": 97,
        "column": 0,
        "endLine": null,
        "endColumn": null,
        "path": "Oraculo/SuperSete/scripts/enhanced_predict.py",
        "symbol": "trailing-whitespace",
        "message": "Trailing whitespace",
        "message-id": "C0303"
    },
    {
        "type": "convention",
        "module": "Oraculo.SuperSete.scripts.enhanced_predict",
        "obj": "",
        "line": 107,
        "column": 0,
        "endLine": null,
        "endColumn": null,
        "path": "Oraculo/SuperSete/scripts/enhanced_predict.py",
        "symbol": "trailing-whitespace",
        "message": "Trailing whitespace",
        "message-id": "C0303"
    },
    {
        "type": "convention",
        "module": "Oraculo.SuperSete.scripts.enhanced_predict",
        "obj": "",
        "line": 109,
        "column": 0,
        "endLine": null,
        "endColumn": null,
        "path": "Oraculo/SuperSete/scripts/enhanced_predict.py",
        "symbol": "trailing-whitespace",
        "message": "Trailing whitespace",
        "message-id": "C0303"
    },
    {
        "type": "convention",
        "module": "Oraculo.SuperSete.scripts.enhanced_predict",
        "obj": "",
        "line": 119,
        "column": 0,
        "endLine": null,
        "endColumn": null,
        "path": "Oraculo/SuperSete/scripts/enhanced_predict.py",
        "symbol": "trailing-whitespace",
        "message": "Trailing whitespace",
        "message-id": "C0303"
    },
    {
        "type": "convention",
        "module": "Oraculo.SuperSete.scripts.enhanced_predict",
        "obj": "",
        "line": 122,
        "column": 0,
        "endLine": null,
        "endColumn": null,
        "path": "Oraculo/SuperSete/scripts/enhanced_predict.py",
        "symbol": "trailing-whitespace",
        "message": "Trailing whitespace",
        "message-id": "C0303"
    },
    {
        "type": "convention",
        "module": "Oraculo.SuperSete.scripts.enhanced_predict",
        "obj": "",
        "line": 131,
        "column": 0,
        "endLine": null,
        "endColumn": null,
        "path": "Oraculo/SuperSete/scripts/enhanced_predict.py",
        "symbol": "trailing-whitespace",
        "message": "Trailing whitespace",
        "message-id": "C0303"
    },
    {
        "type": "convention",
        "module": "Oraculo.SuperSete.scripts.enhanced_predict",
        "obj": "",
        "line": 133,
        "column": 0,
        "endLine": null,
        "endColumn": null,
        "path": "Oraculo/SuperSete/scripts/enhanced_predict.py",
        "symbol": "trailing-whitespace",
        "message": "Trailing whitespace",
        "message-id": "C0303"
    },
    {
        "type": "convention",
        "module": "Oraculo.SuperSete.scripts.enhanced_predict",
        "obj": "",
        "line": 150,
        "column": 0,
        "endLine": null,
        "endColumn": null,
        "path": "Oraculo/SuperSete/scripts/enhanced_predict.py",
        "symbol": "trailing-whitespace",
        "message": "Trailing whitespace",
        "message-id": "C0303"
    },
    {
        "type": "convention",
        "module": "Oraculo.SuperSete.scripts.enhanced_predict",
        "obj": "",
        "line": 158,
        "column": 0,
        "endLine": null,
        "endColumn": null,
        "path": "Oraculo/SuperSete/scripts/enhanced_predict.py",
        "symbol": "trailing-whitespace",
        "message": "Trailing whitespace",
        "message-id": "C0303"
    },
    {
        "type": "convention",
        "module": "Oraculo.SuperSete.scripts.enhanced_predict",
        "obj": "",
        "line": 167,
        "column": 0,
        "endLine": null,
        "endColumn": null,
        "path": "Oraculo/SuperSete/scripts/enhanced_predict.py",
        "symbol": "trailing-whitespace",
        "message": "Trailing whitespace",
        "message-id": "C0303"
    },
    {
        "type": "convention",
        "module": "Oraculo.SuperSete.scripts.enhanced_predict",
        "obj": "",
        "line": 172,
        "column": 0,
        "endLine": null,
        "endColumn": null,
        "path": "Oraculo/SuperSete/scripts/enhanced_predict.py",
        "symbol": "trailing-whitespace",
        "message": "Trailing whitespace",
        "message-id": "C0303"
    },
    {
        "type": "convention",
        "module": "Oraculo.SuperSete.scripts.enhanced_predict",
        "obj": "",
        "line": 179,
        "column": 0,
        "endLine": null,
        "endColumn": null,
        "path": "Oraculo/SuperSete/scripts/enhanced_predict.py",
        "symbol": "trailing-whitespace",
        "message": "Trailing whitespace",
        "message-id": "C0303"
    },
    {
        "type": "convention",
        "module": "Oraculo.SuperSete.scripts.enhanced_predict",
        "obj": "",
        "line": 188,
        "column": 0,
        "endLine": null,
        "endColumn": null,
        "path": "Oraculo/SuperSete/scripts/enhanced_predict.py",
        "symbol": "trailing-whitespace",
        "message": "Trailing whitespace",
        "message-id": "C0303"
    },
    {
        "type": "convention",
        "module": "Oraculo.SuperSete.scripts.enhanced_predict",
        "obj": "",
        "line": 194,
        "column": 0,
        "endLine": null,
        "endColumn": null,
        "path": "Oraculo/SuperSete/scripts/enhanced_predict.py",
        "symbol": "trailing-whitespace",
        "message": "Trailing whitespace",
        "message-id": "C0303"
    },
    {
        "type": "convention",
        "module": "Oraculo.SuperSete.scripts.enhanced_predict",
        "obj": "",
        "line": 199,
        "column": 0,
        "endLine": null,
        "endColumn": null,
        "path": "Oraculo/SuperSete/scripts/enhanced_predict.py",
        "symbol": "trailing-whitespace",
        "message": "Trailing whitespace",
        "message-id": "C0303"
    },
    {
        "type": "convention",
        "module": "Oraculo.SuperSete.scripts.enhanced_predict",
        "obj": "",
        "line": 211,
        "column": 0,
        "endLine": null,
        "endColumn": null,
        "path": "Oraculo/SuperSete/scripts/enhanced_predict.py",
        "symbol": "trailing-whitespace",
        "message": "Trailing whitespace",
        "message-id": "C0303"
    },
    {
        "type": "convention",
        "module": "Oraculo.SuperSete.scripts.enhanced_predict",
        "obj": "",
        "line": 217,
        "column": 0,
        "endLine": null,
        "endColumn": null,
        "path": "Oraculo/SuperSete/scripts/enhanced_predict.py",
        "symbol": "trailing-whitespace",
        "message": "Trailing whitespace",
        "message-id": "C0303"
    },
    {
        "type": "convention",
        "module": "Oraculo.SuperSete.scripts.enhanced_predict",
        "obj": "",
        "line": 222,
        "column": 0,
        "endLine": null,
        "endColumn": null,
        "path": "Oraculo/SuperSete/scripts/enhanced_predict.py",
        "symbol": "trailing-whitespace",
        "message": "Trailing whitespace",
        "message-id": "C0303"
    },
    {
        "type": "convention",
        "module": "Oraculo.SuperSete.scripts.enhanced_predict",
        "obj": "",
        "line": 234,
        "column": 0,
        "endLine": null,
        "endColumn": null,
        "path": "Oraculo/SuperSete/scripts/enhanced_predict.py",
        "symbol": "trailing-whitespace",
        "message": "Trailing whitespace",
        "message-id": "C0303"
    },
    {
        "type": "convention",
        "module": "Oraculo.SuperSete.scripts.enhanced_predict",
        "obj": "",
        "line": 242,
        "column": 0,
        "endLine": null,
        "endColumn": null,
        "path": "Oraculo/SuperSete/scripts/enhanced_predict.py",
        "symbol": "trailing-whitespace",
        "message": "Trailing whitespace",
        "message-id": "C0303"
    },
    {
        "type": "convention",
        "module": "Oraculo.SuperSete.scripts.enhanced_predict",
        "obj": "",
        "line": 248,
        "column": 0,
        "endLine": null,
        "endColumn": null,
        "path": "Oraculo/SuperSete/scripts/enhanced_predict.py",
        "symbol": "trailing-whitespace",
        "message": "Trailing whitespace",
        "message-id": "C0303"
    },
    {
        "type": "convention",
        "module": "Oraculo.SuperSete.scripts.enhanced_predict",
        "obj": "",
        "line": 253,
        "column": 0,
        "endLine": null,
        "endColumn": null,
        "path": "Oraculo/SuperSete/scripts/enhanced_predict.py",
        "symbol": "trailing-whitespace",
        "message": "Trailing whitespace",
        "message-id": "C0303"
    },
    {
        "type": "convention",
        "module": "Oraculo.SuperSete.scripts.enhanced_predict",
        "obj": "",
        "line": 266,
        "column": 0,
        "endLine": null,
        "endColumn": null,
        "path": "Oraculo/SuperSete/scripts/enhanced_predict.py",
        "symbol": "trailing-whitespace",
        "message": "Trailing whitespace",
        "message-id": "C0303"
    },
    {
        "type": "convention",
        "module": "Oraculo.SuperSete.scripts.enhanced_predict",
        "obj": "",
        "line": 272,
        "column": 0,
        "endLine": null,
        "endColumn": null,
        "path": "Oraculo/SuperSete/scripts/enhanced_predict.py",
        "symbol": "trailing-whitespace",
        "message": "Trailing whitespace",
        "message-id": "C0303"
    },
    {
        "type": "convention",
        "module": "Oraculo.SuperSete.scripts.enhanced_predict",
        "obj": "",
        "line": 277,
        "column": 0,
        "endLine": null,
        "endColumn": null,
        "path": "Oraculo/SuperSete/scripts/enhanced_predict.py",
        "symbol": "trailing-whitespace",
        "message": "Trailing whitespace",
        "message-id": "C0303"
    },
    {
        "type": "convention",
        "module": "Oraculo.SuperSete.scripts.enhanced_predict",
        "obj": "",
        "line": 290,
        "column": 0,
        "endLine": null,
        "endColumn": null,
        "path": "Oraculo/SuperSete/scripts/enhanced_predict.py",
        "symbol": "trailing-whitespace",
        "message": "Trailing whitespace",
        "message-id": "C0303"
    },
    {
        "type": "convention",
        "module": "Oraculo.SuperSete.scripts.enhanced_predict",
        "obj": "",
        "line": 300,
        "column": 0,
        "endLine": null,
        "endColumn": null,
        "path": "Oraculo/SuperSete/scripts/enhanced_predict.py",
        "symbol": "trailing-whitespace",
        "message": "Trailing whitespace",
        "message-id": "C0303"
    },
    {
        "type": "convention",
        "module": "Oraculo.SuperSete.scripts.enhanced_predict",
        "obj": "",
        "line": 306,
        "column": 0,
        "endLine": null,
        "endColumn": null,
        "path": "Oraculo/SuperSete/scripts/enhanced_predict.py",
        "symbol": "trailing-whitespace",
        "message": "Trailing whitespace",
        "message-id": "C0303"
    },
    {
        "type": "convention",
        "module": "Oraculo.SuperSete.scripts.enhanced_predict",
        "obj": "",
        "line": 311,
        "column": 0,
        "endLine": null,
        "endColumn": null,
        "path": "Oraculo/SuperSete/scripts/enhanced_predict.py",
        "symbol": "trailing-whitespace",
        "message": "Trailing whitespace",
        "message-id": "C0303"
    },
    {
        "type": "convention",
        "module": "Oraculo.SuperSete.scripts.enhanced_predict",
        "obj": "",
        "line": 323,
        "column": 0,
        "endLine": null,
        "endColumn": null,
        "path": "Oraculo/SuperSete/scripts/enhanced_predict.py",
        "symbol": "trailing-whitespace",
        "message": "Trailing whitespace",
        "message-id": "C0303"
    },
    {
        "type": "convention",
        "module": "Oraculo.SuperSete.scripts.enhanced_predict",
        "obj": "",
        "line": 329,
        "column": 0,
        "endLine": null,
        "endColumn": null,
        "path": "Oraculo/SuperSete/scripts/enhanced_predict.py",
        "symbol": "trailing-whitespace",
        "message": "Trailing whitespace",
        "message-id": "C0303"
    },
    {
        "type": "convention",
        "module": "Oraculo.SuperSete.scripts.enhanced_predict",
        "obj": "",
        "line": 334,
        "column": 0,
        "endLine": null,
        "endColumn": null,
        "path": "Oraculo/SuperSete/scripts/enhanced_predict.py",
        "symbol": "trailing-whitespace",
        "message": "Trailing whitespace",
        "message-id": "C0303"
    },
    {
        "type": "convention",
        "module": "Oraculo.SuperSete.scripts.enhanced_predict",
        "obj": "",
        "line": 338,
        "column": 0,
        "endLine": null,
        "endColumn": null,
        "path": "Oraculo/SuperSete/scripts/enhanced_predict.py",
        "symbol": "trailing-whitespace",
        "message": "Trailing whitespace",
        "message-id": "C0303"
    },
    {
        "type": "convention",
        "module": "Oraculo.SuperSete.scripts.enhanced_predict",
        "obj": "",
        "line": 348,
        "column": 0,
        "endLine": null,
        "endColumn": null,
        "path": "Oraculo/SuperSete/scripts/enhanced_predict.py",
        "symbol": "trailing-whitespace",
        "message": "Trailing whitespace",
        "message-id": "C0303"
    },
    {
        "type": "convention",
        "module": "Oraculo.SuperSete.scripts.enhanced_predict",
        "obj": "",
        "line": 352,
        "column": 0,
        "endLine": null,
        "endColumn": null,
        "path": "Oraculo/SuperSete/scripts/enhanced_predict.py",
        "symbol": "trailing-whitespace",
        "message": "Trailing whitespace",
        "message-id": "C0303"
    },
    {
        "type": "convention",
        "module": "Oraculo.SuperSete.scripts.enhanced_predict",
        "obj": "",
        "line": 358,
        "column": 0,
        "endLine": null,
        "endColumn": null,
        "path": "Oraculo/SuperSete/scripts/enhanced_predict.py",
        "symbol": "trailing-whitespace",
        "message": "Trailing whitespace",
        "message-id": "C0303"
    },
    {
        "type": "convention",
        "module": "Oraculo.SuperSete.scripts.enhanced_predict",
        "obj": "",
        "line": 363,
        "column": 0,
        "endLine": null,
        "endColumn": null,
        "path": "Oraculo/SuperSete/scripts/enhanced_predict.py",
        "symbol": "trailing-whitespace",
        "message": "Trailing whitespace",
        "message-id": "C0303"
    },
    {
        "type": "convention",
        "module": "Oraculo.SuperSete.scripts.enhanced_predict",
        "obj": "",
        "line": 367,
        "column": 0,
        "endLine": null,
        "endColumn": null,
        "path": "Oraculo/SuperSete/scripts/enhanced_predict.py",
        "symbol": "trailing-whitespace",
        "message": "Trailing whitespace",
        "message-id": "C0303"
    },
    {
        "type": "convention",
        "module": "Oraculo.SuperSete.scripts.enhanced_predict",
        "obj": "",
        "line": 383,
        "column": 0,
        "endLine": null,
        "endColumn": null,
        "path": "Oraculo/SuperSete/scripts/enhanced_predict.py",
        "symbol": "trailing-whitespace",
        "message": "Trailing whitespace",
        "message-id": "C0303"
    },
    {
        "type": "convention",
        "module": "Oraculo.SuperSete.scripts.enhanced_predict",
        "obj": "",
        "line": 386,
        "column": 0,
        "endLine": null,
        "endColumn": null,
        "path": "Oraculo/SuperSete/scripts/enhanced_predict.py",
        "symbol": "trailing-whitespace",
        "message": "Trailing whitespace",
        "message-id": "C0303"
    },
    {
        "type": "convention",
        "module": "Oraculo.SuperSete.scripts.enhanced_predict",
        "obj": "",
        "line": 392,
        "column": 0,
        "endLine": null,
        "endColumn": null,
        "path": "Oraculo/SuperSete/scripts/enhanced_predict.py",
        "symbol": "trailing-whitespace",
        "message": "Trailing whitespace",
        "message-id": "C0303"
    },
    {
        "type": "convention",
        "module": "Oraculo.SuperSete.scripts.enhanced_predict",
        "obj": "",
        "line": 401,
        "column": 0,
        "endLine": null,
        "endColumn": null,
        "path": "Oraculo/SuperSete/scripts/enhanced_predict.py",
        "symbol": "trailing-whitespace",
        "message": "Trailing whitespace",
        "message-id": "C0303"
    },
    {
        "type": "convention",
        "module": "Oraculo.SuperSete.scripts.enhanced_predict",
        "obj": "",
        "line": 406,
        "column": 0,
        "endLine": null,
        "endColumn": null,
        "path": "Oraculo/SuperSete/scripts/enhanced_predict.py",
        "symbol": "trailing-whitespace",
        "message": "Trailing whitespace",
        "message-id": "C0303"
    },
    {
        "type": "convention",
        "module": "Oraculo.SuperSete.scripts.enhanced_predict",
        "obj": "",
        "line": 409,
        "column": 0,
        "endLine": null,
        "endColumn": null,
        "path": "Oraculo/SuperSete/scripts/enhanced_predict.py",
        "symbol": "trailing-whitespace",
        "message": "Trailing whitespace",
        "message-id": "C0303"
    },
    {
        "type": "convention",
        "module": "Oraculo.SuperSete.scripts.enhanced_predict",
        "obj": "",
        "line": 415,
        "column": 0,
        "endLine": null,
        "endColumn": null,
        "path": "Oraculo/SuperSete/scripts/enhanced_predict.py",
        "symbol": "trailing-whitespace",
        "message": "Trailing whitespace",
        "message-id": "C0303"
    },
    {
        "type": "convention",
        "module": "Oraculo.SuperSete.scripts.enhanced_predict",
        "obj": "",
        "line": 420,
        "column": 0,
        "endLine": null,
        "endColumn": null,
        "path": "Oraculo/SuperSete/scripts/enhanced_predict.py",
        "symbol": "trailing-whitespace",
        "message": "Trailing whitespace",
        "message-id": "C0303"
    },
    {
        "type": "convention",
        "module": "Oraculo.SuperSete.scripts.enhanced_predict",
        "obj": "",
        "line": 429,
        "column": 0,
        "endLine": null,
        "endColumn": null,
        "path": "Oraculo/SuperSete/scripts/enhanced_predict.py",
        "symbol": "trailing-whitespace",
        "message": "Trailing whitespace",
        "message-id": "C0303"
    },
    {
        "type": "convention",
        "module": "Oraculo.SuperSete.scripts.enhanced_predict",
        "obj": "",
        "line": 436,
        "column": 0,
        "endLine": null,
        "endColumn": null,
        "path": "Oraculo/SuperSete/scripts/enhanced_predict.py",
        "symbol": "trailing-whitespace",
        "message": "Trailing whitespace",
        "message-id": "C0303"
    },
    {
        "type": "convention",
        "module": "Oraculo.SuperSete.scripts.enhanced_predict",
        "obj": "",
        "line": 440,
        "column": 0,
        "endLine": null,
        "endColumn": null,
        "path": "Oraculo/SuperSete/scripts/enhanced_predict.py",
        "symbol": "trailing-whitespace",
        "message": "Trailing whitespace",
        "message-id": "C0303"
    },
    {
        "type": "convention",
        "module": "Oraculo.SuperSete.scripts.enhanced_predict",
        "obj": "",
        "line": 447,
        "column": 0,
        "endLine": null,
        "endColumn": null,
        "path": "Oraculo/SuperSete/scripts/enhanced_predict.py",
        "symbol": "trailing-whitespace",
        "message": "Trailing whitespace",
        "message-id": "C0303"
    },
    {
        "type": "convention",
        "module": "Oraculo.SuperSete.scripts.enhanced_predict",
        "obj": "",
        "line": 453,
        "column": 0,
        "endLine": null,
        "endColumn": null,
        "path": "Oraculo/SuperSete/scripts/enhanced_predict.py",
        "symbol": "trailing-whitespace",
        "message": "Trailing whitespace",
        "message-id": "C0303"
    },
    {
        "type": "convention",
        "module": "Oraculo.SuperSete.scripts.enhanced_predict",
        "obj": "",
        "line": 456,
        "column": 0,
        "endLine": null,
        "endColumn": null,
        "path": "Oraculo/SuperSete/scripts/enhanced_predict.py",
        "symbol": "trailing-whitespace",
        "message": "Trailing whitespace",
        "message-id": "C0303"
    },
    {
        "type": "convention",
        "module": "Oraculo.SuperSete.scripts.enhanced_predict",
        "obj": "",
        "line": 463,
        "column": 0,
        "endLine": null,
        "endColumn": null,
        "path": "Oraculo/SuperSete/scripts/enhanced_predict.py",
        "symbol": "trailing-whitespace",
        "message": "Trailing whitespace",
        "message-id": "C0303"
    },
    {
        "type": "convention",
        "module": "Oraculo.SuperSete.scripts.enhanced_predict",
        "obj": "",
        "line": 465,
        "column": 0,
        "endLine": null,
        "endColumn": null,
        "path": "Oraculo/SuperSete/scripts/enhanced_predict.py",
        "symbol": "trailing-whitespace",
        "message": "Trailing whitespace",
        "message-id": "C0303"
    },
    {
        "type": "convention",
        "module": "Oraculo.SuperSete.scripts.enhanced_predict",
        "obj": "",
        "line": 468,
        "column": 0,
        "endLine": null,
        "endColumn": null,
        "path": "Oraculo/SuperSete/scripts/enhanced_predict.py",
        "symbol": "trailing-whitespace",
        "message": "Trailing whitespace",
        "message-id": "C0303"
    },
    {
        "type": "convention",
        "module": "Oraculo.SuperSete.scripts.enhanced_predict",
        "obj": "",
        "line": 473,
        "column": 0,
        "endLine": null,
        "endColumn": null,
        "path": "Oraculo/SuperSete/scripts/enhanced_predict.py",
        "symbol": "trailing-whitespace",
        "message": "Trailing whitespace",
        "message-id": "C0303"
    },
    {
        "type": "convention",
        "module": "Oraculo.SuperSete.scripts.enhanced_predict",
        "obj": "",
        "line": 480,
        "column": 0,
        "endLine": null,
        "endColumn": null,
        "path": "Oraculo/SuperSete/scripts/enhanced_predict.py",
        "symbol": "trailing-whitespace",
        "message": "Trailing whitespace",
        "message-id": "C0303"
    },
    {
        "type": "warning",
        "module": "Oraculo.SuperSete.scripts.enhanced_predict",
        "obj": "EnhancedSuperSetePredictor._merge_auto_weights",
        "line": 61,
        "column": 8,
        "endLine": 61,
        "endColumn": 23,
        "path": "Oraculo/SuperSete/scripts/enhanced_predict.py",
        "symbol": "reimported",
        "message": "Reimport 'os' (imported line 12)",
        "message-id": "W0404"
    },
    {
        "type": "warning",
        "module": "Oraculo.SuperSete.scripts.predict",
        "obj": "",
        "line": 5,
        "column": 0,
        "endLine": 5,
        "endColumn": 18,
        "path": "Oraculo/SuperSete/scripts/predict.py",
        "symbol": "unused-import",
        "message": "Unused numpy imported as np",
        "message-id": "W0611"
    },
    {
        "type": "convention",
        "module": "scripts.check_deployment",
        "obj": "",
        "line": 13,
        "column": 0,
        "endLine": null,
        "endColumn": null,
        "path": "scripts/check_deployment.py",
        "symbol": "trailing-whitespace",
        "message": "Trailing whitespace",
        "message-id": "C0303"
    },
    {
        "type": "convention",
        "module": "scripts.check_deployment",
        "obj": "",
        "line": 18,
        "column": 0,
        "endLine": null,
        "endColumn": null,
        "path": "scripts/check_deployment.py",
        "symbol": "trailing-whitespace",
        "message": "Trailing whitespace",
        "message-id": "C0303"
    },
    {
        "type": "convention",
        "module": "scripts.check_deployment",
        "obj": "",
        "line": 20,
        "column": 0,
        "endLine": null,
        "endColumn": null,
        "path": "scripts/check_deployment.py",
        "symbol": "trailing-whitespace",
        "message": "Trailing whitespace",
        "message-id": "C0303"
    },
    {
        "type": "convention",
        "module": "scripts.check_deployment",
        "obj": "",
        "line": 26,
        "column": 0,
        "endLine": null,
        "endColumn": null,
        "path": "scripts/check_deployment.py",
        "symbol": "trailing-whitespace",
        "message": "Trailing whitespace",
        "message-id": "C0303"
    },
    {
        "type": "convention",
        "module": "scripts.check_deployment",
        "obj": "",
        "line": 28,
        "column": 0,
        "endLine": null,
        "endColumn": null,
        "path": "scripts/check_deployment.py",
        "symbol": "trailing-whitespace",
        "message": "Trailing whitespace",
        "message-id": "C0303"
    },
    {
        "type": "convention",
        "module": "scripts.check_deployment",
        "obj": "",
        "line": 36,
        "column": 0,
        "endLine": null,
        "endColumn": null,
        "path": "scripts/check_deployment.py",
        "symbol": "trailing-whitespace",
        "message": "Trailing whitespace",
        "message-id": "C0303"
    },
    {
        "type": "convention",
        "module": "scripts.check_deployment",
        "obj": "",
        "line": 39,
        "column": 0,
        "endLine": null,
        "endColumn": null,
        "path": "scripts/check_deployment.py",
        "symbol": "trailing-whitespace",
        "message": "Trailing whitespace",
        "message-id": "C0303"
    },
    {
        "type": "convention",
        "module": "scripts.check_deployment",
        "obj": "",
        "line": 45,
        "column": 0,
        "endLine": null,
        "endColumn": null,
        "path": "scripts/check_deployment.py",
        "symbol": "trailing-whitespace",
        "message": "Trailing whitespace",
        "message-id": "C0303"
    },
    {
        "type": "convention",
        "module": "scripts.check_deployment",
        "obj": "",
        "line": 50,
        "column": 0,
        "endLine": null,
        "endColumn": null,
        "path": "scripts/check_deployment.py",
        "symbol": "trailing-whitespace",
        "message": "Trailing whitespace",
        "message-id": "C0303"
    },
    {
        "type": "convention",
        "module": "scripts.check_deployment",
        "obj": "",
        "line": 55,
        "column": 0,
        "endLine": null,
        "endColumn": null,
        "path": "scripts/check_deployment.py",
        "symbol": "trailing-whitespace",
        "message": "Trailing whitespace",
        "message-id": "C0303"
    },
    {
        "type": "convention",
        "module": "scripts.check_deployment",
        "obj": "",
        "line": 57,
        "column": 0,
        "endLine": null,
        "endColumn": null,
        "path": "scripts/check_deployment.py",
        "symbol": "trailing-whitespace",
        "message": "Trailing whitespace",
        "message-id": "C0303"
    },
    {
        "type": "convention",
        "module": "scripts.check_workflows",
        "obj": "",
        "line": 12,
        "column": 0,
        "endLine": null,
        "endColumn": null,
        "path": "scripts/check_workflows.py",
        "symbol": "trailing-whitespace",
        "message": "Trailing whitespace",
        "message-id": "C0303"
    },
    {
        "type": "convention",
        "module": "scripts.check_workflows",
        "obj": "",
        "line": 15,
        "column": 0,
        "endLine": null,
        "endColumn": null,
        "path": "scripts/check_workflows.py",
        "symbol": "trailing-whitespace",
        "message": "Trailing whitespace",
        "message-id": "C0303"
    },
    {
        "type": "convention",
        "module": "scripts.check_workflows",
        "obj": "",
        "line": 17,
        "column": 0,
        "endLine": null,
        "endColumn": null,
        "path": "scripts/check_workflows.py",
        "symbol": "trailing-whitespace",
        "message": "Trailing whitespace",
        "message-id": "C0303"
    },
    {
        "type": "convention",
        "module": "scripts.check_workflows",
        "obj": "",
        "line": 21,
        "column": 0,
        "endLine": null,
        "endColumn": null,
        "path": "scripts/check_workflows.py",
        "symbol": "trailing-whitespace",
        "message": "Trailing whitespace",
        "message-id": "C0303"
    },
    {
        "type": "convention",
        "module": "scripts.check_workflows",
        "obj": "",
        "line": 28,
        "column": 0,
        "endLine": null,
        "endColumn": null,
        "path": "scripts/check_workflows.py",
        "symbol": "trailing-whitespace",
        "message": "Trailing whitespace",
        "message-id": "C0303"
    },
    {
        "type": "convention",
        "module": "scripts.check_workflows",
        "obj": "",
        "line": 38,
        "column": 0,
        "endLine": null,
        "endColumn": null,
        "path": "scripts/check_workflows.py",
        "symbol": "trailing-whitespace",
        "message": "Trailing whitespace",
        "message-id": "C0303"
    },
    {
        "type": "convention",
        "module": "scripts.check_workflows",
        "obj": "",
        "line": 51,
        "column": 0,
        "endLine": null,
        "endColumn": null,
        "path": "scripts/check_workflows.py",
        "symbol": "trailing-whitespace",
        "message": "Trailing whitespace",
        "message-id": "C0303"
    },
    {
        "type": "convention",
        "module": "scripts.check_workflows",
        "obj": "",
        "line": 65,
        "column": 0,
        "endLine": null,
        "endColumn": null,
        "path": "scripts/check_workflows.py",
        "symbol": "trailing-whitespace",
        "message": "Trailing whitespace",
        "message-id": "C0303"
    },
    {
        "type": "convention",
        "module": "scripts.check_workflows",
        "obj": "",
        "line": 72,
        "column": 0,
        "endLine": null,
        "endColumn": null,
        "path": "scripts/check_workflows.py",
        "symbol": "trailing-whitespace",
        "message": "Trailing whitespace",
        "message-id": "C0303"
    },
    {
        "type": "convention",
        "module": "scripts.check_workflows",
        "obj": "",
        "line": 77,
        "column": 0,
        "endLine": null,
        "endColumn": null,
        "path": "scripts/check_workflows.py",
        "symbol": "trailing-whitespace",
        "message": "Trailing whitespace",
        "message-id": "C0303"
    },
    {
        "type": "convention",
        "module": "scripts.check_workflows",
        "obj": "",
        "line": 81,
        "column": 0,
        "endLine": null,
        "endColumn": null,
        "path": "scripts/check_workflows.py",
        "symbol": "trailing-whitespace",
        "message": "Trailing whitespace",
        "message-id": "C0303"
    },
    {
        "type": "convention",
        "module": "scripts.check_workflows",
        "obj": "",
        "line": 115,
        "column": 0,
        "endLine": null,
        "endColumn": null,
        "path": "scripts/check_workflows.py",
        "symbol": "trailing-whitespace",
        "message": "Trailing whitespace",
        "message-id": "C0303"
    },
    {
        "type": "convention",
        "module": "scripts.check_workflows",
        "obj": "",
        "line": 119,
        "column": 0,
        "endLine": null,
        "endColumn": null,
        "path": "scripts/check_workflows.py",
        "symbol": "trailing-whitespace",
        "message": "Trailing whitespace",
        "message-id": "C0303"
    },
    {
        "type": "convention",
        "module": "scripts.check_workflows",
        "obj": "",
        "line": 128,
        "column": 0,
        "endLine": null,
        "endColumn": null,
        "path": "scripts/check_workflows.py",
        "symbol": "trailing-whitespace",
        "message": "Trailing whitespace",
        "message-id": "C0303"
    },
    {
        "type": "convention",
        "module": "scripts.demo_env_config",
        "obj": "",
        "line": 18,
        "column": 0,
        "endLine": null,
        "endColumn": null,
        "path": "scripts/demo_env_config.py",
        "symbol": "trailing-whitespace",
        "message": "Trailing whitespace",
        "message-id": "C0303"
    },
    {
        "type": "convention",
        "module": "scripts.demo_env_config",
        "obj": "",
        "line": 21,
        "column": 0,
        "endLine": null,
        "endColumn": null,
        "path": "scripts/demo_env_config.py",
        "symbol": "trailing-whitespace",
        "message": "Trailing whitespace",
        "message-id": "C0303"
    },
    {
        "type": "convention",
        "module": "scripts.demo_env_config",
        "obj": "",
        "line": 25,
        "column": 0,
        "endLine": null,
        "endColumn": null,
        "path": "scripts/demo_env_config.py",
        "symbol": "trailing-whitespace",
        "message": "Trailing whitespace",
        "message-id": "C0303"
    },
    {
        "type": "convention",
        "module": "scripts.demo_env_config",
        "obj": "",
        "line": 29,
        "column": 0,
        "endLine": null,
        "endColumn": null,
        "path": "scripts/demo_env_config.py",
        "symbol": "trailing-whitespace",
        "message": "Trailing whitespace",
        "message-id": "C0303"
    },
    {
        "type": "convention",
        "module": "scripts.demo_env_config",
        "obj": "",
        "line": 33,
        "column": 0,
        "endLine": null,
        "endColumn": null,
        "path": "scripts/demo_env_config.py",
        "symbol": "trailing-whitespace",
        "message": "Trailing whitespace",
        "message-id": "C0303"
    },
    {
        "type": "convention",
        "module": "scripts.demo_env_config",
        "obj": "",
        "line": 36,
        "column": 0,
        "endLine": null,
        "endColumn": null,
        "path": "scripts/demo_env_config.py",
        "symbol": "trailing-whitespace",
        "message": "Trailing whitespace",
        "message-id": "C0303"
    },
    {
        "type": "convention",
        "module": "scripts.demo_env_config",
        "obj": "",
        "line": 40,
        "column": 0,
        "endLine": null,
        "endColumn": null,
        "path": "scripts/demo_env_config.py",
        "symbol": "trailing-whitespace",
        "message": "Trailing whitespace",
        "message-id": "C0303"
    },
    {
        "type": "convention",
        "module": "scripts.demo_env_config",
        "obj": "",
        "line": 47,
        "column": 0,
        "endLine": null,
        "endColumn": null,
        "path": "scripts/demo_env_config.py",
        "symbol": "trailing-whitespace",
        "message": "Trailing whitespace",
        "message-id": "C0303"
    },
    {
        "type": "convention",
        "module": "scripts.demo_env_config",
        "obj": "",
        "line": 55,
        "column": 0,
        "endLine": null,
        "endColumn": null,
        "path": "scripts/demo_env_config.py",
        "symbol": "trailing-whitespace",
        "message": "Trailing whitespace",
        "message-id": "C0303"
    },
    {
        "type": "convention",
        "module": "scripts.demo_env_config",
        "obj": "",
        "line": 57,
        "column": 0,
        "endLine": null,
        "endColumn": null,
        "path": "scripts/demo_env_config.py",
        "symbol": "trailing-whitespace",
        "message": "Trailing whitespace",
        "message-id": "C0303"
    },
    {
        "type": "convention",
        "module": "scripts.demo_env_config",
        "obj": "",
        "line": 67,
        "column": 0,
        "endLine": null,
        "endColumn": null,
        "path": "scripts/demo_env_config.py",
        "symbol": "trailing-whitespace",
        "message": "Trailing whitespace",
        "message-id": "C0303"
    },
    {
        "type": "convention",
        "module": "scripts.demo_env_config",
        "obj": "",
        "line": 69,
        "column": 0,
        "endLine": null,
        "endColumn": null,
        "path": "scripts/demo_env_config.py",
        "symbol": "trailing-whitespace",
        "message": "Trailing whitespace",
        "message-id": "C0303"
    },
    {
        "type": "convention",
        "module": "scripts.demo_env_config",
        "obj": "",
        "line": 87,
        "column": 0,
        "endLine": null,
        "endColumn": null,
        "path": "scripts/demo_env_config.py",
        "symbol": "trailing-whitespace",
        "message": "Trailing whitespace",
        "message-id": "C0303"
    },
    {
        "type": "convention",
        "module": "scripts.demo_env_config",
        "obj": "",
        "line": 104,
        "column": 0,
        "endLine": null,
        "endColumn": null,
        "path": "scripts/demo_env_config.py",
        "symbol": "trailing-whitespace",
        "message": "Trailing whitespace",
        "message-id": "C0303"
    },
    {
        "type": "convention",
        "module": "scripts.demo_env_config",
        "obj": "",
        "line": 121,
        "column": 0,
        "endLine": null,
        "endColumn": null,
        "path": "scripts/demo_env_config.py",
        "symbol": "trailing-whitespace",
        "message": "Trailing whitespace",
        "message-id": "C0303"
    },
    {
        "type": "convention",
        "module": "scripts.demo_env_config",
        "obj": "",
        "line": 128,
        "column": 0,
        "endLine": null,
        "endColumn": null,
        "path": "scripts/demo_env_config.py",
        "symbol": "trailing-whitespace",
        "message": "Trailing whitespace",
        "message-id": "C0303"
    },
    {
        "type": "convention",
        "module": "scripts.demo_env_config",
        "obj": "",
        "line": 130,
        "column": 0,
        "endLine": null,
        "endColumn": null,
        "path": "scripts/demo_env_config.py",
        "symbol": "trailing-whitespace",
        "message": "Trailing whitespace",
        "message-id": "C0303"
    },
    {
        "type": "convention",
        "module": "scripts.demo_env_config",
        "obj": "",
        "line": 138,
        "column": 0,
        "endLine": null,
        "endColumn": null,
        "path": "scripts/demo_env_config.py",
        "symbol": "trailing-whitespace",
        "message": "Trailing whitespace",
        "message-id": "C0303"
    },
    {
        "type": "convention",
        "module": "scripts.demo_env_config",
        "obj": "",
        "line": 146,
        "column": 0,
        "endLine": null,
        "endColumn": null,
        "path": "scripts/demo_env_config.py",
        "symbol": "trailing-whitespace",
        "message": "Trailing whitespace",
        "message-id": "C0303"
    },
    {
        "type": "convention",
        "module": "scripts.demo_env_config",
        "obj": "",
        "line": 149,
        "column": 0,
        "endLine": null,
        "endColumn": null,
        "path": "scripts/demo_env_config.py",
        "symbol": "trailing-whitespace",
        "message": "Trailing whitespace",
        "message-id": "C0303"
    },
    {
        "type": "convention",
        "module": "scripts.demo_env_config",
        "obj": "",
        "line": 153,
        "column": 0,
        "endLine": null,
        "endColumn": null,
        "path": "scripts/demo_env_config.py",
        "symbol": "trailing-whitespace",
        "message": "Trailing whitespace",
        "message-id": "C0303"
    },
    {
        "type": "convention",
        "module": "scripts.demo_env_config",
        "obj": "",
        "line": 158,
        "column": 0,
        "endLine": null,
        "endColumn": null,
        "path": "scripts/demo_env_config.py",
        "symbol": "trailing-whitespace",
        "message": "Trailing whitespace",
        "message-id": "C0303"
    },
    {
        "type": "convention",
        "module": "scripts.demo_env_config",
        "obj": "",
        "line": 163,
        "column": 0,
        "endLine": null,
        "endColumn": null,
        "path": "scripts/demo_env_config.py",
        "symbol": "trailing-whitespace",
        "message": "Trailing whitespace",
        "message-id": "C0303"
    },
    {
        "type": "convention",
        "module": "scripts.demo_env_config",
        "obj": "",
        "line": 167,
        "column": 0,
        "endLine": null,
        "endColumn": null,
        "path": "scripts/demo_env_config.py",
        "symbol": "trailing-whitespace",
        "message": "Trailing whitespace",
        "message-id": "C0303"
    },
    {
        "type": "convention",
        "module": "scripts.demo_env_config",
        "obj": "",
        "line": 170,
        "column": 0,
        "endLine": null,
        "endColumn": null,
        "path": "scripts/demo_env_config.py",
        "symbol": "trailing-whitespace",
        "message": "Trailing whitespace",
        "message-id": "C0303"
    },
    {
        "type": "convention",
        "module": "scripts.demo_env_config",
        "obj": "",
        "line": 174,
        "column": 0,
        "endLine": null,
        "endColumn": null,
        "path": "scripts/demo_env_config.py",
        "symbol": "trailing-whitespace",
        "message": "Trailing whitespace",
        "message-id": "C0303"
    },
    {
        "type": "convention",
        "module": "scripts.demo_env_config",
        "obj": "",
        "line": 177,
        "column": 0,
        "endLine": null,
        "endColumn": null,
        "path": "scripts/demo_env_config.py",
        "symbol": "trailing-whitespace",
        "message": "Trailing whitespace",
        "message-id": "C0303"
    },
    {
        "type": "convention",
        "module": "scripts.demo_env_config",
        "obj": "",
        "line": 183,
        "column": 0,
        "endLine": null,
        "endColumn": null,
        "path": "scripts/demo_env_config.py",
        "symbol": "trailing-whitespace",
        "message": "Trailing whitespace",
        "message-id": "C0303"
    },
    {
        "type": "convention",
        "module": "scripts.demo_env_config",
        "obj": "",
        "line": 189,
        "column": 0,
        "endLine": null,
        "endColumn": null,
        "path": "scripts/demo_env_config.py",
        "symbol": "trailing-whitespace",
        "message": "Trailing whitespace",
        "message-id": "C0303"
    },
    {
        "type": "convention",
        "module": "scripts.demo_env_config",
        "obj": "",
        "line": 192,
        "column": 0,
        "endLine": null,
        "endColumn": null,
        "path": "scripts/demo_env_config.py",
        "symbol": "trailing-whitespace",
        "message": "Trailing whitespace",
        "message-id": "C0303"
    },
    {
        "type": "convention",
        "module": "scripts.demo_env_config",
        "obj": "",
        "line": 196,
        "column": 0,
        "endLine": null,
        "endColumn": null,
        "path": "scripts/demo_env_config.py",
        "symbol": "trailing-whitespace",
        "message": "Trailing whitespace",
        "message-id": "C0303"
    },
    {
        "type": "convention",
        "module": "scripts.demo_env_config",
        "obj": "",
        "line": 199,
        "column": 0,
        "endLine": null,
        "endColumn": null,
        "path": "scripts/demo_env_config.py",
        "symbol": "trailing-whitespace",
        "message": "Trailing whitespace",
        "message-id": "C0303"
    },
    {
        "type": "convention",
        "module": "scripts.demo_env_config",
        "obj": "",
        "line": 206,
        "column": 0,
        "endLine": null,
        "endColumn": null,
        "path": "scripts/demo_env_config.py",
        "symbol": "trailing-whitespace",
        "message": "Trailing whitespace",
        "message-id": "C0303"
    },
    {
        "type": "convention",
        "module": "scripts.demo_env_config",
        "obj": "",
        "line": 210,
        "column": 0,
        "endLine": null,
        "endColumn": null,
        "path": "scripts/demo_env_config.py",
        "symbol": "trailing-whitespace",
        "message": "Trailing whitespace",
        "message-id": "C0303"
    },
    {
        "type": "warning",
        "module": "scripts.demo_env_config",
        "obj": "demo_env_config",
        "line": 23,
        "column": 8,
        "endLine": 23,
        "endColumn": 73,
        "path": "scripts/demo_env_config.py",
        "symbol": "unused-import",
        "message": "Unused reload_config imported from Oraculo.core.env_config",
        "message-id": "W0611"
    },
    {
        "type": "warning",
        "module": "scripts.demo_env_config",
        "obj": "demo_env_config",
        "line": 24,
        "column": 8,
        "endLine": 24,
        "endColumn": 84,
        "path": "scripts/demo_env_config.py",
        "symbol": "unused-import",
        "message": "Unused ParallelConfig imported from Oraculo.core.parallel_engine",
        "message-id": "W0611"
    },
    {
        "type": "warning",
        "module": "scripts.fetch_results",
        "obj": "",
        "line": 4,
        "column": 0,
        "endLine": 4,
        "endColumn": 10,
        "path": "scripts/fetch_results.py",
        "symbol": "unused-import",
        "message": "Unused import sys",
        "message-id": "W0611"
    },
    {
        "type": "convention",
        "module": "scripts.generate_html",
        "obj": "",
        "line": 104,
        "column": 0,
        "endLine": null,
        "endColumn": null,
        "path": "scripts/generate_html.py",
        "symbol": "trailing-whitespace",
        "message": "Trailing whitespace",
        "message-id": "C0303"
    },
    {
        "type": "convention",
        "module": "scripts.generate_html",
        "obj": "",
        "line": 109,
        "column": 0,
        "endLine": null,
        "endColumn": null,
        "path": "scripts/generate_html.py",
        "symbol": "trailing-whitespace",
        "message": "Trailing whitespace",
        "message-id": "C0303"
    },
    {
        "type": "convention",
        "module": "scripts.generate_html",
        "obj": "",
        "line": 213,
        "column": 0,
        "endLine": null,
        "endColumn": null,
        "path": "scripts/generate_html.py",
        "symbol": "trailing-whitespace",
        "message": "Trailing whitespace",
        "message-id": "C0303"
    },
    {
        "type": "convention",
        "module": "scripts.generate_html",
        "obj": "",
        "line": 224,
        "column": 0,
        "endLine": null,
        "endColumn": null,
        "path": "scripts/generate_html.py",
        "symbol": "trailing-whitespace",
        "message": "Trailing whitespace",
        "message-id": "C0303"
    },
    {
        "type": "convention",
        "module": "scripts.generate_html",
        "obj": "",
        "line": 307,
        "column": 0,
        "endLine": null,
        "endColumn": null,
        "path": "scripts/generate_html.py",
        "symbol": "trailing-whitespace",
        "message": "Trailing whitespace",
        "message-id": "C0303"
    },
    {
        "type": "convention",
        "module": "scripts.generate_html",
        "obj": "",
        "line": 310,
        "column": 0,
        "endLine": null,
        "endColumn": null,
        "path": "scripts/generate_html.py",
        "symbol": "trailing-whitespace",
        "message": "Trailing whitespace",
        "message-id": "C0303"
    },
    {
        "type": "convention",
        "module": "scripts.generate_html",
        "obj": "",
        "line": 322,
        "column": 0,
        "endLine": null,
        "endColumn": null,
        "path": "scripts/generate_html.py",
        "symbol": "trailing-whitespace",
        "message": "Trailing whitespace",
        "message-id": "C0303"
    },
    {
        "type": "convention",
        "module": "scripts.generate_html",
        "obj": "",
        "line": 338,
        "column": 0,
        "endLine": null,
        "endColumn": null,
        "path": "scripts/generate_html.py",
        "symbol": "trailing-whitespace",
        "message": "Trailing whitespace",
        "message-id": "C0303"
    },
    {
        "type": "convention",
        "module": "scripts.generate_html",
        "obj": "",
        "line": 343,
        "column": 0,
        "endLine": null,
        "endColumn": null,
        "path": "scripts/generate_html.py",
        "symbol": "trailing-whitespace",
        "message": "Trailing whitespace",
        "message-id": "C0303"
    },
    {
        "type": "convention",
        "module": "scripts.generate_html",
        "obj": "",
        "line": 357,
        "column": 0,
        "endLine": null,
        "endColumn": null,
        "path": "scripts/generate_html.py",
        "symbol": "trailing-whitespace",
        "message": "Trailing whitespace",
        "message-id": "C0303"
    },
    {
        "type": "convention",
        "module": "scripts.generate_html",
        "obj": "",
        "line": 372,
        "column": 0,
        "endLine": null,
        "endColumn": null,
        "path": "scripts/generate_html.py",
        "symbol": "trailing-whitespace",
        "message": "Trailing whitespace",
        "message-id": "C0303"
    },
    {
        "type": "convention",
        "module": "scripts.generate_html",
        "obj": "",
        "line": 383,
        "column": 0,
        "endLine": null,
        "endColumn": null,
        "path": "scripts/generate_html.py",
        "symbol": "trailing-whitespace",
        "message": "Trailing whitespace",
        "message-id": "C0303"
    },
    {
        "type": "convention",
        "module": "scripts.generate_html",
        "obj": "",
        "line": 395,
        "column": 0,
        "endLine": null,
        "endColumn": null,
        "path": "scripts/generate_html.py",
        "symbol": "trailing-whitespace",
        "message": "Trailing whitespace",
        "message-id": "C0303"
    },
    {
        "type": "convention",
        "module": "scripts.generate_html",
        "obj": "",
        "line": 397,
        "column": 0,
        "endLine": null,
        "endColumn": null,
        "path": "scripts/generate_html.py",
        "symbol": "trailing-whitespace",
        "message": "Trailing whitespace",
        "message-id": "C0303"
    },
    {
        "type": "convention",
        "module": "scripts.quick_calibrate",
        "obj": "",
        "line": 17,
        "column": 0,
        "endLine": null,
        "endColumn": null,
        "path": "scripts/quick_calibrate.py",
        "symbol": "trailing-whitespace",
        "message": "Trailing whitespace",
        "message-id": "C0303"
    },
    {
        "type": "convention",
        "module": "scripts.quick_calibrate",
        "obj": "",
        "line": 19,
        "column": 0,
        "endLine": null,
        "endColumn": null,
        "path": "scripts/quick_calibrate.py",
        "symbol": "trailing-whitespace",
        "message": "Trailing whitespace",
        "message-id": "C0303"
    },
    {
        "type": "convention",
        "module": "scripts.quick_calibrate",
        "obj": "",
        "line": 22,
        "column": 0,
        "endLine": null,
        "endColumn": null,
        "path": "scripts/quick_calibrate.py",
        "symbol": "trailing-whitespace",
        "message": "Trailing whitespace",
        "message-id": "C0303"
    },
    {
        "type": "convention",
        "module": "scripts.quick_calibrate",
        "obj": "",
        "line": 26,
        "column": 0,
        "endLine": null,
        "endColumn": null,
        "path": "scripts/quick_calibrate.py",
        "symbol": "trailing-whitespace",
        "message": "Trailing whitespace",
        "message-id": "C0303"
    },
    {
        "type": "convention",
        "module": "scripts.quick_calibrate",
        "obj": "",
        "line": 29,
        "column": 0,
        "endLine": null,
        "endColumn": null,
        "path": "scripts/quick_calibrate.py",
        "symbol": "trailing-whitespace",
        "message": "Trailing whitespace",
        "message-id": "C0303"
    },
    {
        "type": "convention",
        "module": "scripts.quick_calibrate",
        "obj": "",
        "line": 41,
        "column": 0,
        "endLine": null,
        "endColumn": null,
        "path": "scripts/quick_calibrate.py",
        "symbol": "trailing-whitespace",
        "message": "Trailing whitespace",
        "message-id": "C0303"
    },
    {
        "type": "convention",
        "module": "scripts.quick_calibrate",
        "obj": "",
        "line": 51,
        "column": 0,
        "endLine": null,
        "endColumn": null,
        "path": "scripts/quick_calibrate.py",
        "symbol": "trailing-whitespace",
        "message": "Trailing whitespace",
        "message-id": "C0303"
    },
    {
        "type": "convention",
        "module": "scripts.quick_calibrate",
        "obj": "",
        "line": 55,
        "column": 0,
        "endLine": null,
        "endColumn": null,
        "path": "scripts/quick_calibrate.py",
        "symbol": "trailing-whitespace",
        "message": "Trailing whitespace",
        "message-id": "C0303"
    },
    {
        "type": "convention",
        "module": "scripts.quick_calibrate",
        "obj": "",
        "line": 57,
        "column": 0,
        "endLine": null,
        "endColumn": null,
        "path": "scripts/quick_calibrate.py",
        "symbol": "trailing-whitespace",
        "message": "Trailing whitespace",
        "message-id": "C0303"
    },
    {
        "type": "warning",
        "module": "scripts.quick_calibrate",
        "obj": "quick_calibrate",
        "line": 49,
        "column": 12,
        "endLine": 50,
        "endColumn": 20,
        "path": "scripts/quick_calibrate.py",
        "symbol": "bare-except",
        "message": "No exception type(s) specified",
        "message-id": "W0702"
    },
    {
        "type": "convention",
        "module": "scripts.test_fast_ci",
        "obj": "",
        "line": 11,
        "column": 0,
        "endLine": null,
        "endColumn": null,
        "path": "scripts/test_fast_ci.py",
        "symbol": "trailing-whitespace",
        "message": "Trailing whitespace",
        "message-id": "C0303"
    },
    {
        "type": "convention",
        "module": "scripts.test_fast_ci",
        "obj": "",
        "line": 13,
        "column": 0,
        "endLine": null,
        "endColumn": null,
        "path": "scripts/test_fast_ci.py",
        "symbol": "trailing-whitespace",
        "message": "Trailing whitespace",
        "message-id": "C0303"
    },
    {
        "type": "convention",
        "module": "scripts.test_fast_ci",
        "obj": "",
        "line": 16,
        "column": 0,
        "endLine": null,
        "endColumn": null,
        "path": "scripts/test_fast_ci.py",
        "symbol": "trailing-whitespace",
        "message": "Trailing whitespace",
        "message-id": "C0303"
    },
    {
        "type": "convention",
        "module": "scripts.test_fast_ci",
        "obj": "",
        "line": 30,
        "column": 0,
        "endLine": null,
        "endColumn": null,
        "path": "scripts/test_fast_ci.py",
        "symbol": "trailing-whitespace",
        "message": "Trailing whitespace",
        "message-id": "C0303"
    },
    {
        "type": "convention",
        "module": "scripts.test_fast_ci",
        "obj": "",
        "line": 36,
        "column": 0,
        "endLine": null,
        "endColumn": null,
        "path": "scripts/test_fast_ci.py",
        "symbol": "trailing-whitespace",
        "message": "Trailing whitespace",
        "message-id": "C0303"
    },
    {
        "type": "convention",
        "module": "scripts.test_fast_ci",
        "obj": "",
        "line": 41,
        "column": 0,
        "endLine": null,
        "endColumn": null,
        "path": "scripts/test_fast_ci.py",
        "symbol": "trailing-whitespace",
        "message": "Trailing whitespace",
        "message-id": "C0303"
    },
    {
        "type": "convention",
        "module": "scripts.test_fast_ci",
        "obj": "",
        "line": 55,
        "column": 0,
        "endLine": null,
        "endColumn": null,
        "path": "scripts/test_fast_ci.py",
        "symbol": "trailing-whitespace",
        "message": "Trailing whitespace",
        "message-id": "C0303"
    },
    {
        "type": "convention",
        "module": "scripts.test_fast_ci",
        "obj": "",
        "line": 61,
        "column": 0,
        "endLine": null,
        "endColumn": null,
        "path": "scripts/test_fast_ci.py",
        "symbol": "trailing-whitespace",
        "message": "Trailing whitespace",
        "message-id": "C0303"
    },
    {
        "type": "convention",
        "module": "scripts.test_fast_ci",
        "obj": "",
        "line": 66,
        "column": 0,
        "endLine": null,
        "endColumn": null,
        "path": "scripts/test_fast_ci.py",
        "symbol": "trailing-whitespace",
        "message": "Trailing whitespace",
        "message-id": "C0303"
    },
    {
        "type": "convention",
        "module": "scripts.test_parallel",
        "obj": "",
        "line": 17,
        "column": 0,
        "endLine": null,
        "endColumn": null,
        "path": "scripts/test_parallel.py",
        "symbol": "trailing-whitespace",
        "message": "Trailing whitespace",
        "message-id": "C0303"
    },
    {
        "type": "convention",
        "module": "scripts.test_parallel",
        "obj": "",
        "line": 20,
        "column": 0,
        "endLine": null,
        "endColumn": null,
        "path": "scripts/test_parallel.py",
        "symbol": "trailing-whitespace",
        "message": "Trailing whitespace",
        "message-id": "C0303"
    },
    {
        "type": "convention",
        "module": "scripts.test_parallel",
        "obj": "",
        "line": 27,
        "column": 0,
        "endLine": null,
        "endColumn": null,
        "path": "scripts/test_parallel.py",
        "symbol": "trailing-whitespace",
        "message": "Trailing whitespace",
        "message-id": "C0303"
    },
    {
        "type": "convention",
        "module": "scripts.test_parallel",
        "obj": "",
        "line": 32,
        "column": 0,
        "endLine": null,
        "endColumn": null,
        "path": "scripts/test_parallel.py",
        "symbol": "trailing-whitespace",
        "message": "Trailing whitespace",
        "message-id": "C0303"
    },
    {
        "type": "convention",
        "module": "scripts.test_parallel",
        "obj": "",
        "line": 39,
        "column": 0,
        "endLine": null,
        "endColumn": null,
        "path": "scripts/test_parallel.py",
        "symbol": "trailing-whitespace",
        "message": "Trailing whitespace",
        "message-id": "C0303"
    },
    {
        "type": "convention",
        "module": "scripts.test_parallel",
        "obj": "",
        "line": 46,
        "column": 0,
        "endLine": null,
        "endColumn": null,
        "path": "scripts/test_parallel.py",
        "symbol": "trailing-whitespace",
        "message": "Trailing whitespace",
        "message-id": "C0303"
    },
    {
        "type": "convention",
        "module": "scripts.test_parallel",
        "obj": "",
        "line": 52,
        "column": 0,
        "endLine": null,
        "endColumn": null,
        "path": "scripts/test_parallel.py",
        "symbol": "trailing-whitespace",
        "message": "Trailing whitespace",
        "message-id": "C0303"
    },
    {
        "type": "convention",
        "module": "scripts.test_parallel",
        "obj": "",
        "line": 56,
        "column": 0,
        "endLine": null,
        "endColumn": null,
        "path": "scripts/test_parallel.py",
        "symbol": "trailing-whitespace",
        "message": "Trailing whitespace",
        "message-id": "C0303"
    },
    {
        "type": "convention",
        "module": "scripts.test_parallel",
        "obj": "",
        "line": 60,
        "column": 0,
        "endLine": null,
        "endColumn": null,
        "path": "scripts/test_parallel.py",
        "symbol": "trailing-whitespace",
        "message": "Trailing whitespace",
        "message-id": "C0303"
    },
    {
        "type": "convention",
        "module": "scripts.test_parallel",
        "obj": "",
        "line": 63,
        "column": 0,
        "endLine": null,
        "endColumn": null,
        "path": "scripts/test_parallel.py",
        "symbol": "trailing-whitespace",
        "message": "Trailing whitespace",
        "message-id": "C0303"
    },
    {
        "type": "convention",
        "module": "scripts.test_parallel",
        "obj": "",
        "line": 66,
        "column": 0,
        "endLine": null,
        "endColumn": null,
        "path": "scripts/test_parallel.py",
        "symbol": "trailing-whitespace",
        "message": "Trailing whitespace",
        "message-id": "C0303"
    },
    {
        "type": "warning",
        "module": "scripts.test_parallel",
        "obj": "test_parallel_system",
        "line": 19,
        "column": 8,
        "endLine": 19,
        "endColumn": 84,
        "path": "scripts/test_parallel.py",
        "symbol": "unused-import",
        "message": "Unused ParallelConfig imported from Oraculo.core.parallel_engine",
        "message-id": "W0611"
    }
]
2025/09/30 21:19:06 Running tools for the specified file(s)...
2025/09/30 21:19:06 Running revive...
2025/09/30 21:19:06 [REVIVE] Using config file: .codacy/tools-configs/revive.toml
2025/09/30 21:19:07 [REVIVE] revive completed successfully
2025/09/30 21:19:07 Running tools for the specified file(s)...
2025/09/30 21:19:07 Running semgrep...
               
               
┌─────────────┐
│ Scan Status │
└─────────────┘
  Scanning 328 files tracked by git with 639 Code rules:
                                                                                                                        
  Language      Rules   Files          Origin   Rules                                                                   
 ─────────────────────────────        ────────────────                                                                  
  <multilang>       8     642          Custom     639                                                                   
  json              4     114                                                                                           
  python          152      48                                                                                           
  yaml             23       9                                                                                           
  bash              1       1                                                                                           
                                                                                                                        
                
                
┌──────────────┐
│ Scan Summary │
└──────────────┘
Some files were skipped or only partially analyzed.
  Scan was limited to files tracked by git.
  Partially scanned: 2 files only partially analyzed due to parsing or internal Semgrep errors
  Scan skipped: 7 files larger than 1.0 MB
  For a full list of skipped files, run semgrep with the --verbose flag.

Ran 187 rules on 321 files: 0 findings.
2025/09/30 21:20:22 Running tools for the specified file(s)...
2025/09/30 21:20:22 Running trivy...
2025-09-30T21:20:22-03:00	INFO	Loaded	file_path=".codacy/tools-configs/trivy.yaml"
2025-09-30T21:20:22-03:00	INFO	[vuln] Vulnerability scanning is enabled
2025-09-30T21:20:22-03:00	INFO	[secret] Secret scanning is enabled
2025-09-30T21:20:22-03:00	INFO	[secret] If your scanning is slow, please try '--scanners vuln' to disable secret scanning
2025-09-30T21:20:22-03:00	INFO	[secret] Please see https://trivy.dev/v0.66/docs/scanner/secret#recommendation for faster secret detection
2025-09-30T21:21:12-03:00	WARN	[secret] The size of the scanned file is too large. It is recommended to use `--skip-files` for this file to avoid high memory consumption.	file_path="index.html" size (MB)=18
2025-09-30T21:21:22-03:00	WARN	[pip] Unable to find python `site-packages` directory. License detection is skipped.	err="site-packages directory not found"
2025-09-30T21:21:22-03:00	INFO	Number of language-specific files	num=1
2025-09-30T21:21:22-03:00	INFO	[pip] Detecting vulnerabilities...

Report Summary

┌──────────────────┬──────┬─────────────────┬─────────┐
│      Target      │ Type │ Vulnerabilities │ Secrets │
├──────────────────┼──────┼─────────────────┼─────────┤
│ requirements.txt │ pip  │       12        │    -    │
└──────────────────┴──────┴─────────────────┴─────────┘
Legend:
- '-': Not scanned
- '0': Clean (no security findings detected)


requirements.txt (pip)
======================
Total: 12 (LOW: 0, MEDIUM: 12, HIGH: 0, CRITICAL: 0)

┌──────────────┬────────────────┬──────────┬────────┬───────────────────┬───────────────┬──────────────────────────────────────────────────────────────┐
│   Library    │ Vulnerability  │ Severity │ Status │ Installed Version │ Fixed Version │                            Title                             │
├──────────────┼────────────────┼──────────┼────────┼───────────────────┼───────────────┼──────────────────────────────────────────────────────────────┤
│ jinja2       │ CVE-2024-22195 │ MEDIUM   │ fixed  │ 3.0.0             │ 3.1.3         │ jinja2: HTML attribute injection when passing user input as  │
│              │                │          │        │                   │               │ keys to xmlattr...                                           │
│              │                │          │        │                   │               │ https://avd.aquasec.com/nvd/cve-2024-22195                   │
│              ├────────────────┤          │        │                   ├───────────────┼──────────────────────────────────────────────────────────────┤
│              │ CVE-2024-34064 │          │        │                   │ 3.1.4         │ jinja2: accepts keys containing non-attribute characters     │
│              │                │          │        │                   │               │ https://avd.aquasec.com/nvd/cve-2024-34064                   │
│              ├────────────────┤          │        │                   ├───────────────┼──────────────────────────────────────────────────────────────┤
│              │ CVE-2024-56201 │          │        │                   │ 3.1.5         │ jinja2: Jinja has a sandbox breakout through malicious       │
│              │                │          │        │                   │               │ filenames                                                    │
│              │                │          │        │                   │               │ https://avd.aquasec.com/nvd/cve-2024-56201                   │
│              ├────────────────┤          │        │                   │               ├──────────────────────────────────────────────────────────────┤
│              │ CVE-2024-56326 │          │        │                   │               │ jinja2: Jinja has a sandbox breakout through indirect        │
│              │                │          │        │                   │               │ reference to format method...                                │
│              │                │          │        │                   │               │ https://avd.aquasec.com/nvd/cve-2024-56326                   │
│              ├────────────────┤          │        │                   ├───────────────┼──────────────────────────────────────────────────────────────┤
│              │ CVE-2025-27516 │          │        │                   │ 3.1.6         │ jinja2: Jinja sandbox breakout through attr filter selecting │
│              │                │          │        │                   │               │ format method                                                │
│              │                │          │        │                   │               │ https://avd.aquasec.com/nvd/cve-2025-27516                   │
├──────────────┼────────────────┤          │        ├───────────────────┼───────────────┼──────────────────────────────────────────────────────────────┤
│ lxml         │ CVE-2022-2309  │          │        │ 4.9.0             │ 4.9.1         │ lxml: NULL Pointer Dereference in lxml                       │
│              │                │          │        │                   │               │ https://avd.aquasec.com/nvd/cve-2022-2309                    │
├──────────────┼────────────────┤          │        ├───────────────────┼───────────────┼──────────────────────────────────────────────────────────────┤
│ numpy        │ CVE-2021-33430 │          │        │ 1.20.0            │ 1.21          │ numpy: buffer overflow in the PyArray_NewFromDescr_int() in  │
│              │                │          │        │                   │               │ ctors.c                                                      │
│              │                │          │        │                   │               │ https://avd.aquasec.com/nvd/cve-2021-33430                   │
│              ├────────────────┤          │        │                   ├───────────────┼──────────────────────────────────────────────────────────────┤
│              │ CVE-2021-34141 │          │        │                   │ 1.22          │ numpy: incomplete string comparison in the numpy.core        │
│              │                │          │        │                   │               │ component                                                    │
│              │                │          │        │                   │               │ https://avd.aquasec.com/nvd/cve-2021-34141                   │
├──────────────┼────────────────┤          │        ├───────────────────┼───────────────┼──────────────────────────────────────────────────────────────┤
│ requests     │ CVE-2023-32681 │          │        │ 2.28.0            │ 2.31.0        │ python-requests: Unintended leak of Proxy-Authorization      │
│              │                │          │        │                   │               │ header                                                       │
│              │                │          │        │                   │               │ https://avd.aquasec.com/nvd/cve-2023-32681                   │
│              ├────────────────┤          │        │                   ├───────────────┼──────────────────────────────────────────────────────────────┤
│              │ CVE-2024-35195 │          │        │                   │ 2.32.0        │ requests: subsequent requests to the same host ignore cert   │
│              │                │          │        │                   │               │ verification                                                 │
│              │                │          │        │                   │               │ https://avd.aquasec.com/nvd/cve-2024-35195                   │
│              ├────────────────┤          │        │                   ├───────────────┼──────────────────────────────────────────────────────────────┤
│              │ CVE-2024-47081 │          │        │                   │ 2.32.4        │ requests: Requests vulnerable to .netrc credentials leak via │
│              │                │          │        │                   │               │ malicious URLs                                               │
│              │                │          │        │                   │               │ https://avd.aquasec.com/nvd/cve-2024-47081                   │
├──────────────┼────────────────┤          │        ├───────────────────┼───────────────┼──────────────────────────────────────────────────────────────┤
│ scikit-learn │ CVE-2024-5206  │          │        │ 1.1.0             │ 1.5.0         │ scikit-learn: Possible sensitive data leak                   │
│              │                │          │        │                   │               │ https://avd.aquasec.com/nvd/cve-2024-5206                    │
└──────────────┴────────────────┴──────────┴────────┴───────────────────┴───────────────┴──────────────────────────────────────────────────────────────┘

📣 [34mNotices:[0m
  - Version 0.67.0 of Trivy is now available, current version is 0.66.0

To suppress version checks, run Trivy scans with the --skip-version-check flag

2025/09/30 21:21:22 Running tools for the specified file(s)...
2025/09/30 21:21:22 Running dartanalyzer...
2025/09/30 21:21:22 No config file found, using tool defaults
2025/09/30 21:21:30 Running tools for the specified file(s)...
2025/09/30 21:21:30 Running eslint...
