Concurso,Data Sorteio,Coluna 1,Coluna 2,Coluna 3,Coluna 4,Coluna 5,Coluna 6,Coluna 7,Ganhadores 7 acertos ,Cidade / UF,Rateio 7 acertos,Ganhadores 6 acertos,Rateio 6 acertos,Ganhadores 5 acertos,Rateio 5 acertos,Ganhadores 4 acertos,Rateio 4 acertos,Ganhadores 3 acertos,Rateio 3 acertos,Acumulado 7 acertos,Arrecadação Total,Estimativa Prêmio,Observação
1,02/10/2020,2,9,9,8,7,7,6,0.0,,"R$0,00",12.0,"R$16.916,44",272.0,"R$1.066,16",4330.0,"R$66,97",41129.0,"R$5,00","R$744.334,69","R$4.934.145,00","R$1.100.000,00","Os valores apresentados no link Locais da Sorte do Super Sete correspondem aos prêmios brutos, sem o desconto do imposto de renda sobre prêmios."
2,05/10/2020,8,8,1,5,6,7,7,0.0,,"R$0,00",4.0,"R$22.234,57",157.0,"R$809,26",2308.0,"R$55,04",21215.0,"R$5,00","R$1.070.457,92","R$2.198.630,00","R$1.400.000,00","Os valores apresentados no link Locais da Sorte do Super Sete correspondem aos prêmios brutos, sem o desconto do imposto de renda sobre prêmios."
3,07/10/2020,7,2,6,6,5,4,4,1.0,SALVADOR/BA,"R$1.430.638,83",5.0,"R$19.645,81",227.0,"R$618,18",2642.0,"R$53,11",23324.0,"R$5,00","R$0,00","R$2.427.070,00","R$300.000,00","Os valores apresentados no link Locais da Sorte do Super Sete correspondem aos prêmios brutos, sem o desconto do imposto de renda sobre prêmios."
4,09/10/2020,5,7,8,1,8,2,5,0.0,,"R$0,00",2.0,"R$45.610,79",139.0,"R$937,52",2031.0,"R$64,16",18493.0,"R$5,00","R$334.485,24","R$2.217.397,50","R$700.000,00","Os valores apresentados no link Locais da Sorte do Super Sete correspondem aos prêmios brutos, sem o desconto do imposto de renda sobre prêmios."
5,14/10/2020,6,4,0,1,0,6,9,0.0,,"R$0,00",7.0,"R$16.107,14",132.0,"R$1.220,23",2288.0,"R$70,39",22005.0,"R$5,00","R$747.915,95","R$2.730.875,00","R$1.200.000,00","Os valores apresentados no link Locais da Sorte do Super Sete correspondem aos prêmios brutos, sem o desconto do imposto de renda sobre prêmios."
6,16/10/2020,5,7,3,3,4,1,1,0.0,,"R$0,00",6.0,"R$15.270,32",181.0,"R$723,14",2303.0,"R$56,83",20941.0,"R$5,00","R$1.083.869,13","R$2.254.427,50","R$1.500.000,00","Os valores apresentados no link Locais da Sorte do Super Sete correspondem aos prêmios brutos, sem o desconto do imposto de renda sobre prêmios."
7,19/10/2020,0,7,7,6,4,4,9,0.0,,"R$0,00",10.0,"R$8.448,44",164.0,"R$735,92",2254.0,"R$53,54",21719.0,"R$5,00","R$1.393.655,45","R$2.106.595,00","R$1.750.000,00",
8,21/10/2020,7,0,9,2,0,2,5,0.0,,"R$0,00",2.0,"R$45.499,32",99.0,"R$1.313,11",1661.0,"R$78,26",16179.0,"R$5,00","R$1.727.322,94","R$2.185.810,00","R$2.100.000,00",
9,23/10/2020,8,6,2,0,2,6,7,0.0,,"R$0,00",5.0,"R$19.528,27",132.0,"R$1.056,72",2151.0,"R$64,84",19665.0,"R$5,00","R$2.085.353,34","R$2.371.955,00","R$2.500.000,00",
10,26/10/2020,8,9,9,2,9,6,5,0.0,,"R$0,00",1.0,"R$91.701,37",88.0,"R$1.488,65",1722.0,"R$76,07",18476.0,"R$5,00","R$2.421.598,82","R$2.227.742,50","R$2.800.000,00",
11,28/10/2020,6,0,7,5,6,0,9,0.0,,"R$0,00",3.0,"R$29.954,24",102.0,"R$1.258,58",2036.0,"R$63,05",19284.0,"R$5,00","R$2.751.099,40","R$2.196.667,50","R$3.200.000,00",
12,30/10/2020,3,0,3,2,8,9,0,0.0,,"R$0,00",1.0,"R$95.986,67",159.0,"R$862,41",2167.0,"R$63,27",20672.0,"R$5,00","R$3.103.063,39","R$2.347.217,50","R$3.600.000,00",
13,04/11/2020,3,9,9,7,4,6,0,0.0,,"R$0,00",8.0,"R$15.250,25",222.0,"R$785,08",2987.0,"R$58,34",28292.0,"R$5,00","R$3.550.423,55","R$3.006.652,50","R$4.000.000,00",
14,06/11/2020,7,4,0,9,4,7,4,0.0,,"R$0,00",4.0,"R$25.581,46",120.0,"R$1.218,16",2096.0,"R$69,74",20458.0,"R$5,00","R$3.925.621,89","R$2.484.017,50","R$4.400.000,00",
15,09/11/2020,3,6,8,1,7,9,9,0.0,,"R$0,00",7.0,"R$14.579,70",237.0,"R$615,17",2938.0,"R$49,62",24803.0,"R$5,00","R$4.299.845,01","R$2.528.247,50","R$4.800.000,00",
16,11/11/2020,5,7,2,6,9,4,4,0.0,,"R$0,00",11.0,"R$9.573,66",183.0,"R$822,09",2724.0,"R$55,22",24580.0,"R$5,00","R$4.685.999,92","R$2.597.127,50","R$5.100.000,00",
17,13/11/2020,3,8,2,3,5,8,6,0.0,,"R$0,00",4.0,"R$28.531,96",211.0,"R$772,70",2883.0,"R$56,55",26444.0,"R$5,00","R$5.104.472,85","R$2.812.345,00","R$5.500.000,00",
18,16/11/2020,3,8,2,4,8,6,8,0.0,,"R$0,00",7.0,"R$14.500,67",228.0,"R$635,99",2762.0,"R$52,50",25160.0,"R$5,00","R$5.476.658,44","R$2.520.210,00","R$6.000.000,00",
19,18/11/2020,0,0,0,1,4,3,3,1.0,MINACU/GO,"R$5.847.953,50",4.0,"R$25.315,32",172.0,"R$841,04",2326.0,"R$62,19",21812.0,"R$5,00","R$0,00","R$2.476.247,50","R$350.000,00",
20,20/11/2020,4,9,3,9,8,1,3,0.0,,"R$0,00",0.0,"R$0,00",60.0,"R$1.326,21",989.0,"R$80,45",10053.0,"R$5,00","R$259.942,53","R$1.339.675,00","R$500.000,00",
21,23/11/2020,7,8,7,9,9,8,8,0.0,,"R$0,00",4.0,"R$13.487,65",100.0,"R$770,72",1316.0,"R$58,56",11435.0,"R$5,00","R$457.766,54","R$1.317.162,50","R$800.000,00",
22,25/11/2020,8,2,1,1,8,9,4,0.0,,"R$0,00",2.0,"R$28.744,71",73.0,"R$1.125,03",1148.0,"R$71,53",11825.0,"R$5,00","R$668.569,30","R$1.399.407,50","R$900.000,00",
23,27/11/2020,0,7,5,5,4,7,0,0.0,,"R$0,00",1.0,"R$58.185,40",89.0,"R$933,95",1559.0,"R$53,31",15123.0,"R$5,00","R$881.924,31","R$1.452.737,50","R$1.200.000,00",
24,30/11/2020,6,9,5,9,2,1,5,0.0,,"R$0,00",2.0,"R$30.251,81",67.0,"R$1.290,05",1164.0,"R$74,25",11642.0,"R$5,00","R$1.103.775,84","R$1.463.517,50","R$1.500.000,00",
25,02/12/2020,8,4,8,9,5,0,8,0.0,,"R$0,00",2.0,"R$30.991,80",63.0,"R$1.405,52",1221.0,"R$72,52",12022.0,"R$5,00","R$1.331.049,91","R$1.500.415,00","R$1.600.000,00",
26,04/12/2020,9,5,2,1,5,9,0,0.0,,"R$0,00",2.0,"R$31.929,23",82.0,"R$1.112,51",1387.0,"R$65,77",13751.0,"R$5,00","R$1.565.200,38","R$1.561.547,50","R$1.800.000,00",
27,07/12/2020,7,9,8,6,1,1,6,0.0,,"R$0,00",2.0,"R$30.541,31",77.0,"R$1.133,25",1178.0,"R$74,07",11495.0,"R$5,00","R$1.789.174,90","R$1.474.542,50","R$2.000.000,00",
28,09/12/2020,3,3,4,6,9,6,3,0.0,,"R$0,00",4.0,"R$14.858,76",86.0,"R$987,29",1587.0,"R$53,50",14420.0,"R$5,00","R$2.007.105,31","R$1.472.082,50","R$2.300.000,00",
29,11/12/2020,5,0,7,2,9,9,0,1.0,SANTA BARBARA D'OESTE/SP,"R$2.245.237,82",8.0,"R$8.117,97",108.0,"R$859,04",1801.0,"R$51,51",14862.0,"R$5,00","R$0,00","R$1.598.205,00","R$250.000,00",
30,14/12/2020,2,1,1,6,8,6,7,0.0,,"R$0,00",5.0,"R$8.922,31",85.0,"R$749,77",1164.0,"R$54,75",11089.0,"R$5,00","R$163.577,20","R$1.107.997,50","R$400.000,00",
31,16/12/2020,4,1,5,5,3,5,6,0.0,,"R$0,00",4.0,"R$10.696,54",68.0,"R$898,86",1033.0,"R$59,17",10164.0,"R$5,00","R$320.460,43","R$1.057.225,00","R$500.000,00",
32,18/12/2020,6,2,9,0,9,7,8,1.0,BAMBUI/MG,"R$477.339,24",0.0,"R$0,00",60.0,"R$1.018,68",938.0,"R$65,16",8975.0,"R$5,00","R$42.784,84","R$1.043.482,50","R$200.000,00",
33,21/12/2020,1,8,3,6,2,2,2,0.0,,"R$0,00",2.0,"R$19.133,08",71.0,"R$769,94",1046.0,"R$52,26",9189.0,"R$5,00","R$183.095,67","R$946.677,50","R$400.000,00",
34,23/12/2020,4,1,0,5,2,3,6,0.0,,"R$0,00",3.0,"R$13.258,28",68.0,"R$835,60",1056.0,"R$53,80",8363.0,"R$5,00","R$328.942,85","R$970.295,00","R$450.000,00",
35,26/12/2020,4,4,7,6,0,4,2,0.0,,"R$0,00",2.0,"R$14.981,64",41.0,"R$1.044,01",623.0,"R$68,70",6230.0,"R$5,00","R$438.811,64","R$730.137,50","R$500.000,00",
36,28/12/2020,9,5,1,6,0,8,1,0.0,,"R$0,00",4.0,"R$7.120,45",33.0,"R$1.232,97",556.0,"R$73,18",5433.0,"R$5,00","R$543.245,29","R$688.397,50","R$700.000,00",
37,30/12/2020,0,7,8,3,6,2,4,0.0,,"R$0,00",3.0,"R$12.352,75",46.0,"R$1.150,87",794.0,"R$66,67",7820.0,"R$5,00","R$679.128,86","R$904.350,00","R$800.000,00",
38,04/01/2021,9,2,2,6,2,5,5,0.0,,"R$0,00",0.0,"R$0,00",53.0,"R$1.103,68",890.0,"R$65,72",9075.0,"R$5,00","R$870.215,93","R$1.004.250,00","R$1.000.000,00",
39,06/01/2021,9,1,2,7,6,8,5,0.0,,"R$0,00",2.0,"R$21.311,67",48.0,"R$1.268,55",965.0,"R$63,09",9559.0,"R$5,00","R$1.026.507,54","R$1.046.670,00","R$1.200.000,00",
40,08/01/2021,1,1,9,0,4,4,4,1.0,DIADEMA/SP,"R$1.186.424,47",10.0,"R$4.361,21",96.0,"R$648,99",1116.0,"R$55,82",9610.0,"R$5,00","R$0,00","R$1.068.982,50","R$200.000,00",
41,11/01/2021,3,3,7,5,0,2,1,1.0,EUNAPOLIS/BA,"R$124.747,77",3.0,"R$11.340,54",55.0,"R$883,67",883.0,"R$55,04",7721.0,"R$5,00","R$0,00","R$836.495,00","R$200.000,00",
42,13/01/2021,5,8,4,3,5,1,7,0.0,,"R$0,00",1.0,"R$33.215,21",59.0,"R$804,24",713.0,"R$66,55",7305.0,"R$5,00","R$121.789,32","R$813.980,00","R$250.000,00",
43,15/01/2021,8,1,4,4,6,4,7,0.0,,"R$0,00",2.0,"R$17.442,47",51.0,"R$977,16",879.0,"R$56,69",7795.0,"R$5,00","R$249.704,70","R$856.315,00","R$350.000,00",
44,18/01/2021,3,5,9,8,2,5,3,1.0,IJUI/RS,"R$377.245,52",4.0,"R$8.695,70",54.0,"R$920,17",823.0,"R$60,37",7296.0,"R$5,00","R$0,00","R$848.315,00","R$150.000,00",
45,20/01/2021,1,7,1,7,9,4,7,0.0,,"R$0,00",2.0,"R$13.895,16",58.0,"R$684,49",834.0,"R$47,60",7794.0,"R$5,00","R$101.899,28","R$700.437,50","R$300.000,00",
46,22/01/2021,9,3,7,3,6,5,2,0.0,,"R$0,00",1.0,"R$32.270,39",47.0,"R$980,86",856.0,"R$53,85",7181.0,"R$5,00","R$220.227,61","R$791.792,50","R$350.000,00",
47,25/01/2021,7,9,8,0,0,8,1,0.0,,"R$0,00",1.0,"R$31.183,48",44.0,"R$1.012,45",591.0,"R$75,37",5743.0,"R$5,00","R$334.569,93","R$751.327,50","R$450.000,00",
48,27/01/2021,4,0,3,0,7,9,1,0.0,,"R$0,00",2.0,"R$16.104,86",42.0,"R$1.095,56",676.0,"R$68,06",6531.0,"R$5,00","R$452.676,23","R$782.962,50","R$500.000,00",
49,29/01/2021,4,0,3,8,8,0,4,0.0,,"R$0,00",1.0,"R$32.706,05",42.0,"R$1.112,45",579.0,"R$80,69",6116.0,"R$5,00","R$572.600,82","R$789.080,00","R$700.000,00",
50,01/02/2021,0,4,5,8,6,0,6,0.0,,"R$0,00",1.0,"R$35.460,83",31.0,"R$1.634,13",786.0,"R$64,45",7502.0,"R$5,00","R$702.624,51","R$865.587,50","R$800.000,00",
51,03/02/2021,5,4,1,3,4,2,8,0.0,,"R$0,00",2.0,"R$17.229,94",55.0,"R$895,06",743.0,"R$66,25",7605.0,"R$5,00","R$828.980,72","R$844.785,00","R$950.000,00",
52,05/02/2021,5,1,3,9,8,0,0,0.0,,"R$0,00",2.0,"R$19.020,00",52.0,"R$1.045,05",916.0,"R$59,32",8191.0,"R$5,00","R$968.464,85","R$930.197,50","R$1.100.000,00",
53,08/02/2021,9,1,2,9,7,4,9,0.0,,"R$0,00",3.0,"R$13.487,25",49.0,"R$1.179,64",986.0,"R$58,62",9542.0,"R$5,00","R$1.116.826,94","R$998.985,00","R$1.250.000,00",
54,10/02/2021,2,0,2,1,3,8,2,0.0,,"R$0,00",0.0,"R$0,00",83.0,"R$705,39",1120.0,"R$52,27",9763.0,"R$5,00","R$1.308.087,69","R$1.012.997,50","R$1.500.000,00",
55,12/02/2021,5,2,3,9,3,8,4,0.0,,"R$0,00",2.0,"R$20.924,27",55.0,"R$1.086,97",949.0,"R$62,99",9107.0,"R$5,00","R$1.461.536,85","R$1.024.435,00","R$1.600.000,00",
56,17/02/2021,6,8,7,5,1,7,3,0.0,,"R$0,00",3.0,"R$14.988,63",73.0,"R$879,95",1081.0,"R$59,42",10061.0,"R$5,00","R$1.626.414,96","R$1.103.925,00","R$1.800.000,00",
57,19/02/2021,1,9,5,5,9,4,9,0.0,,"R$0,00",1.0,"R$38.661,85",68.0,"R$812,22",1164.0,"R$47,44",10701.0,"R$5,00","R$1.768.183,02","R$972.810,00","R$1.900.000,00",
58,22/02/2021,4,0,3,9,5,2,3,0.0,,"R$0,00",0.0,"R$0,00",78.0,"R$753,58",998.0,"R$58,89",8503.0,"R$5,00","R$1.960.200,97","R$1.002.025,00","R$2.100.000,00",
59,24/02/2021,2,8,9,2,3,4,9,0.0,,"R$0,00",4.0,"R$9.790,62",59.0,"R$948,24",890.0,"R$62,86",8619.0,"R$5,00","R$2.103.797,69","R$959.795,00","R$2.250.000,00",
60,26/02/2021,1,2,1,6,6,9,5,0.0,,"R$0,00",1.0,"R$39.165,80",86.0,"R$650,59",1151.0,"R$48,61",10278.0,"R$5,00","R$2.247.406,61","R$979.002,50","R$2.400.000,00",
61,01/03/2021,8,7,5,2,3,3,9,0.0,,"R$0,00",2.0,"R$20.485,64",63.0,"R$929,05",1057.0,"R$55,37",9523.0,"R$5,00","R$2.397.637,84","R$1.009.960,00","R$2.550.000,00",
62,03/03/2021,3,3,3,0,4,7,8,0.0,,"R$0,00",4.0,"R$10.626,32",79.0,"R$768,63",1428.0,"R$42,52",10681.0,"R$5,00","R$2.553.492,81","R$1.057.017,50","R$2.700.000,00",
63,05/03/2021,2,6,8,7,1,5,4,0.0,,"R$0,00",6.0,"R$8.177,61",70.0,"R$1.001,34",1262.0,"R$55,54",11038.0,"R$5,00","R$2.733.402,11","R$1.205.265,00","R$2.850.000,00",
64,08/03/2021,6,1,3,5,1,9,4,0.0,,"R$0,00",1.0,"R$44.331,41",64.0,"R$989,54",1083.0,"R$58,47",9785.0,"R$5,00","R$2.895.955,92","R$1.086.802,50","R$3.000.000,00",
65,10/03/2021,9,3,3,7,2,3,6,0.0,,"R$0,00",6.0,"R$7.327,71",88.0,"R$713,73",1182.0,"R$53,13",9801.0,"R$5,00","R$3.057.172,58","R$1.078.965,00","R$3.200.000,00",
66,12/03/2021,8,6,8,9,9,5,0,0.0,,"R$0,00",1.0,"R$46.327,60",56.0,"R$1.181,82",1055.0,"R$62,73",9154.0,"R$5,00","R$3.227.042,20","R$1.123.380,00","R$3.400.000,00",
67,15/03/2021,3,3,7,1,3,2,1,0.0,,"R$0,00",6.0,"R$7.415,52",125.0,"R$508,49",1144.0,"R$55,56",11074.0,"R$5,00","R$3.390.184,56","R$1.105.222,50","R$3.500.000,00",
68,17/03/2021,4,2,6,5,8,4,5,0.0,,"R$0,00",4.0,"R$10.594,74",63.0,"R$960,97",985.0,"R$61,46",9084.0,"R$5,00","R$3.545.576,53","R$1.035.822,50","R$3.700.000,00",
69,19/03/2021,0,1,0,5,5,3,6,0.0,,"R$0,00",2.0,"R$23.748,13",117.0,"R$579,92",1292.0,"R$52,51",11980.0,"R$5,00","R$3.719.736,48","R$1.181.650,00","R$3.900.000,00",
70,22/03/2021,8,5,1,8,4,6,4,0.0,,"R$0,00",1.0,"R$49.967,01",74.0,"R$964,61",1052.0,"R$67,85",10338.0,"R$5,00","R$3.902.951,31","R$1.216.992,50","R$4.000.000,00",
71,24/03/2021,1,2,4,6,7,1,6,0.0,,"R$0,00",3.0,"R$17.100,47",119.0,"R$615,86",1428.0,"R$51,32",12731.0,"R$5,00","R$4.091.058,78","R$1.273.910,00","R$4.200.000,00",
72,26/03/2021,1,4,1,5,8,2,5,0.0,,"R$0,00",3.0,"R$17.303,55",109.0,"R$680,34",1488.0,"R$49,83",13398.0,"R$5,00","R$4.281.406,23","R$1.294.987,50","R$4.400.000,00",
73,29/03/2021,4,6,2,2,5,7,0,0.0,,"R$0,00",5.0,"R$9.811,35",94.0,"R$745,54",1230.0,"R$56,97",11153.0,"R$5,00","R$4.461.286,86","R$1.206.395,00","R$4.500.000,00",
74,31/03/2021,4,2,2,4,8,8,4,0.0,,"R$0,00",4.0,"R$12.670,28",98.0,"R$738,79",1206.0,"R$60,03",11755.0,"R$5,00","R$4.647.121,57","R$1.249.025,00","R$4.800.000,00",
75,05/04/2021,3,8,6,9,2,8,8,0.0,,"R$0,00",2.0,"R$34.931,61",91.0,"R$1.096,75",1680.0,"R$59,40",14941.0,"R$5,00","R$4.903.295,80","R$1.707.195,00","R$5.100.000,00",
76,07/04/2021,1,2,3,7,1,9,7,0.0,,"R$0,00",3.0,"R$21.186,66",151.0,"R$601,32",2890.0,"R$31,41",18065.0,"R$5,00","R$5.136.367,01","R$1.604.747,50","R$5.300.000,00",
77,09/04/2021,4,9,5,8,4,4,7,0.0,,"R$0,00",2.0,"R$34.506,79",96.0,"R$1.026,98",1631.0,"R$60,44",15214.0,"R$5,00","R$5.389.426,56","R$1.691.677,50","R$5.600.000,00",
78,12/04/2021,9,2,3,6,7,7,4,0.0,,"R$0,00",3.0,"R$21.514,85",93.0,"R$991,46",1802.0,"R$51,16",16259.0,"R$5,00","R$5.626.101,65","R$1.605.547,50","R$5.800.000,00",
79,14/04/2021,6,2,3,3,2,9,0,0.0,,"R$0,00",5.0,"R$12.788,34",103.0,"R$886,84",1853.0,"R$49,29",15152.0,"R$5,00","R$5.860.562,65","R$1.579.535,00","R$6.000.000,00",
80,16/04/2021,9,6,9,4,5,9,0,0.0,,"R$0,00",3.0,"R$23.718,58",88.0,"R$1.155,12",1558.0,"R$65,24",14854.0,"R$5,00","R$6.121.472,36","R$1.734.587,50","R$6.300.000,00",
81,19/04/2021,2,9,5,7,5,5,9,0.0,,"R$0,00",4.0,"R$17.308,86",118.0,"R$838,20",1925.0,"R$51,38",17796.0,"R$5,00","R$6.375.336,65","R$1.726.332,50","R$6.600.000,00",
82,23/04/2021,5,9,3,3,6,6,7,0.0,,"R$0,00",4.0,"R$30.142,47",219.0,"R$786,49",3166.0,"R$54,40",30359.0,"R$5,00","R$6.817.435,76","R$2.999.030,00","R$7.000.000,00",
83,26/04/2021,4,9,5,0,4,8,7,0.0,,"R$0,00",4.0,"R$22.580,07",247.0,"R$522,38",2084.0,"R$61,91",19199.0,"R$5,00","R$7.148.616,98","R$2.205.740,00","R$7.400.000,00",
84,28/04/2021,3,8,6,3,1,5,2,0.0,,"R$0,00",7.0,"R$12.589,88",174.0,"R$723,55",2181.0,"R$57,72",19536.0,"R$5,00","R$7.471.765,75","R$2.161.487,50","R$7.700.000,00",
85,30/04/2021,6,2,4,8,5,0,7,1.0,CAUCAIA/CE,"R$7.786.502,83",5.0,"R$17.166,97",134.0,"R$915,08",2226.0,"R$55,08",20323.0,"R$5,00","R$0,00","R$2.120.160,00","R$150.000,00",
86,03/05/2021,1,2,2,6,6,9,5,0.0,,"R$0,00",30.0,"R$1.304,60",85.0,"R$460,44",976.0,"R$40,10",7876.0,"R$5,00","R$100.455,34","R$692.735,00","R$200.000,00",
87,05/05/2021,1,0,9,8,1,2,5,0.0,,"R$0,00",0.0,"R$0,00",30.0,"R$1.431,41",679.0,"R$63,24",6208.0,"R$5,00","R$240.735,16","R$732.000,00","R$400.000,00",
88,07/05/2021,1,0,8,9,4,9,6,0.0,,"R$0,00",4.0,"R$7.840,74",33.0,"R$1.357,70",709.0,"R$63,19",6717.0,"R$5,00","R$355.734,59","R$766.505,00","R$500.000,00",
89,10/05/2021,2,6,6,2,1,4,3,0.0,,"R$0,00",1.0,"R$30.900,40",48.0,"R$919,65",776.0,"R$56,88",6963.0,"R$5,00","R$469.039,41","R$759.180,00","R$600.000,00",
90,12/05/2021,4,0,1,1,2,7,4,0.0,,"R$0,00",1.0,"R$29.642,02",53.0,"R$798,97",714.0,"R$59,30",6677.0,"R$5,00","R$577.730,88","R$728.235,00","R$700.000,00",
91,14/05/2021,0,4,9,5,1,7,9,0.0,,"R$0,00",4.0,"R$7.652,31",70.0,"R$624,67",826.0,"R$52,93",7665.0,"R$5,00","R$689.970,25","R$760.880,00","R$800.000,00",
92,17/05/2021,3,2,6,7,4,1,5,0.0,,"R$0,00",3.0,"R$10.515,31",69.0,"R$653,12",952.0,"R$47,33",7369.0,"R$5,00","R$805.644,17","R$778.045,00","R$900.000,00","As Loterias CAIXA informam que o sorteio do concurso nº 93 do Super Sete previsto para às 15h de hoje (19/05) será realizado às 20h, com transmissão ao vivo nos perfis da CAIXA no YouTube e Facebook."
93,19/05/2021,9,4,6,0,3,7,8,0.0,,"R$0,00",2.0,"R$15.063,56",46.0,"R$935,62",672.0,"R$64,04",6170.0,"R$5,00","R$916.113,17","R$733.045,00","R$1.100.000,00",
94,21/05/2021,1,9,7,6,0,1,0,0.0,,"R$0,00",0.0,"R$0,00",60.0,"R$753,02",908.0,"R$49,75",7702.0,"R$5,00","R$1.063.712,13","R$783.667,50","R$1.200.000,00",
95,24/05/2021,1,6,6,2,5,1,7,0.0,,"R$0,00",1.0,"R$31.911,37",77.0,"R$592,04",916.0,"R$49,76",8814.0,"R$5,00","R$1.180.726,15","R$802.740,00","R$1.300.000,00",
96,26/05/2021,8,1,5,8,8,6,8,0.0,,"R$0,00",1.0,"R$30.682,46",37.0,"R$1.184,65",759.0,"R$57,74",6023.0,"R$5,00","R$1.293.233,74","R$743.550,00","R$1.500.000,00",
97,28/05/2021,8,2,5,0,5,0,2,0.0,,"R$0,00",5.0,"R$6.412,98",77.0,"R$594,89",727.0,"R$63,00",6209.0,"R$5,00","R$1.410.809,75","R$776.067,50","R$1.600.000,00",
98,31/05/2021,4,1,7,7,4,3,3,0.0,,"R$0,00",0.0,"R$0,00",59.0,"R$806,93",757.0,"R$62,89",7166.0,"R$5,00","R$1.566.334,26","R$814.820,00","R$1.700.000,00",
99,02/06/2021,8,5,2,2,5,4,2,0.0,,"R$0,00",1.0,"R$36.948,85",56.0,"R$942,57",884.0,"R$59,71",8383.0,"R$5,00","R$1.701.813,75","R$908.440,00","R$1.900.000,00",
100,04/06/2021,7,5,8,3,8,4,0,0.0,,"R$0,00",1.0,"R$33.349,82",54.0,"R$882,27",801.0,"R$59,47",6549.0,"R$5,00","R$1.824.101,40","R$808.217,50","R$2.000.000,00",
101,07/06/2021,8,5,1,4,7,3,7,0.0,,"R$0,00",1.0,"R$39.349,02",59.0,"R$952,76",909.0,"R$61,84",8930.0,"R$5,00","R$1.968.381,41","R$967.480,00","R$2.200.000,00",
102,09/06/2021,8,7,1,9,9,4,1,0.0,,"R$0,00",0.0,"R$0,00",71.0,"R$736,40",954.0,"R$54,80",7914.0,"R$5,00","R$2.139.181,84","R$895.350,00","R$2.300.000,00",
103,11/06/2021,7,2,2,5,9,5,8,0.0,,"R$0,00",1.0,"R$37.192,85",70.0,"R$759,03",943.0,"R$56,34",9005.0,"R$5,00","R$2.275.558,85","R$920.975,00","R$2.400.000,00",
104,14/06/2021,8,1,0,8,1,9,2,0.0,,"R$0,00",4.0,"R$9.562,56",70.0,"R$780,61",969.0,"R$56,39",8130.0,"R$5,00","R$2.415.810,84","R$934.112,50","R$2.600.000,00","As Loterias CAIXA informam que o sorteio do concurso nº 105 do Super Sete, previsto para às 15h de hoje (16/06), ainda não foi realizado devido a problemas operacionais, mas será transmitido ao vivo nos perfis da CAIXA no YouTube e Facebook. Acompanhe!"
105,16/06/2021,1,3,6,8,3,6,7,0.0,,"R$0,00",5.0,"R$7.933,62",65.0,"R$871,82",1147.0,"R$49,40",10953.0,"R$5,00","R$2.561.265,45","R$997.822,50","R$2.700.000,00",
106,18/06/2021,4,0,1,9,6,7,9,0.0,,"R$0,00",1.0,"R$42.386,54",58.0,"R$1.044,00",1062.0,"R$57,01",9844.0,"R$5,00","R$2.716.688,19","R$1.044.755,00","R$2.900.000,00",
107,21/06/2021,3,9,8,8,5,5,4,0.0,,"R$0,00",2.0,"R$22.677,20",58.0,"R$1.117,10",1045.0,"R$62,00",9751.0,"R$5,00","R$2.882.989,19","R$1.108.885,00","R$3.100.000,00",
108,23/06/2021,0,5,5,6,9,9,6,0.0,,"R$0,00",3.0,"R$14.522,86",53.0,"R$1.174,35",1002.0,"R$62,11",9750.0,"R$5,00","R$3.042.745,54","R$1.069.640,00","R$3.200.000,00",
109,25/06/2021,0,1,8,1,6,4,0,1.0,GOIANIA/GO,"R$3.195.629,79",10.0,"R$4.169,55",89.0,"R$669,26",986.0,"R$60,41",9129.0,"R$5,00","R$0,00","R$1.021.325,00","R$150.000,00",A CAIXA INFORMA QUE A APOSTA GANHADORA FOI REALIZADA NO CANAL ELETRÔNICO
110,28/06/2021,7,0,4,1,3,9,4,0.0,,"R$0,00",1.0,"R$24.843,63",44.0,"R$806,61",549.0,"R$64,64",5017.0,"R$5,00","R$91.095,80","R$603.670,00","R$200.000,00",
111,30/06/2021,2,1,0,6,9,4,0,0.0,,"R$0,00",2.0,"R$11.409,59",64.0,"R$509,35",755.0,"R$43,17",6077.0,"R$5,00","R$174.770,30","R$571.420,00","R$300.000,00",
112,02/07/2021,4,3,0,2,3,0,9,0.0,,"R$0,00",4.0,"R$6.413,10",38.0,"R$964,37",566.0,"R$64,74",5660.0,"R$5,00","R$268.831,72","R$628.855,00","R$400.000,00",
113,05/07/2021,7,5,8,3,7,2,8,0.0,,"R$0,00",0.0,"R$0,00",52.0,"R$736,04",693.0,"R$55,23",5956.0,"R$5,00","R$393.862,51","R$657.310,00","R$700.000,00",
114,07/07/2021,1,2,7,0,9,3,9,0.0,,"R$0,00",0.0,"R$0,00",47.0,"R$826,81",732.0,"R$53,08",7067.0,"R$5,00","R$520.811,28","R$679.135,00","R$750.000,00",
115,09/07/2021,6,0,9,1,2,5,7,0.0,,"R$0,00",2.0,"R$13.550,91",42.0,"R$921,83",628.0,"R$61,65",5922.0,"R$5,00","R$620.185,16","R$663.720,00","R$800.000,00",
116,12/07/2021,5,0,0,3,3,3,6,0.0,,"R$0,00",2.0,"R$14.495,35",37.0,"R$1.119,33",637.0,"R$65,01",6163.0,"R$5,00","R$726.487,19","R$707.997,50","R$850.000,00",
117,14/07/2021,2,1,7,7,1,8,2,0.0,,"R$0,00",1.0,"R$27.880,35",39.0,"R$1.021,25",655.0,"R$60,80",6511.0,"R$5,00","R$828.718,94","R$687.617,50","R$1.000.000,00",
118,16/07/2021,2,5,2,6,5,3,1,0.0,,"R$0,00",0.0,"R$0,00",53.0,"R$801,01",774.0,"R$54,84",7133.0,"R$5,00","R$967.407,20","R$735.157,50","R$1.100.000,00",
119,19/07/2021,3,3,8,2,8,0,3,0.0,,"R$0,00",1.0,"R$32.681,95",35.0,"R$1.333,95",690.0,"R$67,66",7025.0,"R$5,00","R$1.087.243,36","R$799.035,00","R$1.200.000,00",
120,21/07/2021,6,6,5,6,0,4,4,0.0,,"R$0,00",0.0,"R$0,00",42.0,"R$1.074,80",708.0,"R$63,75",6603.0,"R$5,00","R$1.234.711,06","R$770.380,00","R$1.400.000,00",
121,23/07/2021,7,4,5,7,8,7,2,0.0,,"R$0,00",0.0,"R$0,00",53.0,"R$876,27",791.0,"R$58,71",7526.0,"R$5,00","R$1.386.425,26","R$801.030,00","R$1.500.000,00",
122,26/07/2021,3,5,8,8,4,3,0,0.0,,"R$0,00",0.0,"R$0,00",54.0,"R$905,05",893.0,"R$54,72",7720.0,"R$5,00","R$1.546.083,38","R$840.647,50","R$1.700.000,00","As Loterias CAIXA informam que o sorteio do concurso nº 123 do Super Sete previsto para às 15h de hoje (28/07) será realizado às 20h, com transmissão ao vivo nos perfis da CAIXA no YouTube e Facebook."
123,28/07/2021,4,8,3,6,9,0,3,0.0,,"R$0,00",2.0,"R$16.529,46",44.0,"R$1.073,34",668.0,"R$70,69",7032.0,"R$5,00","R$1.667.303,72","R$807.397,50","R$1.800.000,00",
124,30/07/2021,0,8,2,9,9,6,0,0.0,,"R$0,00",3.0,"R$11.937,61",65.0,"R$787,09",881.0,"R$58,07",7901.0,"R$5,00","R$1.798.618,62","R$877.922,50","R$2.000.000,00",
125,02/08/2021,2,1,7,3,5,2,5,0.0,,"R$0,00",3.0,"R$12.699,94",67.0,"R$812,36",1086.0,"R$50,11",9189.0,"R$5,00","R$1.938.324,20","R$943.022,50","R$2.100.000,00",
126,04/08/2021,7,9,5,2,8,1,4,0.0,,"R$0,00",4.0,"R$8.923,53",57.0,"R$894,59",808.0,"R$63,10",7565.0,"R$5,00","R$2.069.207,54","R$871.440,00","R$2.200.000,00",
127,06/08/2021,3,6,9,2,7,8,7,0.0,,"R$0,00",1.0,"R$35.945,24",55.0,"R$933,64",925.0,"R$55,51",8387.0,"R$5,00","R$2.201.009,40","R$886.437,50","R$2.400.000,00",
128,09/08/2021,5,5,4,7,8,4,5,0.0,,"R$0,00",2.0,"R$18.111,24",54.0,"R$958,26",928.0,"R$55,76",7883.0,"R$5,00","R$2.333.826,17","R$886.715,00","R$2.600.000,00",
129,11/08/2021,4,6,1,4,1,1,7,0.0,,"R$0,00",0.0,"R$0,00",46.0,"R$1.129,01",874.0,"R$59,42",8246.0,"R$5,00","R$2.503.481,50","R$893.800,00","R$2.700.000,00",
130,13/08/2021,9,0,6,0,6,7,2,0.0,,"R$0,00",3.0,"R$12.588,64",55.0,"R$980,93",817.0,"R$66,03",7165.0,"R$5,00","R$2.641.960,05","R$912.342,50","R$2.800.000,00",
131,16/08/2021,0,2,0,2,9,8,0,0.0,,"R$0,00",2.0,"R$19.524,19",91.0,"R$613,00",1080.0,"R$51,65",10017.0,"R$5,00","R$2.785.138,70","R$973.412,50","R$2.900.000,00",
132,18/08/2021,9,2,7,1,0,5,1,1.0,BERNARDO SAYAO/TO,"R$2.918.679,64",4.0,"R$9.104,83",67.0,"R$776,53",838.0,"R$62,08",8098.0,"R$5,00","R$0,00","R$893.520,00","R$150.000,00",
133,20/08/2021,1,2,4,4,0,7,2,0.0,,"R$0,00",0.0,"R$0,00",37.0,"R$843,73",685.0,"R$45,57",5915.0,"R$5,00","R$101.981,79","R$548.320,00","R$200.000,00",
134,23/08/2021,5,3,5,5,8,7,7,0.0,,"R$0,00",1.0,"R$21.941,04",46.0,"R$681,39",646.0,"R$48,52",5888.0,"R$5,00","R$182.432,82","R$549.947,50","R$300.000,00",
135,25/08/2021,1,2,2,0,6,7,1,0.0,,"R$0,00",1.0,"R$21.010,48",45.0,"R$666,99",699.0,"R$42,93",5677.0,"R$5,00","R$259.476,40","R$527.070,00","R$400.000,00",
136,27/08/2021,4,5,5,8,2,4,8,0.0,,"R$0,00",2.0,"R$11.076,80",46.0,"R$687,99",544.0,"R$58,17",4832.0,"R$5,00","R$340.709,05","R$542.437,50","R$500.000,00",
137,30/08/2021,0,6,3,6,7,1,1,0.0,,"R$0,00",0.0,"R$0,00",37.0,"R$1.227,03",753.0,"R$60,29",7013.0,"R$5,00","R$489.018,72","R$779.087,50","R$600.000,00",
138,01/09/2021,7,7,0,6,6,0,7,0.0,,"R$0,00",0.0,"R$0,00",46.0,"R$951,80",635.0,"R$68,94",6530.0,"R$5,00","R$632.046,73","R$748.640,00","R$800.000,00",
139,03/09/2021,1,6,7,4,2,4,7,0.0,,"R$0,00",4.0,"R$7.955,17",55.0,"R$826,51",943.0,"R$48,20",8532.0,"R$5,00","R$748.726,48","R$797.495,00","R$900.000,00",
140,06/09/2021,1,1,9,9,7,8,9,0.0,,"R$0,00",0.0,"R$0,00",70.0,"R$701,34",1060.0,"R$46,31",8798.0,"R$5,00","R$909.103,89","R$856.477,50","R$1.000.000,00",
141,08/09/2021,7,2,4,7,3,1,2,0.0,,"R$0,00",2.0,"R$12.487,95",40.0,"R$891,99",533.0,"R$66,94",5559.0,"R$5,00","R$1.000.682,97","R$612.827,50","R$1.100.000,00",
142,10/09/2021,3,1,9,9,8,8,3,0.0,,"R$0,00",0.0,"R$0,00",43.0,"R$1.065,23",771.0,"R$59,41",6686.0,"R$5,00","R$1.150.314,04","R$781.542,50","R$1.300.000,00",
143,13/09/2021,2,2,5,7,8,1,1,0.0,,"R$0,00",2.0,"R$14.777,61",44.0,"R$959,58",871.0,"R$48,47",7361.0,"R$5,00","R$1.258.686,40","R$734.217,50","R$1.400.000,00",
144,15/09/2021,0,1,0,0,9,9,7,0.0,,"R$0,00",3.0,"R$9.924,69",60.0,"R$708,90",958.0,"R$44,39",8016.0,"R$5,00","R$1.367.864,31","R$746.580,00","R$1.500.000,00",
145,17/09/2021,5,7,1,9,2,4,8,0.0,,"R$0,00",5.0,"R$6.655,13",79.0,"R$601,72",847.0,"R$56,12",7137.0,"R$5,00","R$1.489.877,65","R$813.370,00","R$1.600.000,00",
146,20/09/2021,0,0,5,5,0,7,4,0.0,,"R$0,00",2.0,"R$19.004,31",56.0,"R$969,60",934.0,"R$58,13",8831.0,"R$5,00","R$1.629.246,09","R$936.890,00","R$1.800.000,00",
147,22/09/2021,7,5,9,4,1,0,2,0.0,,"R$0,00",4.0,"R$10.124,66",59.0,"R$980,59",855.0,"R$67,66",7998.0,"R$5,00","R$1.777.745,68","R$981.987,50","R$1.900.000,00",
148,24/09/2021,2,5,4,0,0,6,9,0.0,,"R$0,00",3.0,"R$12.503,15",70.0,"R$765,49",961.0,"R$55,75",8788.0,"R$5,00","R$1.915.287,18","R$925.427,50","R$2.000.000,00",
149,27/09/2021,4,0,5,2,0,8,3,0.0,,"R$0,00",0.0,"R$0,00",61.0,"R$895,77",894.0,"R$61,12",8206.0,"R$5,00","R$2.093.786,06","R$934.975,00","R$2.200.000,00",
150,29/09/2021,2,5,6,6,1,6,5,0.0,,"R$0,00",0.0,"R$0,00",83.0,"R$680,21",948.0,"R$59,55",8866.0,"R$5,00","R$2.278.217,22","R$970.505,00","R$2.500.000,00",
151,01/10/2021,3,4,5,5,0,2,3,0.0,,"R$0,00",2.0,"R$20.504,93",60.0,"R$976,42",1133.0,"R$51,70",9743.0,"R$5,00","R$2.428.593,49","R$1.013.345,00","R$2.600.000,00",
152,04/10/2021,5,9,2,6,1,5,3,0.0,,"R$0,00",4.0,"R$11.067,10",74.0,"R$854,60",1004.0,"R$62,98",9273.0,"R$5,00","R$2.590.917,07","R$1.079.512,50","R$2.700.000,00",
153,06/10/2021,4,0,2,1,8,7,3,0.0,,"R$0,00",7.0,"R$6.308,31",89.0,"R$708,79",1304.0,"R$48,37",10668.0,"R$5,00","R$2.752.836,67","R$1.093.180,00","R$2.900.000,00",
154,08/10/2021,4,5,2,1,0,7,7,1.0,CRUZ ALTA/RS,"R$2.933.853,33",12.0,"R$4.113,97",122.0,"R$578,07",1634.0,"R$43,16",11775.0,"R$5,00","R$0,00","R$1.220.400,00","R$200.000,00",
155,11/10/2021,0,3,6,2,8,2,2,0.0,,"R$0,00",2.0,"R$14.080,72",60.0,"R$670,51",695.0,"R$57,88",6105.0,"R$5,00","R$103.261,46","R$689.110,00","R$250.000,00",
156,13/10/2021,7,0,6,4,7,1,4,0.0,,"R$0,00",1.0,"R$20.093,55",29.0,"R$989,83",442.0,"R$64,94",3959.0,"R$5,00","R$176.938,95","R$487.110,00","R$300.000,00",
157,15/10/2021,0,4,8,9,9,3,8,1.0,RIO DO FOGO/RN,"R$269.799,02",2.0,"R$12.662,27",23.0,"R$1.572,95",521.0,"R$69,43",5139.0,"R$5,00","R$0,00","R$615.642,50","R$100.000,00",
158,18/10/2021,5,7,8,7,1,6,8,0.0,,"R$0,00",1.0,"R$21.346,55",23.0,"R$1.325,87",449.0,"R$67,91",4513.0,"R$5,00","R$78.273,14","R$521.027,50","R$200.000,00",
159,20/10/2021,8,3,0,4,6,0,4,0.0,,"R$0,00",3.0,"R$7.360,41",31.0,"R$1.017,56",463.0,"R$68,13",4521.0,"R$5,00","R$159.237,99","R$537.260,00","R$250.000,00",
160,22/10/2021,5,8,2,9,9,7,2,0.0,,"R$0,00",3.0,"R$7.847,00",24.0,"R$1.401,24",524.0,"R$64,17",4915.0,"R$5,00","R$245.558,49","R$573.875,00","R$300.000,00",
161,25/10/2021,5,4,0,6,0,7,5,0.0,,"R$0,00",2.0,"R$11.895,73",40.0,"R$849,69",596.0,"R$57,02",5239.0,"R$5,00","R$332.796,71","R$583.115,00","R$400.000,00",
162,27/10/2021,8,3,2,0,3,3,8,0.0,,"R$0,00",2.0,"R$11.003,81",25.0,"R$1.257,57",500.0,"R$62,87",4589.0,"R$5,00","R$523.306,38","R$536.427,50","R$500.000,00",
163,29/10/2021,0,8,3,4,9,9,7,0.0,,"R$0,00",0.0,"R$0,00",33.0,"R$1.018,64",732.0,"R$45,92",6215.0,"R$5,00","R$523.306,38","R$588.645,00","R$600.000,00",
164,01/11/2021,2,9,5,2,1,2,0,0.0,,"R$0,00",1.0,"R$28.232,43",36.0,"R$1.120,33",688.0,"R$58,62",6705.0,"R$5,00","R$626.826,44","R$697.590,00","R$700.000,00",
165,03/11/2021,3,6,4,3,4,4,3,0.0,,"R$0,00",1.0,"R$20.429,34",30.0,"R$972,82",524.0,"R$55,69",4709.0,"R$5,00","R$701.736,36","R$503.137,50","R$800.000,00",
166,05/11/2021,7,9,9,7,2,2,9,0.0,,"R$0,00",0.0,"R$0,00",42.0,"R$908,00",583.0,"R$65,41",5677.0,"R$5,00","R$826.315,86","R$651.962,50","R$900.000,00",
167,08/11/2021,2,9,1,3,5,0,9,0.0,,"R$0,00",1.0,"R$27.342,37",48.0,"R$813,76",759.0,"R$51,46",6755.0,"R$5,00","R$926.572,92","R$678.612,50","R$1.000.000,00",
168,10/11/2021,2,3,7,9,9,1,8,0.0,,"R$0,00",5.0,"R$5.470,69",57.0,"R$685,55",740.0,"R$52,80",6570.0,"R$5,00","R$1.026.872,07","R$676.722,50","R$1.100.000,00",
169,12/11/2021,3,5,3,6,5,1,8,0.0,,"R$0,00",0.0,"R$0,00",59.0,"R$681,45",735.0,"R$54,70",6723.0,"R$5,00","R$1.158.211,73","R$695.855,00","R$1.200.000,00",
170,17/11/2021,7,5,5,9,2,0,2,0.0,,"R$0,00",3.0,"R$11.550,54",60.0,"R$825,03",750.0,"R$66,00",7168.0,"R$5,00","R$1.285.269,75","R$843.957,50","R$1.400.000,00",
171,19/11/2021,9,3,3,9,7,5,4,0.0,,"R$0,00",1.0,"R$29.298,74",61.0,"R$686,15",753.0,"R$55,58",6383.0,"R$5,00","R$1.392.701,13","R$717.302,50","R$1.500.000,00",
172,22/11/2021,0,9,2,4,5,1,9,0.0,,"R$0,00",4.0,"R$7.116,54",51.0,"R$797,37",828.0,"R$49,11",7202.0,"R$5,00","R$1.497.079,15","R$708.457,50","R$1.600.000,00",
173,24/11/2021,7,2,2,2,0,4,5,0.0,,"R$0,00",1.0,"R$26.759,90",35.0,"R$1.092,24",623.0,"R$61,36",5850.0,"R$5,00","R$1.595.199,58","R$655.377,50","R$1.700.000,00",
174,26/11/2021,8,8,2,9,9,0,7,0.0,,"R$0,00",1.0,"R$28.039,61",62.0,"R$646,07",753.0,"R$53,19",6018.0,"R$5,00","R$1.698.014,81","R$685.430,00","R$1.800.000,00",
175,29/11/2021,1,8,2,4,8,4,7,0.0,,"R$0,00",3.0,"R$8.999,39",45.0,"R$857,08",806.0,"R$47,85",7674.0,"R$5,00","R$1.797.009,37","R$681.650,00","R$1.900.000,00",
176,01/12/2021,5,1,0,2,7,1,1,0.0,,"R$0,00",3.0,"R$9.633,10",42.0,"R$982,96",689.0,"R$59,91",6615.0,"R$5,00","R$1.902.978,37","R$711.202,50","R$2.000.000,00",
177,03/12/2021,4,6,9,8,8,3,6,0.0,,"R$0,00",0.0,"R$0,00",53.0,"R$900,50",699.0,"R$68,27",6728.0,"R$5,00","R$2.058.889,74","R$811.575,00","R$2.200.000,00",
178,06/12/2021,9,7,5,5,7,4,8,0.0,,"R$0,00",6.0,"R$5.416,43",59.0,"R$786,89",802.0,"R$57,88",7544.0,"R$5,00","R$2.178.055,97","R$800.992,50","R$2.300.000,00",
179,08/12/2021,9,3,2,8,5,3,5,0.0,,"R$0,00",1.0,"R$31.728,17",55.0,"R$824,10",707.0,"R$64,11",6591.0,"R$5,00","R$2.294.393,02","R$773.075,00","R$2.400.000,00",
180,10/12/2021,4,4,9,4,3,4,6,0.0,,"R$0,00",0.0,"R$0,00",32.0,"R$1.441,53",711.0,"R$64,87",6557.0,"R$5,00","R$2.445.086,32","R$785.035,00","R$2.500.000,00",
181,13/12/2021,3,4,7,4,3,6,9,0.0,,"R$0,00",2.0,"R$15.837,15",61.0,"R$741,78",877.0,"R$51,59",7915.0,"R$5,00","R$2.561.228,88","R$787.162,50","R$2.600.000,00",
182,15/12/2021,3,1,9,4,9,4,2,0.0,,"R$0,00",1.0,"R$34.926,22",56.0,"R$890,97",826.0,"R$60,40",7929.0,"R$5,00","R$2.689.294,86","R$858.767,50","R$2.800.000,00",
183,17/12/2021,6,5,8,0,7,3,9,0.0,,"R$0,00",3.0,"R$11.163,11",44.0,"R$1.087,31",798.0,"R$59,95",7033.0,"R$5,00","R$2.812.090,51","R$816.865,00","R$2.900.000,00",
184,20/12/2021,7,9,7,2,2,5,3,0.0,,"R$0,00",1.0,"R$36.223,74",70.0,"R$739,26",804.0,"R$64,36",7886.0,"R$5,00","R$2.944.912,85","R$886.777,50","R$3.000.000,00",
185,22/12/2021,2,3,6,7,2,4,6,0.0,,"R$0,00",1.0,"R$40.078,77",75.0,"R$763,40",1126.0,"R$50,84",9657.0,"R$5,00","R$3.091.875,29","R$991.897,50","R$3.200.000,00",
186,24/12/2021,5,2,8,3,8,3,0,0.0,,"R$0,00",2.0,"R$19.645,84",61.0,"R$920,17",876.0,"R$64,07",8485.0,"R$5,00","R$3.235.949,13","R$961.087,50","R$3.300.000,00",
187,27/12/2021,0,8,1,5,5,8,1,0.0,,"R$0,00",3.0,"R$12.318,87",63.0,"R$838,01",909.0,"R$58,08",8694.0,"R$5,00","R$3.371.457,32","R$912.197,50","R$3.500.000,00",
188,29/12/2021,1,0,2,7,6,1,5,0.0,,"R$0,00",2.0,"R$22.148,41",75.0,"R$843,74",1150.0,"R$55,02",10634.0,"R$5,00","R$3.533.885,18","R$1.095.835,00","R$3.600.000,00",
189,31/12/2021,0,9,8,1,0,2,5,0.0,,"R$0,00",1.0,"R$41.420,79",69.0,"R$857,57",985.0,"R$60,07",8597.0,"R$5,00","R$3.685.764,09","R$1.009.155,00","R$3.800.000,00",
190,03/01/2022,2,9,8,0,0,7,5,0.0,,"R$0,00",3.0,"R$13.653,42",60.0,"R$975,24",1070.0,"R$54,68",8651.0,"R$5,00","R$3.835.956,77","R$999.660,00","R$3.900.000,00",
191,05/01/2022,6,4,1,9,6,0,9,0.0,,"R$0,00",5.0,"R$10.872,63",93.0,"R$835,07",1357.0,"R$57,23",11561.0,"R$5,00","R$4.035.288,81","R$1.327.680,00","R$4.200.000,00",
192,07/01/2022,0,9,6,1,9,6,7,0.0,,"R$0,00",8.0,"R$7.347,53",139.0,"R$604,11",1714.0,"R$48,99",14501.0,"R$5,00","R$4.250.819,00","R$1.458.632,50","R$4.500.000,00",
193,10/01/2022,7,2,1,3,2,0,0,0.0,,"R$0,00",3.0,"R$19.224,08",93.0,"R$885,90",1609.0,"R$51,20",13377.0,"R$5,00","R$4.462.289,70","R$1.421.325,00","R$4.700.000,00",
194,12/01/2022,0,0,3,7,6,3,9,0.0,,"R$0,00",7.0,"R$7.503,72",84.0,"R$893,30",1497.0,"R$50,12",12682.0,"R$5,00","R$4.654.890,73","R$1.300.250,00","R$4.800.000,00",
195,14/01/2022,9,1,8,6,5,8,6,0.0,,"R$0,00",1.0,"R$72.474,81",104.0,"R$995,53",1559.0,"R$66,41",15014.0,"R$5,00","R$4.920.633,52","R$1.765.412,50","R$5.000.000,00",
196,17/01/2022,7,3,9,3,2,4,4,0.0,,"R$0,00",6.0,"R$10.892,07",83.0,"R$1.124,82",1506.0,"R$61,99",14752.0,"R$5,00","R$5.160.262,10","R$1.605.915,00","R$5.300.000,00",
197,19/01/2022,7,1,1,0,8,1,9,0.0,,"R$0,00",1.0,"R$67.971,43",102.0,"R$951,98",1551.0,"R$62,60",14556.0,"R$5,00","R$5.409.497,34","R$1.661.192,50","R$5.600.000,00",A CAIXA informa que a publicação do resultado do concurso 198 do Super Sete sofreu atraso devido a problemas tecnológicos. A área de TI está atuando para correção. Assista ao sorteio no perfil da CAIXA no YouTube.
198,22/01/2022,3,9,7,0,4,0,9,1.0,GOIANIA/GO,"R$5.683.706,05",4.0,"R$18.695,60",104.0,"R$1.027,23",1701.0,"R$62,80",16103.0,"R$5,00","R$0,00","R$1.828.670,00","R$100.000,00",
199,24/01/2022,2,7,8,8,0,9,4,0.0,,"R$0,00",1.0,"R$27.466,46",45.0,"R$871,95",730.0,"R$53,75",6003.0,"R$5,00","R$100.710,57","R$672.665,00","R$200.000,00",
200,26/01/2022,6,8,3,5,9,8,1,0.0,,"R$0,00",2.0,"R$10.988,43",39.0,"R$805,01",485.0,"R$64,73",4622.0,"R$5,00","R$181.293,51","R$536.132,50","R$300.000,00",
201,28/01/2022,1,6,3,2,3,8,8,0.0,,"R$0,00",1.0,"R$22.054,16",39.0,"R$807,84",647.0,"R$48,69",5526.0,"R$5,00","R$262.161,35","R$548.257,50","R$400.000,00",
202,31/01/2022,8,3,9,7,5,9,2,0.0,,"R$0,00",2.0,"R$11.959,11",43.0,"R$794,62",584.0,"R$58,50",4975.0,"R$5,00","R$349.865,12","R$582.855,00","R$500.000,00",
203,02/02/2022,9,0,4,6,2,8,7,0.0,,"R$0,00",2.0,"R$11.345,74",35.0,"R$926,18",570.0,"R$56,87",4891.0,"R$5,00","R$433.067,64","R$554.935,00","R$600.000,00",
204,04/02/2022,2,6,5,1,2,3,2,1.0,LAGES/SC,"R$524.851,68",0.0,"R$0,00",33.0,"R$1.083,59",703.0,"R$50,86",6021.0,"R$5,00","R$25.031,15","R$619.370,00","R$100.000,00",
205,07/02/2022,5,7,3,9,9,0,0,0.0,,"R$0,00",0.0,"R$0,00",40.0,"R$786,61",566.0,"R$55,59",4653.0,"R$5,00","R$127.816,88","R$537.555,00","R$200.000,00",
206,09/02/2022,3,9,6,9,3,4,6,0.0,,"R$0,00",0.0,"R$0,00",21.0,"R$1.410,46",423.0,"R$70,02",4386.0,"R$5,00","R$224.575,99","R$506.102,50","R$300.000,00",
207,11/02/2022,1,8,4,9,2,2,2,0.0,,"R$0,00",4.0,"R$5.551,10",27.0,"R$1.174,83",605.0,"R$52,43",5185.0,"R$5,00","R$305.992,51","R$547.625,00","R$400.000,00",
208,14/02/2022,9,8,2,1,1,2,9,0.0,,"R$0,00",0.0,"R$0,00",29.0,"R$1.141,83",545.0,"R$60,75",4972.0,"R$5,00","R$414.165,45","R$566.585,00","R$500.000,00",
209,16/02/2022,6,6,3,7,6,3,7,0.0,,"R$0,00",1.0,"R$21.680,15",27.0,"R$1.147,09",474.0,"R$65,34",4701.0,"R$5,00","R$493.659,80","R$530.525,00","R$600.000,00",
210,18/02/2022,3,6,2,9,6,7,5,0.0,,"R$0,00",0.0,"R$0,00",37.0,"R$877,53",601.0,"R$54,02",5321.0,"R$5,00","R$599.726,47","R$560.700,00","R$700.000,00",
211,21/02/2022,4,6,7,7,0,9,4,0.0,,"R$0,00",1.0,"R$23.445,19",35.0,"R$956,94",523.0,"R$64,04",4944.0,"R$5,00","R$685.692,47","R$572.105,00","R$800.000,00",
212,23/02/2022,3,1,3,5,6,5,7,0.0,,"R$0,00",3.0,"R$7.951,16",63.0,"R$540,89",727.0,"R$46,87",6228.0,"R$5,00","R$773.156,90","R$595.885,00","R$900.000,00",
213,25/02/2022,4,1,4,6,9,2,9,0.0,,"R$0,00",1.0,"R$24.832,05",43.0,"R$824,98",562.0,"R$63,12",5745.0,"R$5,00","R$864.208,55","R$611.812,50","R$1.000.000,00",
214,02/03/2022,1,2,5,6,8,6,6,0.0,,"R$0,00",1.0,"R$27.318,69",75.0,"R$520,35",811.0,"R$48,12",7526.0,"R$5,00","R$964.378,36","R$686.985,00","R$1.100.000,00",
215,04/03/2022,3,6,7,7,3,5,9,0.0,,"R$0,00",2.0,"R$13.832,19",52.0,"R$760,01",795.0,"R$49,71",6620.0,"R$5,00","R$1.065.815,24","R$684.130,00","R$1.200.000,00",
216,07/03/2022,0,1,3,6,6,3,9,0.0,,"R$0,00",4.0,"R$7.100,04",98.0,"R$413,99",992.0,"R$40,89",7800.0,"R$5,00","R$1.169.955,83","R$713.905,00","R$1.300.000,00",
217,09/03/2022,9,8,7,8,3,5,0,0.0,,"R$0,00",2.0,"R$13.948,87",40.0,"R$996,34",657.0,"R$60,66",6218.0,"R$5,00","R$1.272.247,99","R$684.620,00","R$1.400.000,00",
218,11/03/2022,6,1,6,9,9,7,6,0.0,,"R$0,00",3.0,"R$9.489,18",30.0,"R$1.355,59",651.0,"R$62,46",6188.0,"R$5,00","R$1.376.633,72","R$696.792,50","R$1.500.000,00",
219,14/03/2022,3,3,7,8,5,8,6,0.0,,"R$0,00",5.0,"R$5.670,61",37.0,"R$1.094,71",697.0,"R$58,11",6695.0,"R$5,00","R$1.480.596,24","R$700.125,00","R$1.600.000,00",
220,16/03/2022,8,8,4,6,7,3,6,1.0,LINHARES/ES,"R$1.579.986,69",1.0,"R$27.105,61",38.0,"R$1.019,00",600.0,"R$64,53",5757.0,"R$5,00","R$0,00","R$661.900,00","R$100.000,00",
221,18/03/2022,5,4,7,6,8,0,3,0.0,,"R$0,00",0.0,"R$0,00",24.0,"R$1.114,56",400.0,"R$66,87",3892.0,"R$5,00","R$87.383,41","R$456.265,00","R$200.000,00",
222,21/03/2022,0,8,5,2,6,1,4,0.0,,"R$0,00",0.0,"R$0,00",47.0,"R$594,81",504.0,"R$55,46",4257.0,"R$5,00","R$178.710,77","R$479.032,50","R$300.000,00",
223,23/03/2022,5,1,8,1,0,3,8,0.0,,"R$0,00",0.0,"R$0,00",21.0,"R$1.252,25",392.0,"R$67,08",3578.0,"R$5,00","R$264.616,82","R$445.687,50","R$400.000,00",
224,25/03/2022,5,4,4,2,1,5,4,0.0,,"R$0,00",1.0,"R$18.773,16",36.0,"R$744,96",487.0,"R$55,06",4090.0,"R$5,00","R$333.455,12","R$459.612,50","R$500.000,00",
225,28/03/2022,8,0,0,7,0,4,2,0.0,,"R$0,00",2.0,"R$10.113,49",30.0,"R$963,18",390.0,"R$74,09",3849.0,"R$5,00","R$407.621,30","R$488.772,50","R$600.000,00",
226,30/03/2022,2,0,4,7,6,0,8,0.0,,"R$0,00",0.0,"R$0,00",41.0,"R$676,85",557.0,"R$49,82",4524.0,"R$5,00","R$498.276,54","R$478.957,50","R$650.000,00",
227,01/04/2022,5,6,2,7,6,8,7,1.0,BRASILIA/DF,"R$578.267,92",1.0,"R$21.815,31",40.0,"R$779,11",504.0,"R$61,83",4879.0,"R$5,00","R$0,00","R$535.547,50","R$100.000,00",
228,04/04/2022,7,2,2,3,8,8,9,0.0,,"R$0,00",2.0,"R$9.398,16",46.0,"R$583,73",528.0,"R$50,85",4710.0,"R$5,00","R$68.922,26","R$467.272,50","R$200.000,00",
229,06/04/2022,8,6,4,4,4,3,9,0.0,,"R$0,00",0.0,"R$0,00",31.0,"R$841,19",399.0,"R$65,35",4048.0,"R$5,00","R$154.109,57","R$447.722,50","R$300.000,00",
230,08/04/2022,8,6,1,6,2,5,1,0.0,,"R$0,00",1.0,"R$19.782,26",18.0,"R$1.570,02",388.0,"R$72,83",4123.0,"R$5,00","R$226.646,14","R$482.162,50","R$400.000,00",
231,13/04/2022,4,4,8,2,8,0,7,0.0,,"R$0,00",1.0,"R$30.563,66",40.0,"R$1.091,55",669.0,"R$65,26",6587.0,"R$5,00","R$338.715,51","R$747.445,00","R$500.000,00",
232,18/04/2022,1,0,8,5,4,7,6,0.0,,"R$0,00",2.0,"R$12.428,53",46.0,"R$771,95",619.0,"R$57,36",5959.0,"R$5,00","R$429.861,25","R$614.830,00","R$550.000,00",
233,20/04/2022,0,2,7,4,4,2,4,0.0,,"R$0,00",1.0,"R$21.964,54",40.0,"R$784,44",497.0,"R$63,13",5214.0,"R$5,00","R$510.399,75","R$542.690,00","R$600.000,00",
234,22/04/2022,1,8,8,8,9,6,7,0.0,,"R$0,00",2.0,"R$9.337,93",34.0,"R$784,70",580.0,"R$45,99",5107.0,"R$5,00","R$578.881,84","R$469.205,00","R$700.000,00",
235,25/04/2022,9,7,6,2,3,5,6,0.0,,"R$0,00",1.0,"R$22.332,64",35.0,"R$911,53",493.0,"R$64,71",4934.0,"R$5,00","R$660.769,58","R$547.547,50","R$750.000,00",
236,27/04/2022,7,0,7,2,9,4,3,0.0,,"R$0,00",3.0,"R$7.513,51",25.0,"R$1.288,03",500.0,"R$64,40",5027.0,"R$5,00","R$743.418,79","R$553.187,50","R$850.000,00",
237,29/04/2022,6,2,7,6,3,2,7,0.0,,"R$0,00",1.0,"R$24.549,70",42.0,"R$835,02",568.0,"R$61,74",5527.0,"R$5,00","R$833.436,35","R$603.095,00","R$900.000,00",
238,02/05/2022,2,0,9,0,1,2,3,0.0,,"R$0,00",0.0,"R$0,00",42.0,"R$896,22",607.0,"R$62,01",5537.0,"R$5,00","R$956.399,39","R$642.740,00","R$1.000.000,00",
239,04/05/2022,3,3,1,5,8,1,2,0.0,,"R$0,00",2.0,"R$12.475,31",34.0,"R$1.048,34",625.0,"R$57,02",5786.0,"R$5,00","R$1.047.889,41","R$614.890,00","R$1.100.000,00",
240,06/05/2022,2,5,1,9,4,7,7,0.0,,"R$0,00",4.0,"R$6.583,25",57.0,"R$659,97",870.0,"R$43,23",7107.0,"R$5,00","R$1.144.450,00","R$660.497,50","R$1.200.000,00",
241,09/05/2022,2,4,9,8,3,6,1,0.0,,"R$0,00",1.0,"R$28.160,26",53.0,"R$759,03",792.0,"R$50,79",6707.0,"R$5,00","R$1.247.706,81","R$696.027,50","R$1.300.000,00",
242,11/05/2022,6,1,6,9,3,4,1,0.0,,"R$0,00",4.0,"R$6.878,44",24.0,"R$1.637,72",559.0,"R$70,31",5417.0,"R$5,00","R$1.348.592,04","R$666.945,00","R$1.400.000,00",
243,13/05/2022,9,9,5,7,0,9,0,0.0,,"R$0,00",3.0,"R$8.996,26",47.0,"R$820,32",690.0,"R$55,87",6123.0,"R$5,00","R$1.447.554,78","R$663.555,00","R$1.500.000,00",
244,16/05/2022,6,5,5,5,3,9,7,0.0,,"R$0,00",0.0,"R$0,00",37.0,"R$1.069,30",657.0,"R$60,21",6117.0,"R$5,00","R$1.576.802,39","R$679.000,00","R$1.600.000,00",
245,18/05/2022,6,7,9,0,2,1,7,0.0,,"R$0,00",0.0,"R$0,00",39.0,"R$928,57",545.0,"R$66,44",5226.0,"R$5,00","R$1.695.105,42","R$617.205,00","R$1.800.000,00",
246,20/05/2022,4,9,0,5,4,9,3,0.0,,"R$0,00",1.0,"R$29.558,16",35.0,"R$1.206,45",589.0,"R$71,69",5831.0,"R$5,00","R$1.803.485,84","R$716.635,00","R$1.900.000,00",
247,23/05/2022,0,9,9,5,0,5,5,0.0,,"R$0,00",0.0,"R$0,00",31.0,"R$1.357,39",635.0,"R$66,26",6040.0,"R$5,00","R$1.940.947,07","R$716.787,50","R$2.000.000,00",
248,25/05/2022,9,2,4,6,3,1,4,0.0,,"R$0,00",2.0,"R$13.461,02",48.0,"R$801,25",757.0,"R$50,80",5873.0,"R$5,00","R$2.039.664,37","R$659.205,00","R$2.100.000,00",
249,27/05/2022,8,7,6,7,8,2,4,0.0,,"R$0,00",2.0,"R$14.180,02",29.0,"R$1.397,04",585.0,"R$69,25",5697.0,"R$5,00","R$2.143.653,54","R$688.767,50","R$2.250.000,00",
250,30/05/2022,0,7,4,1,5,7,8,0.0,,"R$0,00",2.0,"R$14.917,00",46.0,"R$926,52",877.0,"R$48,59",7467.0,"R$5,00","R$2.253.049,59","R$741.565,00","R$2.350.000,00",
251,01/06/2022,7,6,9,9,2,2,0,0.0,,"R$0,00",0.0,"R$0,00",40.0,"R$1.114,74",733.0,"R$60,83",6445.0,"R$5,00","R$2.398.711,49","R$760.072,50","R$2.500.000,00",
252,03/06/2022,0,4,7,0,7,5,4,0.0,,"R$0,00",3.0,"R$12.480,97",55.0,"R$972,54",838.0,"R$63,83",7857.0,"R$5,00","R$2.536.002,52","R$913.227,50","R$2.600.000,00",
253,06/06/2022,7,0,8,8,3,7,5,0.0,,"R$0,00",1.0,"R$34.220,49",48.0,"R$1.018,46",699.0,"R$69,93",6933.0,"R$5,00","R$2.661.481,65","R$831.775,00","R$2.800.000,00",
254,08/06/2022,8,3,8,9,4,2,0,0.0,,"R$0,00",1.0,"R$32.439,25",43.0,"R$1.077,71",727.0,"R$63,74",6940.0,"R$5,00","R$2.780.427,68","R$792.722,50","R$2.900.000,00",
255,10/06/2022,4,7,0,6,1,9,8,0.0,,"R$0,00",2.0,"R$16.113,35",77.0,"R$597,89",961.0,"R$47,90",7735.0,"R$5,00","R$2.898.597,05","R$797.222,50","R$3.000.000,00",
256,13/06/2022,7,7,0,9,4,9,3,0.0,,"R$0,00",0.0,"R$0,00",52.0,"R$874,25",732.0,"R$62,10",6739.0,"R$5,00","R$3.047.106,73","R$776.862,50","R$3.200.000,00",
257,15/06/2022,1,0,6,0,0,5,5,0.0,,"R$0,00",1.0,"R$31.759,26",50.0,"R$907,40",802.0,"R$56,57",7231.0,"R$5,00","R$3.163.558,51","R$781.140,00","R$3.300.000,00",
258,17/06/2022,2,9,7,0,7,7,1,0.0,,"R$0,00",2.0,"R$16.575,66",45.0,"R$1.052,42",871.0,"R$54,37",7661.0,"R$5,00","R$3.285.115,38","R$816.682,50","R$3.400.000,00",
259,20/06/2022,1,8,1,9,5,0,3,0.0,,"R$0,00",2.0,"R$19.245,31",55.0,"R$999,75",1017.0,"R$54,06",9524.0,"R$5,00","R$3.426.253,21","R$955.472,50","R$3.500.000,00",
260,22/06/2022,6,6,0,9,4,4,2,0.0,,"R$0,00",1.0,"R$36.040,95",44.0,"R$1.170,16",749.0,"R$68,74",7383.0,"R$5,00","R$3.558.403,96","R$876.960,00","R$3.700.000,00",
261,24/06/2022,2,5,0,1,9,3,3,0.0,,"R$0,00",6.0,"R$5.738,54",87.0,"R$565,37",1371.0,"R$35,87",9979.0,"R$5,00","R$3.684.658,81","R$871.537,50","R$3.800.000,00",
262,27/06/2022,2,8,8,7,0,8,3,0.0,,"R$0,00",1.0,"R$40.484,01",52.0,"R$1.112,19",897.0,"R$64,47",8713.0,"R$5,00","R$3.833.103,82","R$989.912,50","R$4.000.000,00",
263,29/06/2022,6,7,3,0,8,9,8,0.0,,"R$0,00",2.0,"R$20.869,07",60.0,"R$993,76",890.0,"R$66,99",8599.0,"R$5,00","R$3.986.147,21","R$1.016.150,00","R$4.100.000,00",
264,01/07/2022,3,7,4,8,0,4,1,0.0,,"R$0,00",1.0,"R$43.009,01",57.0,"R$1.077,91",966.0,"R$63,60",9288.0,"R$5,00","R$4.143.849,99","R$1.052.017,50","R$4.300.000,00",
265,04/07/2022,9,6,5,0,2,1,6,0.0,,"R$0,00",1.0,"R$48.237,48",103.0,"R$669,03",1120.0,"R$61,52",9940.0,"R$5,00","R$4.320.726,96","R$1.174.405,00","R$4.500.000,00",
266,06/07/2022,8,7,9,3,6,6,5,0.0,,"R$0,00",2.0,"R$21.643,29",74.0,"R$835,64",1028.0,"R$60,15",8973.0,"R$5,00","R$4.479.447,51","R$1.054.482,50","R$4.600.000,00",
267,08/07/2022,4,9,9,7,4,0,2,0.0,,"R$0,00",2.0,"R$31.066,20",78.0,"R$1.137,95",1327.0,"R$66,88",12715.0,"R$5,00","R$4.707.274,25","R$1.511.677,50","R$5.000.000,00",
268,11/07/2022,6,5,4,5,3,8,6,0.0,,"R$0,00",2.0,"R$25.564,07",74.0,"R$987,02",1222.0,"R$59,77",11295.0,"R$5,00","R$4.894.745,44","R$1.253.540,00","R$5.100.000,00",
269,13/07/2022,3,7,4,3,7,3,0,0.0,,"R$0,00",3.0,"R$14.542,49",95.0,"R$656,05",1232.0,"R$50,58",10341.0,"R$5,00","R$5.054.720,20","R$1.077.750,00","R$5.200.000,00",
270,15/07/2022,5,8,5,5,7,5,4,0.0,,"R$0,00",0.0,"R$0,00",63.0,"R$1.115,00",1362.0,"R$51,57",11455.0,"R$5,00","R$5.284.192,14","R$1.212.400,00","R$5.300.000,00",
271,18/07/2022,3,4,8,7,1,0,3,0.0,,"R$0,00",3.0,"R$19.819,18",83.0,"R$1.023,36",1388.0,"R$61,19",12968.0,"R$5,00","R$5.502.208,80","R$1.455.830,00","R$5.600.000,00",
272,20/07/2022,4,1,8,3,5,5,0,0.0,,"R$0,00",3.0,"R$20.748,38",85.0,"R$1.046,13",1534.0,"R$57,96",14259.0,"R$5,00","R$5.730.449,02","R$1.531.962,50","R$5.900.000,00",
273,22/07/2022,0,8,4,9,9,6,5,0.0,,"R$0,00",5.0,"R$14.331,68",152.0,"R$673,48",1957.0,"R$52,30",16270.0,"R$5,00","R$5.993.209,13","R$1.761.962,50","R$6.200.000,00",
274,25/07/2022,6,1,6,9,8,6,3,0.0,,"R$0,00",1.0,"R$81.346,25",102.0,"R$1.139,30",1741.0,"R$66,74",16641.0,"R$5,00","R$6.291.489,15","R$1.979.080,00","R$6.500.000,00",
275,27/07/2022,7,1,2,8,8,6,1,1.0,RIO DE JANEIRO/RJ,"R$6.623.773,04",3.0,"R$30.206,91",139.0,"R$931,35",2277.0,"R$56,85",20703.0,"R$5,00","R$0,00","R$2.229.687,50","R$100.000,00",
276,29/07/2022,7,0,6,0,3,4,2,0.0,,"R$0,00",2.0,"R$11.017,65",28.0,"R$1.124,25",434.0,"R$72,53",4256.0,"R$5,00","R$80.796,81","R$533.195,00","R$150.000,00",
277,01/08/2022,9,6,2,1,6,9,8,0.0,,"R$0,00",1.0,"R$22.777,88",28.0,"R$1.162,13",492.0,"R$66,13",4827.0,"R$5,00","R$164.318,54","R$556.095,00","R$250.000,00",
278,03/08/2022,7,7,4,2,9,9,4,0.0,,"R$0,00",2.0,"R$10.456,16",31.0,"R$963,70",549.0,"R$54,41",4490.0,"R$5,00","R$240.999,64","R$511.222,50","R$300.000,00",
279,05/08/2022,5,2,6,8,1,2,0,0.0,,"R$0,00",1.0,"R$21.103,57",36.0,"R$837,44",492.0,"R$61,27",4484.0,"R$5,00","R$318.381,67","R$515.355,00","R$400.000,00",
280,08/08/2022,2,6,0,8,2,3,4,0.0,,"R$0,00",3.0,"R$7.049,69",32.0,"R$944,15",526.0,"R$57,43",4882.0,"R$5,00","R$395.931,68","R$520.945,00","R$500.000,00",
281,10/08/2022,2,0,0,6,6,0,3,1.0,SAO PAULO/SP,"R$470.368,92",2.0,"R$10.150,31",33.0,"R$878,81",510.0,"R$56,86",4742.0,"R$5,00","R$0,00","R$500.690,00","R$100.000,00",
282,12/08/2022,8,7,4,1,6,6,1,0.0,,"R$0,00",1.0,"R$17.887,77",28.0,"R$912,64",397.0,"R$64,36",3801.0,"R$5,00","R$65.590,66","R$436.827,50","R$150.000,00",
283,15/08/2022,9,6,0,6,8,2,0,0.0,,"R$0,00",1.0,"R$18.085,76",18.0,"R$1.435,37",398.0,"R$64,91",3705.0,"R$5,00","R$131.907,05","R$440.070,00","R$200.000,00",
284,17/08/2022,2,6,9,5,0,9,9,0.0,,"R$0,00",0.0,"R$0,00",34.0,"R$716,80",409.0,"R$59,58",3903.0,"R$5,00","R$211.522,57","R$419.817,50","R$250.000,00",
285,19/08/2022,6,6,7,2,9,3,4,0.0,,"R$0,00",3.0,"R$6.182,28",33.0,"R$802,89",435.0,"R$60,90",3940.0,"R$5,00","R$279.530,47","R$452.910,00","R$350.000,00",
286,22/08/2022,6,1,5,9,3,4,1,0.0,,"R$0,00",6.0,"R$3.198,63",30.0,"R$913,89",439.0,"R$62,45",4037.0,"R$5,00","R$349.901,19","R$468.197,50","R$400.000,00",
287,24/08/2022,5,5,4,7,0,2,5,0.0,,"R$0,00",0.0,"R$0,00",25.0,"R$1.011,16",400.0,"R$63,19",4111.0,"R$5,00","R$432.481,49","R$436.175,00","R$500.000,00",
288,26/08/2022,0,7,7,1,9,9,6,0.0,,"R$0,00",0.0,"R$0,00",38.0,"R$686,12",540.0,"R$48,28",4620.0,"R$5,00","R$517.653,78","R$454.252,50","R$600.000,00",
289,29/08/2022,7,9,2,1,2,7,1,0.0,,"R$0,00",0.0,"R$0,00",37.0,"R$1.019,78",585.0,"R$64,49",5741.0,"R$5,00","R$640.915,95","R$646.487,50","R$700.000,00",
290,31/08/2022,2,5,2,4,0,0,9,0.0,,"R$0,00",1.0,"R$22.792,52",45.0,"R$723,57",662.0,"R$49,18",5481.0,"R$5,00","R$724.491,13","R$563.960,00","R$800.000,00",
291,02/09/2022,1,9,1,3,1,8,6,0.0,,"R$0,00",2.0,"R$13.018,57",65.0,"R$572,24",835.0,"R$44,54",6620.0,"R$5,00","R$819.964,36","R$648.380,00","R$900.000,00",
292,05/09/2022,6,8,9,1,5,2,3,0.0,,"R$0,00",2.0,"R$13.784,92",41.0,"R$960,62",666.0,"R$59,13",5937.0,"R$5,00","R$921.057,24","R$674.175,00","R$1.000.000,00",
293,09/09/2022,4,5,9,9,5,2,1,0.0,,"R$0,00",1.0,"R$29.439,85",39.0,"R$1.078,38",673.0,"R$62,49",6233.0,"R$5,00","R$1.029.004,25","R$718.672,50","R$1.100.000,00",
294,12/09/2022,3,7,4,7,6,7,5,0.0,,"R$0,00",4.0,"R$6.699,52",45.0,"R$850,73",765.0,"R$50,04",6744.0,"R$5,00","R$1.127.265,56","R$666.527,50","R$1.200.000,00",
295,14/09/2022,5,9,6,0,8,6,3,0.0,,"R$0,00",3.0,"R$9.000,70",33.0,"R$1.168,92",577.0,"R$66,85",5396.0,"R$5,00","R$1.226.274,79","R$655.462,50","R$1.300.000,00",
296,16/09/2022,0,0,5,5,0,9,2,0.0,,"R$0,00",2.0,"R$12.479,95",58.0,"R$614,77",610.0,"R$58,45",5244.0,"R$5,00","R$1.317.796,34","R$608.842,50","R$1.400.000,00",
297,19/09/2022,7,3,7,0,0,6,7,0.0,,"R$0,00",1.0,"R$27.901,17",37.0,"R$1.077,26",624.0,"R$63,87",6076.0,"R$5,00","R$1.420.103,52","R$683.057,50","R$1.500.000,00",
298,21/09/2022,5,9,1,1,7,9,1,0.0,,"R$0,00",3.0,"R$8.620,09",40.0,"R$923,58",613.0,"R$60,26",5540.0,"R$5,00","R$1.514.927,23","R$632.037,50","R$1.600.000,00",
299,23/09/2022,0,8,5,2,0,5,6,0.0,,"R$0,00",1.0,"R$25.331,72",34.0,"R$1.064,35",591.0,"R$61,23",5507.0,"R$5,00","R$1.607.811,28","R$620.045,00","R$1.700.000,00",
300,26/09/2022,5,1,3,1,3,8,0,0.0,,"R$0,00",0.0,"R$0,00",46.0,"R$826,72",622.0,"R$61,14",5971.0,"R$5,00","R$1.732.041,85","R$653.715,00","R$1.800.000,00",
301,28/09/2022,0,4,2,0,8,9,8,0.0,,"R$0,00",0.0,"R$0,00",48.0,"R$816,02",697.0,"R$56,19",6105.0,"R$5,00","R$1.859.999,10","R$672.790,00","R$1.900.000,00",
302,30/09/2022,4,8,7,6,0,8,4,0.0,,"R$0,00",2.0,"R$13.749,40",39.0,"R$1.007,28",568.0,"R$69,16",5429.0,"R$5,00","R$1.960.828,86","R$666.755,00","R$2.100.000,00",
303,03/10/2022,2,6,7,8,1,9,5,0.0,,"R$0,00",5.0,"R$5.633,58",61.0,"R$659,66",833.0,"R$48,30",6746.0,"R$5,00","R$2.064.115,71","R$696.645,00","R$2.200.000,00",
304,05/10/2022,3,7,9,1,2,6,1,0.0,,"R$0,00",0.0,"R$0,00",43.0,"R$900,85",747.0,"R$51,85",6241.0,"R$5,00","R$2.190.658,58","R$667.702,50","R$2.300.000,00",
305,07/10/2022,5,7,3,4,9,2,0,0.0,,"R$0,00",2.0,"R$16.839,24",61.0,"R$788,72",879.0,"R$54,73",7616.0,"R$5,00","R$2.314.149,61","R$827.745,00","R$2.400.000,00",
306,10/10/2022,2,0,8,4,3,9,8,0.0,,"R$0,00",2.0,"R$16.750,25",45.0,"R$1.063,50",848.0,"R$56,43",7551.0,"R$5,00","R$2.436.988,66","R$823.085,00","R$2.500.000,00",
307,14/10/2022,9,8,2,4,0,7,2,0.0,,"R$0,00",1.0,"R$35.651,87",41.0,"R$1.242,22",801.0,"R$63,58",7367.0,"R$5,00","R$2.567.714,91","R$868.227,50","R$2.600.000,00",
308,17/10/2022,3,5,1,7,6,6,3,0.0,,"R$0,00",3.0,"R$9.280,11",56.0,"R$710,21",695.0,"R$57,22",6664.0,"R$5,00","R$2.669.798,92","R$688.502,50","R$2.750.000,00",
309,19/10/2022,6,6,3,0,7,9,4,0.0,,"R$0,00",0.0,"R$0,00",51.0,"R$921,07",746.0,"R$62,96",7103.0,"R$5,00","R$2.823.253,96","R$804.335,00","R$2.900.000,00",
310,21/10/2022,6,4,1,7,6,4,2,0.0,,"R$0,00",3.0,"R$10.687,20",67.0,"R$683,61",823.0,"R$55,65",7119.0,"R$5,00","R$2.940.814,99","R$786.490,00","R$3.100.000,00",
311,24/10/2022,7,8,0,9,0,1,5,0.0,,"R$0,00",0.0,"R$0,00",44.0,"R$1.132,85",822.0,"R$60,63",7444.0,"R$5,00","R$3.103.648,80","R$852.417,50","R$3.300.000,00",
312,26/10/2022,7,3,7,4,0,6,6,0.0,,"R$0,00",1.0,"R$31.496,08",70.0,"R$642,77",721.0,"R$62,40",6745.0,"R$5,00","R$3.219.137,60","R$769.752,50","R$3.400.000,00",
313,28/10/2022,7,0,7,7,5,4,3,0.0,,"R$0,00",3.0,"R$10.536,06",62.0,"R$728,29",926.0,"R$48,76",7004.0,"R$5,00","R$3.335.036,60","R$775.202,50","R$3.400.000,00",
314,31/10/2022,6,8,7,9,3,6,6,0.0,,"R$0,00",3.0,"R$13.063,26",65.0,"R$861,31",913.0,"R$61,32",8461.0,"R$5,00","R$3.478.732,93","R$958.572,50","R$3.600.000,00",
315,04/11/2022,9,7,7,1,3,8,1,0.0,,"R$0,00",1.0,"R$44.874,32",68.0,"R$942,73",1088.0,"R$58,92",10075.0,"R$5,00","R$3.643.273,34","R$1.102.075,00","R$3.700.000,00",
316,07/11/2022,8,3,0,2,5,1,2,0.0,,"R$0,00",3.0,"R$12.908,59",65.0,"R$851,11",1011.0,"R$54,72",8746.0,"R$5,00","R$3.785.268,49","R$951.665,00","R$3.900.000,00",
317,09/11/2022,7,3,8,5,2,1,7,0.0,,"R$0,00",3.0,"R$11.402,59",58.0,"R$842,55",812.0,"R$60,18",7583.0,"R$5,00","R$3.910.698,66","R$838.992,50","R$4.000.000,00",
318,11/11/2022,6,1,0,3,3,9,9,0.0,,"R$0,00",2.0,"R$25.554,60",96.0,"R$760,55",1286.0,"R$56,77",11998.0,"R$5,00","R$4.098.104,14","R$1.261.232,50","R$4.200.000,00",
319,14/11/2022,0,4,3,2,2,6,4,0.0,,"R$0,00",0.0,"R$0,00",91.0,"R$788,04",1298.0,"R$55,24",11389.0,"R$5,00","R$4.332.371,42","R$1.234.200,00","R$4.500.000,00",
320,16/11/2022,2,6,5,1,1,7,9,0.0,,"R$0,00",3.0,"R$12.312,68",84.0,"R$628,19",1269.0,"R$41,58",9931.0,"R$5,00","R$4.467.813,94","R$926.057,50","R$4.600.000,00",
321,18/11/2022,6,8,2,6,6,3,5,0.0,,"R$0,00",2.0,"R$21.747,81",78.0,"R$796,62",941.0,"R$66,03",9286.0,"R$5,00","R$4.627.299,68","R$1.062.685,00","R$4.700.000,00",
322,21/11/2022,0,2,8,6,2,3,5,0.0,,"R$0,00",7.0,"R$6.890,78",93.0,"R$740,94",1147.0,"R$60,07",10523.0,"R$5,00","R$4.804.168,57","R$1.181.085,00","R$4.900.000,00",
323,23/11/2022,3,4,2,1,9,5,6,0.0,,"R$0,00",2.0,"R$19.401,04",118.0,"R$469,75",1293.0,"R$42,87",10637.0,"R$5,00","R$4.946.444,02","R$975.152,50","R$5.000.000,00",
324,25/11/2022,5,9,1,1,8,7,8,0.0,,"R$0,00",2.0,"R$20.038,87",61.0,"R$938,58",952.0,"R$60,14",8976.0,"R$5,00","R$5.093.396,50","R$984.020,00","R$5.150.000,00",
325,28/11/2022,1,3,6,2,4,9,9,0.0,,"R$0,00",2.0,"R$19.574,58",93.0,"R$601,36",1197.0,"R$46,72",10425.0,"R$5,00","R$5.236.946,52","R$980.332,50","R$5.400.000,00",
326,30/11/2022,3,3,2,5,7,3,7,0.0,,"R$0,00",4.0,"R$9.102,59",67.0,"R$776,34",1019.0,"R$51,04",9284.0,"R$5,00","R$5.370.454,88","R$907.002,50","R$5.500.000,00",
327,02/12/2022,3,9,6,7,6,0,8,0.0,,"R$0,00",1.0,"R$45.213,84",73.0,"R$884,81",1041.0,"R$62,04",9735.0,"R$5,00","R$5.536.244,31","R$1.105.612,50","R$5.700.000,00",
328,05/12/2022,9,1,1,5,3,8,1,0.0,,"R$0,00",5.0,"R$9.080,33",73.0,"R$888,48",1080.0,"R$60,05",9917.0,"R$5,00","R$5.702.721,15","R$1.111.837,50","R$5.800.000,00",
329,07/12/2022,7,6,8,0,8,5,9,0.0,,"R$0,00",3.0,"R$15.163,70",62.0,"R$1.048,18",1119.0,"R$58,07",9516.0,"R$5,00","R$5.869.526,74","R$1.109.177,50","R$6.000.000,00",
330,09/12/2022,8,3,1,2,8,9,0,0.0,,"R$0,00",2.0,"R$21.091,12",83.0,"R$726,02",1046.0,"R$57,61",9121.0,"R$5,00","R$6.024.195,61","R$1.031.927,50","R$6.100.000,00",
331,12/12/2022,1,1,3,6,4,8,3,0.0,,"R$0,00",9.0,"R$5.899,95",106.0,"R$715,62",1444.0,"R$52,53",13192.0,"R$5,00","R$6.218.896,41","R$1.318.730,00","R$6.300.000,00",
332,14/12/2022,1,5,0,3,6,3,2,0.0,,"R$0,00",5.0,"R$8.646,08",98.0,"R$630,18",1214.0,"R$50,87",10550.0,"R$5,00","R$6.377.409,05","R$1.071.437,50","R$6.500.000,00",
333,16/12/2022,0,1,1,7,9,3,9,0.0,,"R$0,00",3.0,"R$15.027,09",96.0,"R$670,85",1382.0,"R$46,60",11697.0,"R$5,00","R$6.542.707,71","R$1.125.330,00","R$6.700.000,00",
334,19/12/2022,4,5,0,7,0,7,6,0.0,,"R$0,00",1.0,"R$49.945,82",54.0,"R$1.321,31",964.0,"R$74,01",10216.0,"R$5,00","R$6.725.846,59","R$1.215.120,00","R$6.800.000,00",
335,21/12/2022,7,3,1,2,5,4,6,0.0,,"R$0,00",3.0,"R$19.317,10",100.0,"R$827,87",1527.0,"R$54,21",13497.0,"R$5,00","R$6.938.341,33","R$1.428.840,00","R$7.100.000,00",
336,23/12/2022,4,6,4,5,1,4,0,0.0,,"R$0,00",1.0,"R$58.119,13",90.0,"R$922,52",1391.0,"R$59,68",12878.0,"R$5,00","R$7.151.453,87","R$1.425.387,50","R$7.300.000,00",
337,26/12/2022,9,5,4,7,9,7,1,0.0,,"R$0,00",1.0,"R$56.546,89",89.0,"R$907,65",1307.0,"R$61,80",11844.0,"R$5,00","R$7.358.798,84","R$1.378.920,00","R$7.500.000,00",
338,28/12/2022,5,4,9,2,9,9,6,0.0,,"R$0,00",4.0,"R$13.048,56",63.0,"R$1.183,54",1089.0,"R$68,46",10816.0,"R$5,00","R$7.550.185,13","R$1.271.437,50","R$7.700.000,00",
339,30/12/2022,4,3,0,5,9,9,1,0.0,,"R$0,00",8.0,"R$7.100,20",93.0,"R$872,52",1446.0,"R$56,11",12767.0,"R$5,00","R$7.758.465,51","R$1.395.162,50","R$8.000.000,00",
340,02/01/2023,3,9,6,3,8,3,1,0.0,,"R$0,00",6.0,"R$12.668,31",145.0,"R$748,86",1917.0,"R$56,64",16961.0,"R$5,00","R$8.037.173,50","R$1.865.532,50","R$8.300.000,00",
341,04/01/2023,2,6,1,1,7,1,0,0.0,,"R$0,00",4.0,"R$21.263,21",160.0,"R$759,40",2270.0,"R$53,52",20932.0,"R$5,00","R$8.349.043,60","R$2.110.005,00","R$8.600.000,00",
342,06/01/2023,8,0,1,3,7,1,8,1.0,GOIANIA/GO,"R$8.601.548,48",10.0,"R$6.886,49",111.0,"R$886,29",1525.0,"R$64,51",14701.0,"R$5,00","R$0,00","R$1.682.492,50","R$100.000,00",
343,09/01/2023,7,7,0,9,8,6,0,0.0,,"R$0,00",1.0,"R$22.934,24",29.0,"R$1.129,76",520.0,"R$63,00",4910.0,"R$5,00","R$84.094,57","R$560.487,50","R$200.000,00",
344,11/01/2023,7,2,4,4,7,4,3,0.0,,"R$0,00",0.0,"R$0,00",25.0,"R$1.185,70",444.0,"R$66,76",4761.0,"R$5,00","R$180.928,51","R$510.780,00","R$300.000,00",
345,13/01/2023,1,6,4,4,6,3,7,0.0,,"R$0,00",2.0,"R$10.501,90",41.0,"R$731,83",641.0,"R$46,81",5727.0,"R$5,00","R$257.942,92","R$527.500,00","R$350.000,00",
346,16/01/2023,3,0,9,5,6,5,3,0.0,,"R$0,00",1.0,"R$21.921,13",25.0,"R$1.252,63",504.0,"R$62,13",4558.0,"R$5,00","R$338.322,18","R$534.170,00","R$400.000,00",
347,18/01/2023,9,5,2,6,2,0,0,0.0,,"R$0,00",0.0,"R$0,00",27.0,"R$1.059,58",524.0,"R$54,59",4532.0,"R$5,00","R$431.780,74","R$492.240,00","R$500.000,00",
348,20/01/2023,0,0,3,5,8,1,9,0.0,,"R$0,00",2.0,"R$10.018,78",58.0,"R$493,53",608.0,"R$47,08",4849.0,"R$5,00","R$505.252,33","R$496.145,00","R$600.000,00",
349,23/01/2023,6,0,5,1,3,6,6,0.0,,"R$0,00",2.0,"R$10.674,00",30.0,"R$1.016,57",500.0,"R$60,99",4722.0,"R$5,00","R$583.529,84","R$523.470,00","R$700.000,00",
350,25/01/2023,7,3,1,6,5,3,3,0.0,,"R$0,00",4.0,"R$4.836,51",32.0,"R$863,66",544.0,"R$50,80",4831.0,"R$5,00","R$654.466,77","R$480.745,00","R$750.000,00",
351,27/01/2023,9,9,1,4,6,6,5,0.0,,"R$0,00",0.0,"R$0,00",40.0,"R$803,11",520.0,"R$61,77",4752.0,"R$5,00","R$759.409,66","R$548.842,50","R$800.000,00",
352,30/01/2023,3,9,9,9,1,4,8,0.0,,"R$0,00",1.0,"R$24.247,65",27.0,"R$1.282,94",517.0,"R$67,00",5130.0,"R$5,00","R$848.318,14","R$591.880,00","R$1.000.000,00",
353,01/02/2023,0,1,1,2,7,6,1,0.0,,"R$0,00",1.0,"R$22.579,88",58.0,"R$556,15",675.0,"R$47,78",5940.0,"R$5,00","R$931.115,08","R$564.582,50","R$1.100.000,00",
354,03/02/2023,7,2,1,2,6,5,1,0.0,,"R$0,00",5.0,"R$4.805,38",43.0,"R$798,23",663.0,"R$51,77",5702.0,"R$5,00","R$1.019.214,29","R$593.627,50","R$1.150.000,00",
355,06/02/2023,0,1,5,9,2,7,2,0.0,,"R$0,00",3.0,"R$9.034,06",54.0,"R$716,98",717.0,"R$53,99",6323.0,"R$5,00","R$1.118.593,77","R$668.352,50","R$1.250.000,00",
356,08/02/2023,7,7,7,3,2,1,9,0.0,,"R$0,00",3.0,"R$8.276,08",54.0,"R$656,83",665.0,"R$53,33",5956.0,"R$5,00","R$1.209.633,85","R$614.162,50","R$1.300.000,00",
357,10/02/2023,9,8,9,7,8,6,6,0.0,,"R$0,00",1.0,"R$26.752,06",59.0,"R$647,74",610.0,"R$62,65",5457.0,"R$5,00","R$1.307.725,65","R$650.672,50","R$1.400.000,00",
358,13/02/2023,8,4,8,1,3,0,9,0.0,,"R$0,00",3.0,"R$9.450,24",36.0,"R$1.125,02",657.0,"R$61,64",5806.0,"R$5,00","R$1.411.681,07","R$689.820,00","R$1.500.000,00",
359,15/02/2023,8,8,7,9,6,2,7,0.0,,"R$0,00",1.0,"R$25.629,17",39.0,"R$938,79",656.0,"R$55,81",5230.0,"R$5,00","R$1.505.656,16","R$623.385,00","R$1.600.000,00",
360,17/02/2023,9,8,5,2,9,6,3,0.0,,"R$0,00",4.0,"R$7.227,55",39.0,"R$1.058,98",706.0,"R$58,49",6653.0,"R$5,00","R$1.611.664,56","R$711.880,00","R$1.700.000,00",
361,22/02/2023,9,3,2,0,4,6,5,0.0,,"R$0,00",2.0,"R$15.596,80",44.0,"R$1.012,77",691.0,"R$64,48",6716.0,"R$5,00","R$1.726.045,98","R$762.772,50","R$1.800.000,00",
362,24/02/2023,0,7,5,9,3,1,5,0.0,,"R$0,00",0.0,"R$0,00",51.0,"R$835,70",736.0,"R$57,90",6442.0,"R$5,00","R$1.865.280,09","R$729.760,00","R$2.000.000,00",
363,27/02/2023,5,7,8,9,5,1,9,0.0,,"R$0,00",2.0,"R$17.103,31",51.0,"R$958,16",867.0,"R$56,36",7738.0,"R$5,00","R$1.990.706,39","R$840.755,00","R$2.100.000,00",
364,01/03/2023,5,1,2,7,0,5,9,0.0,,"R$0,00",0.0,"R$0,00",42.0,"R$993,70",800.0,"R$52,16",6884.0,"R$5,00","R$2.127.048,28","R$721.240,00","R$2.200.000,00",
365,03/03/2023,9,9,8,5,3,8,3,0.0,,"R$0,00",2.0,"R$15.828,54",44.0,"R$1.027,82",740.0,"R$61,11",6954.0,"R$5,00","R$2.243.126,55","R$775.700,00","R$2.300.000,00",
366,06/03/2023,9,9,0,9,0,8,6,0.0,,"R$0,00",0.0,"R$0,00",40.0,"R$1.192,87",660.0,"R$72,29",6708.0,"R$5,00","R$2.398.998,98","R$811.167,50","R$2.500.000,00",
367,08/03/2023,2,3,1,9,5,9,3,0.0,,"R$0,00",2.0,"R$16.548,02",63.0,"R$750,47",1015.0,"R$46,58",8425.0,"R$5,00","R$2.520.352,41","R$824.280,00","R$2.600.000,00",
368,10/03/2023,4,7,3,7,2,6,1,0.0,,"R$0,00",2.0,"R$18.385,53",72.0,"R$729,58",969.0,"R$54,21",8325.0,"R$5,00","R$2.655.180,22","R$903.865,00","R$2.800.000,00",
369,14/03/2023,2,7,0,6,2,5,2,0.0,,"R$0,00",0.0,"R$0,00",50.0,"R$986,71",915.0,"R$53,91",8222.0,"R$5,00","R$2.816.350,28","R$853.555,00","R$3.000.000,00",
370,15/03/2023,0,6,9,2,2,7,0,0.0,,"R$0,00",4.0,"R$10.092,35",67.0,"R$860,75",913.0,"R$63,16",8598.0,"R$5,00","R$2.964.375,36","R$986.067,50","R$3.100.000,00",
371,17/03/2023,1,3,9,3,3,1,4,0.0,,"R$0,00",1.0,"R$37.851,17",66.0,"R$819,28",1033.0,"R$52,34",9215.0,"R$5,00","R$3.103.167,53","R$937.860,00","R$3.200.000,00",
372,20/03/2023,0,7,4,9,9,4,7,0.0,,"R$0,00",4.0,"R$9.022,96",61.0,"R$845,24",915.0,"R$56,34",8375.0,"R$5,00","R$3.235.510,52","R$889.520,00","R$3.300.000,00",
373,22/03/2023,6,2,6,1,6,2,3,0.0,,"R$0,00",0.0,"R$0,00",47.0,"R$940,94",713.0,"R$62,02",6726.0,"R$5,00","R$3.379.980,96","R$757.695,00","R$3.400.000,00",
374,24/03/2023,6,7,4,1,7,5,9,0.0,,"R$0,00",3.0,"R$10.610,07",49.0,"R$927,99",848.0,"R$53,62",7183.0,"R$5,00","R$3.496.693,26","R$782.145,00","R$3.600.000,00",
375,27/03/2023,7,1,7,5,3,6,6,0.0,,"R$0,00",3.0,"R$14.212,80",59.0,"R$1.032,40",1096.0,"R$55,57",9741.0,"R$5,00","R$3.653.039,35","R$1.049.100,00","R$3.800.000,00",
376,29/03/2023,3,9,4,9,8,0,6,0.0,,"R$0,00",1.0,"R$36.651,85",43.0,"R$1.217,66",845.0,"R$61,96",7788.0,"R$5,00","R$3.787.432,28","R$895.052,50","R$3.900.000,00",
377,31/03/2023,2,5,3,6,5,2,9,0.0,,"R$0,00",4.0,"R$11.808,28",87.0,"R$775,58",1451.0,"R$46,50",12072.0,"R$5,00","R$3.960.623,72","R$1.176.930,00","R$4.000.000,00",
378,03/04/2023,4,4,1,2,7,6,2,0.0,,"R$0,00",3.0,"R$15.086,77",71.0,"R$910,67",1049.0,"R$61,63",10212.0,"R$5,00","R$4.126.583,58","R$1.112.135,00","R$4.200.000,00",
379,05/04/2023,0,4,9,3,4,1,9,0.0,,"R$0,00",1.0,"R$42.801,03",66.0,"R$926,42",975.0,"R$62,71",9853.0,"R$5,00","R$4.283.522,56","R$1.053.965,00","R$4.400.000,00",
380,10/04/2023,0,2,3,7,5,8,0,0.0,,"R$0,00",4.0,"R$12.758,79",117.0,"R$623,13",1535.0,"R$47,49",12954.0,"R$5,00","R$4.470.659,48","R$1.270.632,50","R$4.600.000,00",
381,12/04/2023,5,4,1,3,3,2,4,0.0,,"R$0,00",3.0,"R$20.659,99",110.0,"R$804,93",1538.0,"R$57,57",14044.0,"R$5,00","R$4.697.919,90","R$1.523.657,50","R$4.900.000,00",
382,14/04/2023,2,3,9,1,7,6,3,0.0,,"R$0,00",7.0,"R$7.669,56",109.0,"R$703,62",1544.0,"R$49,67",13420.0,"R$5,00","R$4.894.776,17","R$1.334.265,00","R$5.100.000,00",
383,17/04/2023,0,7,4,7,5,7,8,0.0,,"R$0,00",5.0,"R$10.640,49",86.0,"R$883,76",1494.0,"R$50,87",13346.0,"R$5,00","R$5.089.854,35","R$1.322.767,50","R$5.200.000,00",
384,19/04/2023,8,9,5,8,0,1,9,0.0,,"R$0,00",3.0,"R$17.030,37",95.0,"R$768,28",1381.0,"R$52,85",11462.0,"R$5,00","R$5.277.189,85","R$1.254.652,50","R$5.400.000,00",
385,24/04/2023,0,1,3,9,9,3,7,0.0,,"R$0,00",4.0,"R$15.991,08",145.0,"R$630,19",1869.0,"R$48,89",15742.0,"R$5,00","R$5.511.727,29","R$1.586.837,50","R$5.600.000,00",
386,26/04/2023,4,3,9,7,0,6,0,0.0,,"R$0,00",1.0,"R$47.046,84",59.0,"R$1.139,14",999.0,"R$67,27",9660.0,"R$5,00","R$5.684.237,62","R$1.145.017,50","R$5.800.000,00",
387,28/04/2023,7,5,9,8,5,7,8,0.0,,"R$0,00",2.0,"R$23.572,95",82.0,"R$821,35",1178.0,"R$57,17",10536.0,"R$5,00","R$5.857.109,79","R$1.157.297,50","R$6.000.000,00",
388,03/05/2023,5,9,2,1,5,3,3,0.0,,"R$0,00",3.0,"R$19.672,67",87.0,"R$969,09",1321.0,"R$63,82",12964.0,"R$5,00","R$6.073.513,24","R$1.446.127,50","R$6.200.000,00",
389,05/05/2023,6,0,3,6,3,0,1,0.0,,"R$0,00",1.0,"R$48.921,95",82.0,"R$852,29",1084.0,"R$64,47",9914.0,"R$5,00","R$6.252.896,30","R$1.189.142,50","R$6.400.000,00",
390,08/05/2023,5,2,8,8,4,3,4,0.0,,"R$0,00",4.0,"R$15.805,89",64.0,"R$1.411,23",1377.0,"R$65,59",13025.0,"R$5,00","R$6.484.717,80","R$1.539.225,00","R$6.600.000,00",
391,10/05/2023,8,3,6,5,2,0,6,0.0,,"R$0,00",4.0,"R$12.922,38",90.0,"R$820,46",1172.0,"R$63,00",11371.0,"R$5,00","R$6.674.250,89","R$1.266.750,00","R$6.800.000,00",
392,12/05/2023,1,5,8,0,3,7,9,0.0,,"R$0,00",2.0,"R$24.188,99",116.0,"R$595,78",1450.0,"R$47,66",11676.0,"R$5,00","R$6.851.640,60","R$1.197.515,00","R$7.000.000,00",
393,15/05/2023,1,5,5,1,7,7,8,0.0,,"R$0,00",3.0,"R$17.999,56",115.0,"R$670,79",1690.0,"R$45,64",14496.0,"R$5,00","R$7.049.642,37","R$1.353.525,00","R$7.200.000,00",
394,17/05/2023,7,6,9,6,1,3,1,0.0,,"R$0,00",2.0,"R$25.695,02",91.0,"R$806,75",1154.0,"R$63,61",10528.0,"R$5,00","R$7.238.078,50","R$1.250.447,50","R$7.400.000,00",
395,19/05/2023,3,6,4,1,2,8,5,0.0,,"R$0,00",4.0,"R$17.857,05",168.0,"R$607,38",2049.0,"R$49,80",16654.0,"R$5,00","R$7.499.982,38","R$1.761.335,00","R$7.700.000,00",
396,22/05/2023,6,5,0,7,8,0,2,0.0,,"R$0,00",3.0,"R$25.005,31",131.0,"R$818,05",1843.0,"R$58,14",16165.0,"R$5,00","R$7.775.050,95","R$1.834.515,00","R$8.000.000,00",
397,24/05/2023,6,0,1,8,0,7,5,0.0,,"R$0,00",1.0,"R$55.713,28",79.0,"R$1.007,47",1341.0,"R$59,35",11959.0,"R$5,00","R$7.979.334,64","R$1.361.932,50","R$8.200.000,00",
398,26/05/2023,3,5,4,7,3,8,5,0.0,,"R$0,00",1.0,"R$69.302,24",143.0,"R$692,33",2124.0,"R$46,61",16489.0,"R$5,00","R$8.233.445,32","R$1.712.725,00","R$8.400.000,00",
399,29/05/2023,2,5,2,6,6,4,8,0.0,,"R$0,00",2.0,"R$34.338,60",137.0,"R$716,13",1953.0,"R$50,23",17248.0,"R$5,00","R$8.485.269,80","R$1.707.747,50","R$8.600.000,00",
400,31/05/2023,0,5,5,4,2,4,3,0.0,,"R$0,00",4.0,"R$14.986,16",124.0,"R$690,60",1501.0,"R$57,05",13601.0,"R$5,00","R$8.705.069,62","R$1.473.832,50","R$8.800.000,00",
401,02/06/2023,9,6,5,0,8,6,7,0.0,,"R$0,00",4.0,"R$15.947,28",99.0,"R$920,47",1414.0,"R$64,44",13499.0,"R$5,00","R$8.938.970,04","R$1.557.117,50","R$9.100.000,00",
402,05/06/2023,7,2,4,9,0,1,1,0.0,,"R$0,00",5.0,"R$13.190,55",119.0,"R$791,74",1570.0,"R$60,01",14056.0,"R$5,00","R$9.180.799,11","R$1.611.075,00","R$9.400.000,00",
403,07/06/2023,0,8,7,6,0,6,1,0.0,,"R$0,00",5.0,"R$18.323,97",169.0,"R$774,47",2319.0,"R$56,44",20269.0,"R$5,00","R$9.516.739,53","R$2.246.632,50","R$9.700.000,00",
404,09/06/2023,0,3,4,9,2,3,9,0.0,,"R$0,00",4.0,"R$17.779,68",129.0,"R$787,58",1933.0,"R$52,55",17700.0,"R$5,00","R$9.777.521,71","R$1.766.600,00","R$10.000.000,00",
405,12/06/2023,3,6,6,7,3,5,2,1.0,VILHENA/RO,"R$10.146.164,26",11.0,"R$9.139,58",189.0,"R$759,90",2750.0,"R$52,22",23003.0,"R$5,00","R$0,00","R$2.474.037,50","R$100.000,00",
406,14/06/2023,6,2,6,5,5,9,4,0.0,,"R$0,00",0.0,"R$0,00",34.0,"R$861,33",510.0,"R$57,42",4358.0,"R$5,00","R$95.666,86","R$500.637,50","R$200.000,00",
407,16/06/2023,3,6,8,3,9,2,7,0.0,,"R$0,00",3.0,"R$6.961,96",33.0,"R$904,15",469.0,"R$63,61",4639.0,"R$5,00","R$172.251,10","R$512.360,00","R$250.000,00",
408,19/06/2023,9,4,4,1,4,2,3,0.0,,"R$0,00",0.0,"R$0,00",25.0,"R$1.238,23",457.0,"R$67,73",4573.0,"R$5,00","R$273.375,62","R$528.805,00","R$350.000,00",
409,21/06/2023,1,5,5,2,0,1,7,0.0,,"R$0,00",4.0,"R$4.991,45",57.0,"R$500,39",637.0,"R$44,77",5067.0,"R$5,00","R$346.586,54","R$497.082,50","R$450.000,00",
410,23/06/2023,7,9,0,5,2,2,1,0.0,,"R$0,00",3.0,"R$6.682,79",34.0,"R$842,36",506.0,"R$56,60",4404.0,"R$5,00","R$420.098,10","R$491.250,00","R$500.000,00",
411,26/06/2023,9,5,5,2,5,2,0,0.0,,"R$0,00",0.0,"R$0,00",34.0,"R$852,27",466.0,"R$62,18",4515.0,"R$5,00","R$514.757,79","R$497.707,50","R$600.000,00",
412,28/06/2023,2,1,3,6,6,7,7,0.0,,"R$0,00",1.0,"R$19.796,41",45.0,"R$628,45",689.0,"R$41,04",5361.0,"R$5,00","R$587.347,66","R$496.752,50","R$650.000,00",
413,30/06/2023,9,2,3,6,8,6,8,0.0,,"R$0,00",2.0,"R$10.466,82",29.0,"R$1.031,21",526.0,"R$56,85",4980.0,"R$5,00","R$664.105,88","R$517.342,50","R$700.000,00",
414,03/07/2023,5,3,6,4,9,8,7,0.0,,"R$0,00",2.0,"R$12.014,15",44.0,"R$780,13",606.0,"R$56,64",5703.0,"R$5,00","R$752.211,55","R$593.670,00","R$800.000,00",
415,05/07/2023,9,3,4,0,2,7,3,0.0,,"R$0,00",1.0,"R$23.118,07",31.0,"R$1.065,34",548.0,"R$60,26",5170.0,"R$5,00","R$836.980,32","R$567.525,00","R$900.000,00",
416,07/07/2023,6,7,5,3,9,9,8,0.0,,"R$0,00",0.0,"R$0,00",44.0,"R$835,33",588.0,"R$62,50",5434.0,"R$5,00","R$957.048,96","R$627.915,00","R$1.000.000,00",
417,10/07/2023,0,2,2,1,1,2,9,0.0,,"R$0,00",2.0,"R$13.067,49",54.0,"R$691,40",738.0,"R$50,59",6731.0,"R$5,00","R$1.052.877,52","R$651.810,00","R$1.200.000,00",
418,12/07/2023,6,6,5,2,1,9,9,0.0,,"R$0,00",0.0,"R$0,00",36.0,"R$960,60",585.0,"R$59,11",5605.0,"R$5,00","R$1.165.846,92","R$596.472,50","R$1.300.000,00",
419,14/07/2023,7,3,2,1,6,3,1,0.0,,"R$0,00",5.0,"R$5.099,53",43.0,"R$847,09",602.0,"R$60,50",5826.0,"R$5,00","R$1.259.341,60","R$627.370,00","R$1.350.000,00",
420,17/07/2023,2,8,1,5,3,2,6,0.0,,"R$0,00",6.0,"R$4.375,33",89.0,"R$421,37",938.0,"R$39,98",6832.0,"R$5,00","R$1.355.600,57","R$655.545,00","R$1.400.000,00",
421,19/07/2023,7,8,0,0,6,9,6,0.0,,"R$0,00",0.0,"R$0,00",20.0,"R$1.597,60",421.0,"R$75,89",4304.0,"R$5,00","R$1.459.979,42","R$541.025,00","R$1.500.000,00",
422,21/07/2023,9,2,0,3,8,2,2,0.0,,"R$0,00",1.0,"R$24.237,08",30.0,"R$1.154,14",500.0,"R$69,24",5107.0,"R$5,00","R$1.548.851,92","R$591.382,50","R$1.600.000,00",
423,24/07/2023,7,3,4,0,3,7,3,0.0,,"R$0,00",2.0,"R$13.678,80",70.0,"R$558,31",670.0,"R$58,33",6206.0,"R$5,00","R$1.649.164,39","R$672.615,00","R$1.700.000,00",
424,26/07/2023,5,2,4,3,2,0,0,0.0,,"R$0,00",0.0,"R$0,00",45.0,"R$784,52",690.0,"R$51,16",5662.0,"R$5,00","R$1.764.492,87","R$608.232,50","R$1.900.000,00",
425,28/07/2023,9,7,5,8,4,1,8,0.0,,"R$0,00",1.0,"R$28.250,56",49.0,"R$823,63",717.0,"R$56,28",6170.0,"R$5,00","R$1.868.081,90","R$691.817,50","R$1.950.000,00",
426,31/07/2023,6,6,9,9,3,1,7,0.0,,"R$0,00",1.0,"R$30.412,62",41.0,"R$1.059,67",659.0,"R$65,92",6136.0,"R$5,00","R$1.979.598,65","R$738.925,00","R$2.100.000,00",
427,02/08/2023,4,4,3,4,4,2,2,0.0,,"R$0,00",3.0,"R$9.027,39",55.0,"R$703,43",653.0,"R$59,24",5589.0,"R$5,00","R$2.078.903,66","R$659.447,50","R$2.200.000,00",
428,04/08/2023,3,4,3,2,7,9,8,0.0,,"R$0,00",1.0,"R$30.403,72",55.0,"R$789,70",763.0,"R$56,92",6855.0,"R$5,00","R$2.190.387,00","R$747.022,50","R$2.300.000,00",
429,07/08/2023,5,7,4,0,5,0,9,0.0,,"R$0,00",3.0,"R$10.471,96",56.0,"R$801,42",751.0,"R$59,76",6569.0,"R$5,00","R$2.305.578,71","R$765.960,00","R$2.400.000,00",
430,09/08/2023,4,6,4,1,8,6,7,0.0,,"R$0,00",3.0,"R$9.173,73",38.0,"R$1.034,63",727.0,"R$54,07",6324.0,"R$5,00","R$2.406.494,77","R$677.570,00","R$2.500.000,00",
431,11/08/2023,3,0,7,8,6,1,3,0.0,,"R$0,00",1.0,"R$29.869,61",41.0,"R$1.040,75",646.0,"R$66,05",6051.0,"R$5,00","R$2.516.018,58","R$726.015,00","R$2.600.000,00",
432,14/08/2023,7,9,8,1,7,1,4,0.0,,"R$0,00",2.0,"R$15.672,14",40.0,"R$1.119,43",672.0,"R$66,63",6390.0,"R$5,00","R$2.630.949,28","R$762.322,50","R$2.700.000,00",
433,16/08/2023,8,4,9,8,8,7,6,0.0,,"R$0,00",1.0,"R$27.352,32",32.0,"R$1.221,08",683.0,"R$57,21",5537.0,"R$5,00","R$2.731.241,43","R$664.782,50","R$2.800.000,00",
434,18/08/2023,7,1,2,9,5,0,3,0.0,,"R$0,00",3.0,"R$11.062,06",62.0,"R$764,65",795.0,"R$59,63",7284.0,"R$5,00","R$2.852.926,54","R$813.100,00","R$2.900.000,00",
435,21/08/2023,1,0,3,0,9,9,4,0.0,,"R$0,00",3.0,"R$10.832,99",52.0,"R$892,82",852.0,"R$54,49",7706.0,"R$5,00","R$2.972.090,99","R$802.870,00","R$3.100.000,00",
436,23/08/2023,6,6,1,4,4,9,7,0.0,,"R$0,00",4.0,"R$7.149,69",50.0,"R$817,10",668.0,"R$61,16",6066.0,"R$5,00","R$3.076.953,62","R$698.267,50","R$3.200.000,00",
437,25/08/2023,0,1,8,3,4,5,3,0.0,,"R$0,00",3.0,"R$9.563,14",218.0,"R$188,00",768.0,"R$53,36",6394.0,"R$5,00","R$3.182.151,77","R$704.042,50","R$3.300.000,00",
438,28/08/2023,5,5,3,0,2,4,7,0.0,,"R$0,00",0.0,"R$0,00",81.0,"R$727,60",1085.0,"R$54,31",9417.0,"R$5,00","R$3.374.683,07","R$1.014.975,00","R$3.500.000,00",
439,30/08/2023,3,4,2,7,6,5,9,0.0,,"R$0,00",3.0,"R$11.745,96",79.0,"R$637,21",1090.0,"R$46,18",9212.0,"R$5,00","R$3.503.891,31","R$880.412,50","R$3.600.000,00",
440,01/09/2023,8,8,2,5,4,8,8,0.0,,"R$0,00",5.0,"R$7.562,49",67.0,"R$806,23",954.0,"R$56,62",8544.0,"R$5,00","R$3.642.538,84","R$929.270,00","R$3.800.000,00",
441,04/09/2023,2,4,4,3,8,6,7,0.0,,"R$0,00",7.0,"R$5.776,33",98.0,"R$589,42",1366.0,"R$42,28",10605.0,"R$5,00","R$3.790.804,20","R$1.010.642,50","R$4.000.000,00",
442,06/09/2023,5,3,8,8,7,7,0,0.0,,"R$0,00",1.0,"R$37.235,01",48.0,"R$1.108,18",799.0,"R$66,57",8015.0,"R$5,00","R$3.927.335,15","R$910.482,50","R$4.100.000,00",
443,08/09/2023,2,2,3,6,1,3,9,0.0,,"R$0,00",2.0,"R$14.286,20",43.0,"R$949,24",911.0,"R$44,80",7646.0,"R$5,00","R$4.032.104,32","R$715.912,50","R$4.200.000,00",
444,11/09/2023,0,4,6,3,8,1,2,0.0,,"R$0,00",1.0,"R$38.885,40",66.0,"R$841,67",898.0,"R$61,86",8254.0,"R$5,00","R$4.174.684,58","R$949.497,50","R$4.300.000,00",
445,13/09/2023,0,3,6,1,3,9,3,0.0,,"R$0,00",2.0,"R$17.326,10",53.0,"R$934,02",883.0,"R$56,06",8224.0,"R$5,00","R$4.301.744,27","R$856.150,00","R$4.400.000,00",
446,15/09/2023,7,6,0,8,3,8,8,0.0,,"R$0,00",0.0,"R$0,00",57.0,"R$945,86",801.0,"R$67,30",7956.0,"R$5,00","R$4.477.869,69","R$920.897,50","R$4.600.000,00",
447,18/09/2023,6,6,8,7,6,6,0,0.0,,"R$0,00",6.0,"R$7.719,21",79.0,"R$837,52",1192.0,"R$55,50",9391.0,"R$5,00","R$4.647.698,79","R$1.125.842,50","R$4.700.000,00",
448,20/09/2023,3,4,1,6,4,0,8,0.0,,"R$0,00",1.0,"R$39.697,33",62.0,"R$914,68",1020.0,"R$55,59",9305.0,"R$5,00","R$4.793.261,96","R$979.457,50","R$4.900.000,00",
449,22/09/2023,3,6,5,0,5,3,5,0.0,,"R$0,00",2.0,"R$21.571,46",61.0,"R$1.010,37",1095.0,"R$56,28",9927.0,"R$5,00","R$4.951.457,16","R$1.062.330,00","R$5.100.000,00",
450,25/09/2023,0,6,5,9,8,1,8,0.0,,"R$0,00",1.0,"R$43.265,91",67.0,"R$922,51",940.0,"R$65,75",9300.0,"R$5,00","R$5.110.101,44","R$1.057.800,00","R$5.200.000,00",
451,27/09/2023,6,0,5,4,7,6,7,0.0,,"R$0,00",1.0,"R$42.361,43",55.0,"R$1.100,29",1006.0,"R$60,15",9669.0,"R$5,00","R$5.265.430,76","R$1.042.185,00","R$5.400.000,00",
452,29/09/2023,4,4,7,5,9,0,3,0.0,,"R$0,00",2.0,"R$23.097,63",57.0,"R$1.157,77",1055.0,"R$62,55",10272.0,"R$5,00","R$5.434.815,67","R$1.133.367,50","R$5.500.000,00",
453,02/10/2023,8,2,8,9,7,4,6,0.0,,"R$0,00",0.0,"R$0,00",62.0,"R$1.094,37",1060.0,"R$64,01",10153.0,"R$5,00","R$5.656.464,81","R$1.160.572,50","R$5.800.000,00",
454,04/10/2023,7,4,2,3,2,2,9,0.0,,"R$0,00",3.0,"R$15.245,05",70.0,"R$933,37",1312.0,"R$49,79",11115.0,"R$5,00","R$5.824.168,44","R$1.132.982,50","R$6.000.000,00",
455,06/10/2023,8,7,5,4,9,9,5,0.0,,"R$0,00",2.0,"R$27.420,05",65.0,"R$1.205,27",1303.0,"R$60,12",11852.0,"R$5,00","R$6.025.253,83","R$1.341.515,00","R$6.200.000,00",
456,09/10/2023,2,0,8,7,7,0,7,0.0,,"R$0,00",4.0,"R$13.196,19",81.0,"R$930,94",1228.0,"R$61,40",12061.0,"R$5,00","R$6.218.803,61","R$1.298.770,00","R$6.400.000,00",
457,11/10/2023,4,7,8,0,9,0,0,0.0,,"R$0,00",0.0,"R$0,00",61.0,"R$1.127,86",956.0,"R$71,96",9364.0,"R$5,00","R$6.443.555,26","R$1.166.060,00","R$6.600.000,00",
458,13/10/2023,4,7,3,4,0,1,0,0.0,,"R$0,00",1.0,"R$38.658,90",62.0,"R$890,75",903.0,"R$61,15",8452.0,"R$5,00","R$6.585.310,88","R$946.805,00","R$6.700.000,00",
459,16/10/2023,9,3,7,0,8,5,2,0.0,,"R$0,00",5.0,"R$9.771,15",85.0,"R$821,10",1149.0,"R$60,74",10365.0,"R$5,00","R$6.764.451,48","R$1.192.890,00","R$7.000.000,00",
460,18/10/2023,3,2,6,8,3,7,2,0.0,,"R$0,00",3.0,"R$15.701,33",78.0,"R$862,71",1164.0,"R$57,81",10445.0,"R$5,00","R$6.937.166,57","R$1.155.327,50","R$7.100.000,00",
461,20/10/2023,6,1,3,2,5,2,8,0.0,,"R$0,00",2.0,"R$25.297,03",92.0,"R$785,62",1346.0,"R$53,69",11667.0,"R$5,00","R$7.122.685,65","R$1.246.097,50","R$7.300.000,00",
462,23/10/2023,6,8,5,5,8,9,6,0.0,,"R$0,00",2.0,"R$25.919,59",81.0,"R$914,27",1111.0,"R$66,65",10559.0,"R$5,00","R$7.312.768,23","R$1.260.672,50","R$7.500.000,00",
463,25/10/2023,6,6,8,1,9,6,4,0.0,,"R$0,00",4.0,"R$11.204,95",89.0,"R$719,41",1388.0,"R$46,12",11174.0,"R$5,00","R$7.477.117,53","R$1.113.552,50","R$7.600.000,00",
464,27/10/2023,7,7,8,4,7,1,6,0.0,,"R$0,00",2.0,"R$24.877,35",85.0,"R$836,21",1164.0,"R$61,06",11237.0,"R$5,00","R$7.659.554,70","R$1.222.697,50","R$7.800.000,00",
465,30/10/2023,1,6,1,0,8,5,8,0.0,,"R$0,00",4.0,"R$12.487,56",121.0,"R$589,73",1436.0,"R$49,69",12144.0,"R$5,00","R$7.842.707,66","R$1.237.455,00","R$8.000.000,00",
466,01/11/2023,3,2,0,6,3,6,3,0.0,,"R$0,00",8.0,"R$5.687,54",86.0,"R$755,81",1159.0,"R$56,08",10882.0,"R$5,00","R$8.009.545,13","R$1.125.135,00","R$8.100.000,00",
467,03/11/2023,4,9,0,7,4,1,0,1.0,SAO PAULO/SP,"R$8.203.359,85",12.0,"R$4.404,78",105.0,"R$719,14",1390.0,"R$54,32",11178.0,"R$5,00","R$0,00","R$1.290.180,00","R$100.000,00",
468,06/11/2023,3,5,3,4,5,6,6,0.0,,"R$0,00",1.0,"R$19.777,36",60.0,"R$470,88",940.0,"R$30,05",4827.0,"R$5,00","R$72.521,89","R$490.175,00","R$200.000,00",
469,08/11/2023,9,9,6,5,4,6,8,0.0,,"R$0,00",2.0,"R$8.572,60",29.0,"R$844,59",436.0,"R$56,17",3802.0,"R$5,00","R$135.389,75","R$420.525,00","R$250.000,00",
470,10/11/2023,3,1,1,1,1,5,8,0.0,,"R$0,00",2.0,"R$8.784,32",26.0,"R$965,30",578.0,"R$43,42",4589.0,"R$5,00","R$199.809,15","R$438.905,00","R$270.000,00",
471,13/11/2023,4,9,3,3,0,4,6,0.0,,"R$0,00",2.0,"R$9.225,80",25.0,"R$1.054,37",408.0,"R$64,60",3723.0,"R$5,00","R$267.467,00","R$448.315,00","R$300.000,00",
472,17/11/2023,8,7,4,8,6,8,2,0.0,,"R$0,00",1.0,"R$20.164,52",38.0,"R$758,06",413.0,"R$69,74",4222.0,"R$5,00","R$341.406,38","R$491.702,50","R$400.000,00",
473,20/11/2023,5,0,0,8,4,9,4,0.0,,"R$0,00",0.0,"R$0,00",18.0,"R$1.197,58",286.0,"R$75,37",3056.0,"R$5,00","R$411.825,12","R$366.760,00","R$450.000,00",
474,22/11/2023,1,4,5,6,7,8,5,0.0,,"R$0,00",3.0,"R$5.141,50",99.0,"R$222,57",480.0,"R$45,90",3902.0,"R$5,00","R$468.384,00","R$383.875,00","R$500.000,00",
475,24/11/2023,5,8,1,8,2,1,0,0.0,,"R$0,00",1.0,"R$17.130,07",25.0,"R$978,86",384.0,"R$63,72",3489.0,"R$5,00","R$531.196,41","R$416.582,50","R$600.000,00",
476,27/11/2023,9,3,3,6,9,4,5,0.0,,"R$0,00",0.0,"R$0,00",23.0,"R$1.109,12",451.0,"R$56,56",4101.0,"R$5,00","R$614.529,74","R$439.610,00","R$700.000,00",
477,29/11/2023,7,2,4,6,1,9,3,0.0,,"R$0,00",0.0,"R$0,00",33.0,"R$710,63",454.0,"R$51,65",3638.0,"R$5,00","R$691.138,06","R$402.607,50","R$800.000,00",
478,01/12/2023,2,7,1,4,2,5,7,0.0,,"R$0,00",2.0,"R$9.440,80",31.0,"R$870,11",638.0,"R$42,27",5050.0,"R$5,00","R$760.374,63","R$473.067,50","R$850.000,00",
479,04/12/2023,5,8,0,2,7,4,1,0.0,,"R$0,00",2.0,"R$9.726,58",36.0,"R$771,95",446.0,"R$62,30",3996.0,"R$5,00","R$831.705,99","R$473.467,50","R$900.000,00",
480,06/12/2023,1,2,5,4,4,8,6,0.0,,"R$0,00",1.0,"R$18.075,50",49.0,"R$526,98",548.0,"R$47,12",5053.0,"R$5,00","R$897.983,20","R$455.392,50","R$1.000.000,00",
481,08/12/2023,2,8,0,1,7,4,3,0.0,,"R$0,00",2.0,"R$9.764,68",55.0,"R$507,25",590.0,"R$47,28",4857.0,"R$5,00","R$969.593,82","R$485.072,50","R$1.100.000,00",
482,11/12/2023,1,5,2,0,9,3,7,0.0,,"R$0,00",1.0,"R$21.357,10",59.0,"R$517,12",690.0,"R$44,21",5563.0,"R$5,00","R$1.047.906,86","R$533.370,00","R$1.150.000,00",
483,13/12/2023,3,0,4,9,1,4,1,0.0,,"R$0,00",1.0,"R$19.689,81",29.0,"R$969,94",474.0,"R$59,34",3959.0,"R$5,00","R$1.120.103,69","R$478.240,00","R$1.200.000,00",
484,15/12/2023,4,5,9,1,5,9,9,0.0,,"R$0,00",3.0,"R$6.767,52",40.0,"R$725,09",487.0,"R$59,55",4696.0,"R$5,00","R$1.194.548,47","R$500.202,50","R$1.300.000,00",
485,18/12/2023,4,6,1,2,9,4,1,0.0,,"R$0,00",0.0,"R$0,00",31.0,"R$980,91",604.0,"R$50,34",4778.0,"R$5,00","R$1.293.884,46","R$522.750,00","R$1.350.000,00",
486,20/12/2023,7,3,4,8,7,7,1,0.0,,"R$0,00",1.0,"R$21.849,17",28.0,"R$1.114,75",512.0,"R$60,96",5512.0,"R$5,00","R$1.373.999,26","R$543.592,50","R$1.450.000,00",
487,22/12/2023,6,1,5,2,3,4,9,0.0,,"R$0,00",1.0,"R$23.850,36",58.0,"R$587,44",672.0,"R$50,70",5639.0,"R$5,00","R$1.461.451,94","R$589.022,50","R$1.500.000,00",
488,27/12/2023,5,2,7,2,5,0,2,0.0,,"R$0,00",1.0,"R$27.630,03",51.0,"R$773,95",645.0,"R$61,19",6012.0,"R$5,00","R$1.562.764,81","R$676.362,50","R$1.600.000,00",
489,29/12/2023,8,7,1,3,7,5,0,0.0,,"R$0,00",1.0,"R$25.869,79",46.0,"R$803,40",624.0,"R$59,22",5829.0,"R$5,00","R$1.657.623,50","R$635.580,00","R$1.700.000,00",
490,03/01/2024,4,6,9,1,7,3,4,0.0,,"R$0,00",2.0,"R$16.970,38",58.0,"R$835,97",866.0,"R$55,98",7468.0,"R$5,00","R$1.782.079,01","R$831.800,00","R$1.900.000,00",
491,05/01/2024,2,7,9,7,3,7,6,0.0,,"R$0,00",1.0,"R$29.824,92",35.0,"R$1.217,34",829.0,"R$51,39",7136.0,"R$5,00","R$1.891.440,44","R$737.547,50","R$2.000.000,00",
492,08/01/2024,1,0,2,7,3,4,3,0.0,,"R$0,00",3.0,"R$9.749,42",65.0,"R$642,81",925.0,"R$45,17",7054.0,"R$5,00","R$1.998.685,08","R$723.932,50","R$2.100.000,00",
493,10/01/2024,0,0,7,5,6,0,2,0.0,,"R$0,00",0.0,"R$0,00",32.0,"R$1.108,94",519.0,"R$68,37",4909.0,"R$5,00","R$2.114.608,37","R$602.352,50","R$2.200.000,00",
494,12/01/2024,2,4,0,9,7,3,5,1.0,CUBATAO/SP,"R$2.215.537,25",5.0,"R$5.504,99",70.0,"R$561,73",775.0,"R$50,73",6712.0,"R$5,00","R$0,00","R$682.127,50","R$100.000,00",
495,15/01/2024,6,1,5,4,2,2,7,0.0,,"R$0,00",1.0,"R$16.136,42",22.0,"R$1.047,81",394.0,"R$58,50",3846.0,"R$5,00","R$59.169,11","R$398.870,00","R$150.000,00",
496,17/01/2024,1,9,9,0,8,5,6,0.0,,"R$0,00",2.0,"R$7.303,02",22.0,"R$948,44",362.0,"R$57,64",3275.0,"R$5,00","R$112.724,76","R$358.662,50","R$200.000,00",
497,19/01/2024,4,5,8,7,4,7,0,0.0,,"R$0,00",1.0,"R$15.396,75",22.0,"R$999,78",395.0,"R$55,68",3367.0,"R$5,00","R$169.180,86","R$377.095,00","R$250.000,00",
498,22/01/2024,9,3,8,3,9,4,5,0.0,,"R$0,00",2.0,"R$8.246,91",29.0,"R$812,50",337.0,"R$69,91",3592.0,"R$5,00","R$229.660,35","R$403.792,50","R$300.000,00",
499,24/01/2024,8,6,1,4,1,8,5,0.0,,"R$0,00",1.0,"R$15.184,89",22.0,"R$986,03",366.0,"R$59,26",3132.0,"R$5,00","R$285.340,76","R$369.730,00","R$320.000,00",
500,26/01/2024,7,2,7,4,3,0,4,0.0,,"R$0,00",0.0,"R$0,00",23.0,"R$1.036,24",340.0,"R$70,09",3601.0,"R$5,00","R$363.199,69","R$408.065,00","R$450.000,00",
501,29/01/2024,0,7,6,6,5,8,9,0.0,,"R$0,00",0.0,"R$0,00",32.0,"R$771,32",567.0,"R$43,53",4363.0,"R$5,00","R$443.830,00","R$429.907,50","R$520.000,00",
502,31/01/2024,1,3,8,2,0,0,8,0.0,,"R$0,00",0.0,"R$0,00",37.0,"R$628,97",439.0,"R$53,01",3778.0,"R$5,00","R$519.852,77","R$401.470,00","R$600.000,00",
503,02/02/2024,1,8,4,4,3,0,9,0.0,,"R$0,00",1.0,"R$17.024,31",37.0,"R$657,30",508.0,"R$47,87",4153.0,"R$5,00","R$582.277,19","R$421.917,50","R$650.000,00",
504,05/02/2024,8,3,7,1,4,9,5,0.0,,"R$0,00",1.0,"R$18.933,11",35.0,"R$772,77",426.0,"R$63,49",3975.0,"R$5,00","R$651.699,21","R$461.800,00","R$700.000,00",
505,07/02/2024,9,7,6,2,0,5,3,0.0,,"R$0,00",1.0,"R$17.164,52",35.0,"R$700,59",382.0,"R$64,19",3597.0,"R$5,00","R$714.635,95","R$418.585,00","R$750.000,00",
506,09/02/2024,1,9,2,7,8,9,4,0.0,,"R$0,00",3.0,"R$6.066,73",43.0,"R$604,65",576.0,"R$45,13",4571.0,"R$5,00","R$781.374,02","R$452.572,50","R$800.000,00",
507,14/02/2024,9,0,8,0,0,4,3,0.0,,"R$0,00",1.0,"R$18.666,48",10.0,"R$1.866,65",375.0,"R$71,11",3760.0,"R$5,00","R$849.817,95","R$453.462,50","R$900.000,00",
508,16/02/2024,0,4,6,6,0,5,9,0.0,,"R$0,00",4.0,"R$4.563,09",26.0,"R$1.002,87",451.0,"R$57,81",4292.0,"R$5,00","R$916.744,99","R$450.500,00","R$950.000,00",
509,19/02/2024,9,4,4,9,5,6,3,0.0,,"R$0,00",0.0,"R$0,00",25.0,"R$1.112,57",441.0,"R$63,07",4244.0,"R$5,00","R$1.007.605,93","R$476.700,00","R$1.100.000,00",
510,21/02/2024,0,8,6,4,3,6,9,0.0,,"R$0,00",0.0,"R$0,00",36.0,"R$710,88",495.0,"R$51,70",4380.0,"R$5,00","R$1.091.206,81","R$444.090,00","R$1.150.000,00",
511,23/02/2024,6,2,1,2,8,4,7,0.0,,"R$0,00",6.0,"R$3.413,67",27.0,"R$1.083,70",523.0,"R$55,94",4727.0,"R$5,00","R$1.166.310,01","R$504.502,50","R$1.200.000,00",
512,26/02/2024,5,9,8,0,0,4,9,0.0,,"R$0,00",0.0,"R$0,00",29.0,"R$1.038,65",463.0,"R$65,05",4158.0,"R$5,00","R$1.264.707,28","R$511.180,00","R$1.300.000,00",
513,28/02/2024,4,5,6,4,4,6,2,0.0,,"R$0,00",2.0,"R$9.053,86",29.0,"R$892,00",391.0,"R$66,15",4044.0,"R$5,00","R$1.331.104,86","R$444.462,50","R$1.400.000,00",
514,01/03/2024,9,4,9,6,3,0,1,0.0,,"R$0,00",3.0,"R$6.768,23",40.0,"R$725,16",470.0,"R$61,71",4281.0,"R$5,00","R$1.405.557,71","R$495.462,50","R$1.500.000,00",
515,04/03/2024,5,1,4,3,2,3,2,0.0,,"R$0,00",1.0,"R$23.170,24",33.0,"R$1.003,04",514.0,"R$64,39",4964.0,"R$5,00","R$1.490.517,95","R$566.295,00","R$1.600.000,00",
516,06/03/2024,8,5,0,7,8,0,1,0.0,,"R$0,00",2.0,"R$10.588,07",25.0,"R$1.210,06",420.0,"R$72,02",4372.0,"R$5,00","R$1.568.166,15","R$515.657,50","R$1.650.000,00",
517,08/03/2024,0,3,3,2,4,9,2,0.0,,"R$0,00",0.0,"R$0,00",36.0,"R$919,18",601.0,"R$55,05",5496.0,"R$5,00","R$1.676.267,16","R$572.285,00","R$1.750.000,00",
518,11/03/2024,5,9,2,4,7,0,4,0.0,,"R$0,00",0.0,"R$0,00",31.0,"R$1.072,00",492.0,"R$67,54",4979.0,"R$5,00","R$1.784.828,04","R$568.497,50","R$1.850.000,00",
519,13/03/2024,1,8,7,3,8,0,5,0.0,,"R$0,00",1.0,"R$20.492,38",35.0,"R$836,42",436.0,"R$67,14",4388.0,"R$5,00","R$1.859.968,08","R$500.820,00","R$1.900.000,00",
520,15/03/2024,1,9,8,1,4,5,2,0.0,,"R$0,00",2.0,"R$11.603,47",48.0,"R$690,68",614.0,"R$53,99",5610.0,"R$5,00","R$1.945.062,35","R$574.552,50","R$2.000.000,00",
521,18/03/2024,5,6,4,7,7,5,3,0.0,,"R$0,00",1.0,"R$26.050,97",47.0,"R$791,82",629.0,"R$59,16",5726.0,"R$5,00","R$2.040.585,48","R$638.372,50","R$2.100.000,00",
522,20/03/2024,6,0,2,3,3,7,1,0.0,,"R$0,00",1.0,"R$22.574,88",30.0,"R$1.074,99",513.0,"R$62,86",4928.0,"R$5,00","R$2.123.361,95","R$552.800,00","R$2.200.000,00",
523,22/03/2024,1,7,4,6,3,6,8,0.0,,"R$0,00",1.0,"R$25.090,79",50.0,"R$716,87",757.0,"R$47,35",6187.0,"R$5,00","R$2.215.361,90","R$622.595,00","R$2.300.000,00",
524,25/03/2024,1,7,6,7,2,0,2,0.0,,"R$0,00",1.0,"R$26.581,11",61.0,"R$622,50",715.0,"R$53,10",6256.0,"R$5,00","R$2.312.830,90","R$656.132,50","R$2.400.000,00",
525,27/03/2024,2,9,6,1,2,7,2,0.0,,"R$0,00",1.0,"R$23.994,56",41.0,"R$836,04",772.0,"R$44,40",6478.0,"R$5,00","R$2.400.811,93","R$601.867,50","R$2.500.000,00",
526,01/04/2024,2,7,6,6,9,1,9,0.0,,"R$0,00",4.0,"R$7.512,01",55.0,"R$780,46",827.0,"R$51,90",7234.0,"R$5,00","R$2.510.991,63","R$743.580,00","R$2.600.000,00",
527,03/04/2024,1,3,0,9,6,4,3,1.0,JOINVILLE/SC,"R$2.597.535,29",0.0,"R$0,00",54.0,"R$624,38",713.0,"R$47,28",5860.0,"R$5,00","R$23.601,65","R$586.107,50","R$100.000,00",
528,05/04/2024,6,5,3,2,8,0,2,0.0,,"R$0,00",0.0,"R$0,00",23.0,"R$939,62",304.0,"R$71,08",3094.0,"R$5,00","R$94.200,68","R$368.040,00","R$150.000,00",
529,08/04/2024,2,6,4,6,5,9,6,0.0,,"R$0,00",1.0,"R$14.553,19",15.0,"R$1.386,01",363.0,"R$57,27",3429.0,"R$5,00","R$147.563,34","R$359.277,50","R$200.000,00",
530,10/04/2024,2,5,3,9,4,1,0,0.0,,"R$0,00",0.0,"R$0,00",31.0,"R$605,46",398.0,"R$47,15",3192.0,"R$5,00","R$208.879,98","R$325.467,50","R$250.000,00",
531,12/04/2024,1,1,5,2,6,3,1,0.0,,"R$0,00",2.0,"R$7.104,66",24.0,"R$845,79",419.0,"R$48,44",3678.0,"R$5,00","R$260.982,80","R$354.595,00","R$300.000,00",
532,15/04/2024,5,1,4,4,2,8,2,0.0,,"R$0,00",0.0,"R$0,00",26.0,"R$836,27",349.0,"R$62,30",3288.0,"R$5,00","R$332.010,74","R$372.305,00","R$400.000,00",
533,17/04/2024,9,3,2,8,3,0,1,0.0,,"R$0,00",0.0,"R$0,00",19.0,"R$1.037,99",279.0,"R$70,68",2860.0,"R$5,00","R$396.437,35","R$336.285,00","R$450.000,00",
534,19/04/2024,0,2,5,1,7,5,8,0.0,,"R$0,00",6.0,"R$2.446,53",42.0,"R$499,29",456.0,"R$45,98",3726.0,"R$5,00","R$450.263,15","R$365.470,00","R$500.000,00",
535,22/04/2024,4,5,2,0,0,7,9,0.0,,"R$0,00",2.0,"R$7.486,15",24.0,"R$891,20",389.0,"R$54,98",3473.0,"R$5,00","R$505.162,91","R$368.992,50","R$550.000,00",
536,24/04/2024,2,8,1,3,8,8,0,0.0,,"R$0,00",1.0,"R$13.780,87",17.0,"R$1.158,05",311.0,"R$63,30",3240.0,"R$5,00","R$555.693,29","R$340.130,00","R$600.000,00",
537,26/04/2024,3,2,8,6,8,1,0,0.0,,"R$0,00",0.0,"R$0,00",20.0,"R$1.132,67",367.0,"R$61,72",3464.0,"R$5,00","R$629.696,30","R$388.335,00","R$650.000,00",
538,29/04/2024,1,5,6,2,7,0,8,0.0,,"R$0,00",1.0,"R$16.850,97",25.0,"R$962,91",465.0,"R$51,76",3966.0,"R$5,00","R$691.486,30","R$415.952,50","R$750.000,00",
539,03/05/2024,5,8,7,8,3,8,2,0.0,,"R$0,00",0.0,"R$0,00",28.0,"R$1.067,00",454.0,"R$65,80",4325.0,"R$5,00","R$789.084,34","R$509.342,50","R$850.000,00",
540,06/05/2024,5,2,5,4,7,3,9,0.0,,"R$0,00",3.0,"R$6.546,79",40.0,"R$701,44",630.0,"R$44,53",4967.0,"R$5,00","R$861.101,73","R$488.780,00","R$900.000,00",
541,08/05/2024,8,1,7,4,5,7,6,0.0,,"R$0,00",0.0,"R$0,00",34.0,"R$747,27",432.0,"R$58,81",3763.0,"R$5,00","R$944.100,32","R$434.135,00","R$950.000,00",
542,10/05/2024,8,5,1,2,1,1,1,0.0,,"R$0,00",1.0,"R$18.270,31",32.0,"R$815,63",464.0,"R$56,25",3896.0,"R$5,00","R$1.011.091,98","R$446.327,50","R$1.100.000,00",
543,13/05/2024,5,0,2,4,6,1,1,0.0,,"R$0,00",3.0,"R$6.950,31",53.0,"R$562,01",523.0,"R$56,95",4476.0,"R$5,00","R$1.087.547,35","R$509.712,50","R$1.150.000,00",
544,15/05/2024,4,9,8,8,1,0,3,0.0,,"R$0,00",0.0,"R$0,00",29.0,"R$898,81",391.0,"R$66,66",3537.0,"R$5,00","R$1.172.696,61","R$441.652,50","R$1.250.000,00",
545,17/05/2024,8,2,1,1,0,8,0,0.0,,"R$0,00",5.0,"R$3.954,37",65.0,"R$434,54",645.0,"R$43,79",4802.0,"R$5,00","R$1.245.194,22","R$489.765,00","R$1.300.000,00",
546,20/05/2024,4,0,9,5,2,8,3,0.0,,"R$0,00",1.0,"R$20.222,50",28.0,"R$1.031,76",424.0,"R$68,13",4213.0,"R$5,00","R$1.319.344,90","R$492.872,50","R$1.350.000,00",
547,22/05/2024,5,7,3,6,8,2,1,0.0,,"R$0,00",0.0,"R$0,00",34.0,"R$767,95",477.0,"R$54,73",4007.0,"R$5,00","R$1.404.641,61","R$447.760,00","R$1.450.000,00",
548,24/05/2024,4,7,0,3,5,4,3,0.0,,"R$0,00",1.0,"R$21.939,08",27.0,"R$1.160,79",574.0,"R$54,60",5023.0,"R$5,00","R$1.485.085,83","R$539.927,50","R$1.550.000,00",
549,27/05/2024,5,8,4,7,0,2,8,0.0,,"R$0,00",4.0,"R$5.812,48",42.0,"R$790,81",531.0,"R$62,55",4851.0,"R$5,00","R$1.570.335,78","R$566.742,50","R$1.650.000,00",
550,29/05/2024,4,8,8,8,3,3,2,0.0,,"R$0,00",0.0,"R$0,00",25.0,"R$1.228,14",441.0,"R$69,62",4387.0,"R$5,00","R$1.670.635,48","R$522.782,50","R$1.700.000,00",
551,31/05/2024,4,5,7,2,6,2,5,0.0,,"R$0,00",0.0,"R$0,00",32.0,"R$903,92",539.0,"R$53,66",4569.0,"R$5,00","R$1.765.127,25","R$497.535,00","R$1.800.000,00",
552,03/06/2024,3,4,1,3,6,8,0,0.0,,"R$0,00",1.0,"R$23.103,11",44.0,"R$750,10",588.0,"R$56,12",5707.0,"R$5,00","R$1.849.842,77","R$573.390,00","R$1.900.000,00",
553,05/06/2024,5,2,7,5,0,8,5,0.0,,"R$0,00",2.0,"R$10.611,28",37.0,"R$819,40",469.0,"R$64,64",4957.0,"R$5,00","R$1.927.660,25","R$523.425,00","R$2.000.000,00",
554,07/06/2024,9,5,8,2,8,6,9,0.0,,"R$0,00",2.0,"R$13.006,13",44.0,"R$844,55",580.0,"R$64,06",5640.0,"R$5,00","R$2.023.042,52","R$636.530,00","R$2.100.000,00",
555,10/06/2024,4,0,0,8,9,7,2,0.0,,"R$0,00",3.0,"R$9.507,75",36.0,"R$1.131,87",614.0,"R$66,36",6218.0,"R$5,00","R$2.127.629,72","R$698.362,50","R$2.200.000,00",
556,12/06/2024,1,7,0,2,3,7,0,0.0,,"R$0,00",0.0,"R$0,00",48.0,"R$761,92",654.0,"R$55,92",6661.0,"R$5,00","R$2.247.100,49","R$639.265,00","R$2.300.000,00",
557,14/06/2024,0,1,7,9,2,0,5,0.0,,"R$0,00",1.0,"R$28.722,29",54.0,"R$759,84",746.0,"R$55,00",6663.0,"R$5,00","R$2.352.417,15","R$707.867,50","R$2.400.000,00",
558,17/06/2024,5,5,1,0,3,4,0,0.0,,"R$0,00",2.0,"R$14.714,30",46.0,"R$913,93",695.0,"R$60,49",6681.0,"R$5,00","R$2.460.322,27","R$723.592,50","R$2.500.000,00",
559,19/06/2024,8,6,9,2,5,9,1,0.0,,"R$0,00",0.0,"R$0,00",42.0,"R$860,91",535.0,"R$67,58",5241.0,"R$5,00","R$2.578.441,53","R$616.517,50","R$2.600.000,00",
560,21/06/2024,8,6,9,9,5,7,9,0.0,,"R$0,00",0.0,"R$0,00",37.0,"R$1.043,17",725.0,"R$53,23",5912.0,"R$5,00","R$2.704.530,55","R$661.767,50","R$2.800.000,00",
561,24/06/2024,4,8,6,0,5,6,2,0.0,,"R$0,00",0.0,"R$0,00",43.0,"R$985,65",699.0,"R$60,63",6157.0,"R$5,00","R$2.842.984,94","R$722.815,00","R$2.900.000,00",
562,26/06/2024,5,8,5,4,9,8,5,0.0,,"R$0,00",1.0,"R$27.468,45",42.0,"R$934,30",671.0,"R$58,48",5963.0,"R$5,00","R$2.943.703,02","R$672.247,50","R$3.000.000,00",
563,28/06/2024,3,4,7,4,7,3,5,0.0,,"R$0,00",5.0,"R$6.381,58",78.0,"R$584,39",858.0,"R$53,12",7547.0,"R$5,00","R$3.060.702,83","R$788.050,00","R$3.100.000,00",
564,01/07/2024,2,6,3,6,4,7,6,1.0,RIO VERDE/GO,"R$3.181.309,15",1.0,"R$32.892,37",93.0,"R$505,25",997.0,"R$47,13",8203.0,"R$5,00","R$0,00","R$817.245,00","R$100.000,00",
565,03/07/2024,6,1,5,5,1,8,7,0.0,,"R$0,00",1.0,"R$14.893,75",13.0,"R$1.636,67",357.0,"R$59,59",3193.0,"R$5,00","R$54.612,70","R$364.037,50","R$150.000,00",
566,05/07/2024,7,1,3,5,8,4,9,0.0,,"R$0,00",2.0,"R$7.850,15",36.0,"R$623,02",466.0,"R$48,13",3744.0,"R$5,00","R$112.181,02","R$388.112,50","R$180.000,00",
567,08/07/2024,4,8,5,3,4,7,1,0.0,,"R$0,00",0.0,"R$0,00",33.0,"R$695,62",384.0,"R$59,78",3584.0,"R$5,00","R$187.170,15","R$394.367,50","R$230.000,00",
568,10/07/2024,5,3,5,4,6,3,3,0.0,,"R$0,00",1.0,"R$14.485,18",27.0,"R$766,41",399.0,"R$51,86",3637.0,"R$5,00","R$240.283,20","R$360.182,50","R$300.000,00",
569,12/07/2024,2,7,7,7,2,5,5,0.0,,"R$0,00",2.0,"R$7.676,79",20.0,"R$1.096,68",373.0,"R$58,80",3899.0,"R$5,00","R$296.580,56","R$382.282,50","R$350.000,00",
570,15/07/2024,9,3,2,4,4,5,5,0.0,,"R$0,00",1.0,"R$15.992,29",30.0,"R$761,53",492.0,"R$46,43",3886.0,"R$5,00","R$355.220,92","R$396.165,00","R$400.000,00",
571,17/07/2024,8,8,6,3,7,0,8,0.0,,"R$0,00",0.0,"R$0,00",29.0,"R$726,16",306.0,"R$68,81",2999.0,"R$5,00","R$424.015,16","R$358.447,50","R$480.000,00",
572,19/07/2024,4,5,6,3,3,8,7,0.0,,"R$0,00",3.0,"R$5.271,05",31.0,"R$728,71",411.0,"R$54,96",3513.0,"R$5,00","R$481.998,12","R$387.927,50","R$530.000,00",
573,22/07/2024,6,2,0,6,4,4,4,0.0,,"R$0,00",0.0,"R$0,00",22.0,"R$1.049,02",382.0,"R$60,41",3455.0,"R$5,00","R$557.389,27","R$394.767,50","R$600.000,00",
574,24/07/2024,9,3,4,8,1,9,4,0.0,,"R$0,00",0.0,"R$0,00",14.0,"R$1.511,62",291.0,"R$72,72",3082.0,"R$5,00","R$626.521,54","R$361.002,50","R$700.000,00",
575,26/07/2024,9,4,7,4,1,4,3,0.0,,"R$0,00",0.0,"R$0,00",20.0,"R$1.158,32",469.0,"R$49,39",3471.0,"R$5,00","R$702.200,57","R$396.305,00","R$750.000,00",
576,29/07/2024,1,1,6,7,7,6,6,0.0,,"R$0,00",2.0,"R$8.097,72",18.0,"R$1.285,35",423.0,"R$54,69",3827.0,"R$5,00","R$761.585,59","R$399.947,50","R$800.000,00",
577,31/07/2024,4,1,3,0,5,8,8,0.0,,"R$0,00",0.0,"R$0,00",18.0,"R$1.260,50",413.0,"R$54,93",3739.0,"R$5,00","R$835.705,62","R$392.055,00","R$900.000,00",
578,02/08/2024,3,4,0,2,8,4,2,0.0,,"R$0,00",0.0,"R$0,00",28.0,"R$934,18",420.0,"R$62,27",3961.0,"R$5,00","R$921.155,23","R$447.950,00","R$1.000.000,00",
579,05/08/2024,3,3,5,5,2,0,3,0.0,,"R$0,00",1.0,"R$19.194,24",38.0,"R$721,58",539.0,"R$50,87",4642.0,"R$5,00","R$991.535,26","R$475.230,00","R$1.100.000,00",
580,07/08/2024,2,3,5,6,6,8,7,1.0,CONSELHEIRO LAFAIETE/MG,"R$1.066.839,85",3.0,"R$6.845,56",63.0,"R$465,68",743.0,"R$39,48",5704.0,"R$5,00","R$0,00","R$516.972,50","R$100.000,00",
581,09/08/2024,9,6,5,1,4,4,8,0.0,,"R$0,00",0.0,"R$0,00",16.0,"R$1.230,19",286.0,"R$68,82",3024.0,"R$5,00","R$64.298,76","R$337.580,00","R$150.000,00",
582,12/08/2024,9,0,8,5,4,0,5,0.0,,"R$0,00",0.0,"R$0,00",14.0,"R$1.420,34",258.0,"R$77,07",2583.0,"R$5,00","R$129.256,39","R$335.595,00","R$170.000,00",
583,14/08/2024,7,9,6,6,4,3,6,0.0,,"R$0,00",1.0,"R$12.700,01",13.0,"R$1.395,60",277.0,"R$65,49",2706.0,"R$5,00","R$175.824,68","R$310.225,00","R$200.000,00",
584,16/08/2024,7,6,8,9,7,4,9,0.0,,"R$0,00",1.0,"R$12.979,73",24.0,"R$772,60",331.0,"R$56,01",2851.0,"R$5,00","R$223.419,26","R$318.042,50","R$270.000,00",
585,19/08/2024,7,7,4,9,7,9,9,0.0,,"R$0,00",0.0,"R$0,00",24.0,"R$811,59",479.0,"R$40,66",3378.0,"R$5,00","R$287.049,86","R$338.512,50","R$350.000,00",
586,21/08/2024,5,2,5,5,7,7,4,0.0,,"R$0,00",2.0,"R$6.622,47",30.0,"R$630,71",397.0,"R$47,66",3466.0,"R$5,00","R$335.614,88","R$330.962,50","R$400.000,00",
587,23/08/2024,7,5,5,7,6,4,4,0.0,,"R$0,00",3.0,"R$4.665,91",27.0,"R$740,62",356.0,"R$56,17",3092.0,"R$5,00","R$386.940,12","R$343.187,50","R$450.000,00",
588,26/08/2024,0,1,8,9,6,5,1,0.0,,"R$0,00",0.0,"R$0,00",24.0,"R$1.078,89",338.0,"R$76,60",3759.0,"R$5,00","R$471.527,61","R$441.565,00","R$550.000,00",
589,28/08/2024,8,5,5,6,6,7,2,0.0,,"R$0,00",2.0,"R$8.154,77",28.0,"R$832,11",397.0,"R$58,68",3746.0,"R$5,00","R$531.331,80","R$401.520,00","R$600.000,00",
590,30/08/2024,0,3,2,4,0,0,5,0.0,,"R$0,00",3.0,"R$6.601,42",19.0,"R$1.489,04",438.0,"R$64,59",4383.0,"R$5,00","R$603.948,48","R$485.645,00","R$700.000,00",
591,02/09/2024,4,8,3,6,5,0,2,0.0,,"R$0,00",1.0,"R$19.645,92",29.0,"R$967,77",510.0,"R$55,03",4322.0,"R$5,00","R$675.983,92","R$481.462,50","R$750.000,00",
592,04/09/2024,6,5,7,9,5,3,6,0.0,,"R$0,00",0.0,"R$0,00",22.0,"R$1.167,98",469.0,"R$54,78",4156.0,"R$5,00","R$759.926,21","R$443.102,50","R$800.000,00",
593,06/09/2024,5,3,5,6,4,0,0,0.0,,"R$0,00",1.0,"R$18.528,82",32.0,"R$827,17",469.0,"R$56,43",4436.0,"R$5,00","R$827.868,23","R$458.235,00","R$900.000,00",
594,09/09/2024,9,5,8,4,5,4,4,0.0,,"R$0,00",0.0,"R$0,00",23.0,"R$996,70",375.0,"R$61,13",3877.0,"R$5,00","R$902.754,54","R$397.262,50","R$1.000.000,00",
595,11/09/2024,1,3,8,6,8,7,8,0.0,,"R$0,00",0.0,"R$0,00",28.0,"R$924,94",494.0,"R$52,42",4571.0,"R$5,00","R$987.357,84","R$451.005,00","R$1.100.000,00",
596,13/09/2024,8,4,0,1,5,2,5,0.0,,"R$0,00",1.0,"R$19.880,17",32.0,"R$887,50",422.0,"R$67,29",4163.0,"R$5,00","R$1.060.254,68","R$484.775,00","R$1.200.000,00",
597,16/09/2024,4,4,0,6,3,2,9,0.0,,"R$0,00",3.0,"R$6.598,17",28.0,"R$1.009,92",454.0,"R$62,28",4531.0,"R$5,00","R$1.132.836,53","R$487.137,50","R$1.300.000,00",
598,18/09/2024,4,6,9,1,0,0,8,0.0,,"R$0,00",1.0,"R$17.477,94",23.0,"R$1.085,58",385.0,"R$64,85",3559.0,"R$5,00","R$1.196.923,29","R$425.032,50","R$1.350.000,00",
599,20/09/2024,3,5,1,2,5,6,4,0.0,,"R$0,00",1.0,"R$19.001,90",33.0,"R$822,59",579.0,"R$46,88",4833.0,"R$5,00","R$1.266.598,42","R$473.207,50","R$1.360.000,00",
600,23/09/2024,3,0,8,8,4,3,6,0.0,,"R$0,00",1.0,"R$19.931,57",33.0,"R$862,83",400.0,"R$71,18",3875.0,"R$5,00","R$1.339.682,24","R$482.582,50","R$1.380.000,00",
601,25/09/2024,6,6,5,4,6,1,9,0.0,,"R$0,00",0.0,"R$0,00",41.0,"R$712,86",602.0,"R$48,55",5159.0,"R$5,00","R$1.435.158,42","R$508.982,50","R$1.480.000,00",
602,27/09/2024,0,9,7,0,5,7,2,0.0,,"R$0,00",5.0,"R$4.355,45",33.0,"R$942,73",480.0,"R$64,81",4521.0,"R$5,00","R$1.515.009,71","R$530.582,50","R$1.550.000,00",
603,30/09/2024,6,0,0,9,9,6,3,0.0,,"R$0,00",0.0,"R$0,00",38.0,"R$833,13",538.0,"R$58,84",4653.0,"R$5,00","R$1.618.431,43","R$540.542,50","R$1.700.000,00",
604,02/10/2024,2,4,0,8,3,0,0,0.0,,"R$0,00",2.0,"R$10.506,33",42.0,"R$714,71",498.0,"R$60,27",4906.0,"R$5,00","R$1.695.480,56","R$518.225,00","R$1.800.000,00",
605,04/10/2024,2,7,9,9,8,0,0,0.0,,"R$0,00",1.0,"R$24.109,47",39.0,"R$883,13",569.0,"R$60,53",5313.0,"R$5,00","R$1.783.882,34","R$590.955,00","R$1.900.000,00",
606,07/10/2024,1,9,7,4,1,8,1,0.0,,"R$0,00",2.0,"R$12.420,78",56.0,"R$633,71",710.0,"R$49,98",6070.0,"R$5,00","R$1.874.969,70","R$615.770,00","R$2.000.000,00",
607,09/10/2024,0,7,1,0,5,3,5,0.0,,"R$0,00",7.0,"R$3.670,97",50.0,"R$734,19",740.0,"R$49,60",6133.0,"R$5,00","R$1.969.195,25","R$635.285,00","R$2.100.000,00",
608,11/10/2024,5,6,8,6,2,4,8,0.0,,"R$0,00",2.0,"R$12.359,51",43.0,"R$821,22",615.0,"R$57,41",5537.0,"R$5,00","R$2.059.835,92","R$606.930,00","R$2.200.000,00",
609,14/10/2024,9,3,9,1,6,9,2,0.0,,"R$0,00",1.0,"R$24.138,86",21.0,"R$1.642,09",544.0,"R$63,38",5042.0,"R$5,00","R$2.148.348,98","R$588.475,00","R$2.300.000,00",
610,16/10/2024,5,3,7,1,7,6,1,0.0,,"R$0,00",0.0,"R$0,00",35.0,"R$972,05",615.0,"R$55,32",5758.0,"R$5,00","R$2.259.487,19","R$589.625,00","R$2.400.000,00",
611,18/10/2024,4,6,3,7,6,2,0,0.0,,"R$0,00",3.0,"R$9.238,00",68.0,"R$582,22",729.0,"R$54,30",6224.0,"R$5,00","R$2.361.110,23","R$680.652,50","R$2.500.000,00",
612,21/10/2024,4,8,9,0,5,2,8,0.0,,"R$0,00",2.0,"R$13.221,77",52.0,"R$726,47",625.0,"R$60,44",5645.0,"R$5,00","R$2.458.070,86","R$646.062,50","R$2.550.000,00",
613,23/10/2024,1,9,4,6,3,1,8,0.0,,"R$0,00",1.0,"R$23.997,01",47.0,"R$729,39",654.0,"R$52,41",5659.0,"R$5,00","R$2.546.063,67","R$592.475,00","R$2.650.000,00",
614,25/10/2024,3,7,0,0,1,2,4,0.0,,"R$0,00",2.0,"R$14.699,53",53.0,"R$792,42",745.0,"R$56,37",6757.0,"R$5,00","R$2.653.862,57","R$723.820,00","R$2.750.000,00",
615,28/10/2024,1,8,3,6,8,7,7,0.0,,"R$0,00",3.0,"R$10.377,26",52.0,"R$855,26",799.0,"R$55,66",7660.0,"R$5,00","R$2.768.013,89","R$772.302,50","R$2.900.000,00",
616,30/10/2024,9,7,4,7,5,9,9,0.0,,"R$0,00",1.0,"R$33.566,81",43.0,"R$1.115,17",893.0,"R$53,69",7848.0,"R$5,00","R$2.891.097,58","R$827.967,50","R$3.000.000,00",
617,01/11/2024,3,8,0,5,2,6,5,0.0,,"R$0,00",0.0,"R$0,00",64.0,"R$784,93",881.0,"R$57,02",8097.0,"R$5,00","R$3.055.202,27","R$865.952,50","R$3.200.000,00",
618,04/11/2024,2,5,6,6,4,3,8,0.0,,"R$0,00",0.0,"R$0,00",62.0,"R$771,38",975.0,"R$49,05",8140.0,"R$5,00","R$3.211.436,14","R$829.390,00","R$3.300.000,00",
619,06/11/2024,8,2,3,8,0,0,5,0.0,,"R$0,00",0.0,"R$0,00",53.0,"R$952,97",798.0,"R$63,29",7443.0,"R$5,00","R$3.376.430,35","R$862.592,50","R$3.500.000,00",
620,08/11/2024,1,4,2,3,9,3,6,0.0,,"R$0,00",5.0,"R$7.092,58",114.0,"R$444,39",1185.0,"R$42,75",9741.0,"R$5,00","R$3.506.463,30","R$891.457,50","R$3.600.000,00",
621,11/11/2024,0,5,0,7,6,2,3,0.0,,"R$0,00",2.0,"R$19.921,99",70.0,"R$813,14",1004.0,"R$56,69",9066.0,"R$5,00","R$3.652.560,22","R$979.922,50","R$3.700.000,00",
622,13/11/2024,6,2,1,9,3,9,2,0.0,,"R$0,00",2.0,"R$18.627,38",77.0,"R$691,18",991.0,"R$53,70",8645.0,"R$5,00","R$3.789.164,16","R$918.182,50","R$3.800.000,00",
623,18/11/2024,9,9,6,9,2,4,3,0.0,,"R$0,00",3.0,"R$15.615,63",89.0,"R$751,95",1121.0,"R$59,70",10221.0,"R$5,00","R$3.960.936,70","R$1.147.095,00","R$4.100.000,00",
624,22/11/2024,6,6,4,3,6,0,5,0.0,,"R$0,00",2.0,"R$24.315,79",63.0,"R$1.102,75",1060.0,"R$65,54",10448.0,"R$5,00","R$4.139.253,70","R$1.188.922,50","R$4.300.000,00",
625,25/11/2024,4,2,4,3,4,1,8,0.0,,"R$0,00",4.0,"R$10.861,50",73.0,"R$850,21",1191.0,"R$52,11",10476.0,"R$5,00","R$4.298.557,74","R$1.075.320,00","R$4.400.000,00",
626,27/11/2024,0,4,8,2,2,3,1,0.0,,"R$0,00",0.0,"R$0,00",57.0,"R$1.022,72",943.0,"R$61,81",9118.0,"R$5,00","R$4.488.994,19","R$1.001.670,00","R$4.600.000,00",
627,29/11/2024,9,4,4,5,7,9,2,0.0,,"R$0,00",2.0,"R$19.616,83",62.0,"R$904,00",917.0,"R$61,12",8677.0,"R$5,00","R$4.632.851,75","R$962.027,50","R$4.700.000,00",
628,02/12/2024,4,7,4,3,3,3,5,1.0,SANTO ANDRE/SP,"R$4.784.749,82",1.0,"R$41.425,19",65.0,"R$910,44",1123.0,"R$52,69",10199.0,"R$5,00","R$0,00","R$1.017.402,50","R$100.000,00",
629,04/12/2024,7,7,1,7,5,9,4,0.0,,"R$0,00",2.0,"R$7.604,29",24.0,"R$905,27",393.0,"R$55,28",3585.0,"R$5,00","R$55.765,84","R$371.702,50","R$150.000,00",
630,06/12/2024,6,0,9,5,7,1,0,0.0,,"R$0,00",0.0,"R$0,00",22.0,"R$1.068,30",368.0,"R$63,86",3312.0,"R$5,00","R$132.542,61","R$395.625,00","R$200.000,00",
631,09/12/2024,1,8,3,7,8,1,8,0.0,,"R$0,00",0.0,"R$0,00",21.0,"R$1.129,90",398.0,"R$59,61",3767.0,"R$5,00","R$210.056,75","R$404.252,50","R$250.000,00",
632,11/12/2024,7,5,0,7,4,6,3,0.0,,"R$0,00",0.0,"R$0,00",26.0,"R$854,24",426.0,"R$52,13",3436.0,"R$5,00","R$282.612,87","R$377.367,50","R$350.000,00",
633,13/12/2024,1,6,7,5,7,7,3,0.0,,"R$0,00",2.0,"R$8.315,70",29.0,"R$819,28",455.0,"R$52,21",4576.0,"R$5,00","R$343.597,13","R$413.962,50","R$400.000,00",
634,16/12/2024,7,0,3,3,9,3,0,0.0,,"R$0,00",0.0,"R$0,00",23.0,"R$1.074,40",363.0,"R$68,07",3415.0,"R$5,00","R$424.322,22","R$415.202,50","R$500.000,00",
635,18/12/2024,3,6,3,7,1,4,1,0.0,,"R$0,00",2.0,"R$8.212,48",35.0,"R$670,40",370.0,"R$63,41",3629.0,"R$5,00","R$484.549,03","R$398.660,00","R$550.000,00",
636,20/12/2024,7,5,6,0,5,0,2,0.0,,"R$0,00",0.0,"R$0,00",22.0,"R$1.196,91",358.0,"R$73,55",3490.0,"R$5,00","R$570.568,48","R$440.735,00","R$650.000,00",
637,23/12/2024,6,4,1,3,6,9,1,0.0,,"R$0,00",0.0,"R$0,00",34.0,"R$922,56",571.0,"R$54,93",4838.0,"R$5,00","R$673.036,84","R$532.782,50","R$700.000,00",
638,27/12/2024,1,0,1,6,6,6,0,0.0,,"R$0,00",0.0,"R$0,00",40.0,"R$935,97",580.0,"R$64,55",5770.0,"R$5,00","R$795.338,31","R$635.862,50","R$850.000,00",
639,30/12/2024,6,1,7,5,4,7,4,0.0,,"R$0,00",1.0,"R$24.537,74",25.0,"R$1.402,15",569.0,"R$61,60",5557.0,"R$5,00","R$885.312,59","R$597.117,50","R$900.000,00",
640,03/01/2025,7,6,7,8,6,7,5,0.0,,"R$0,00",5.0,"R$6.182,75",43.0,"R$1.027,03",720.0,"R$61,33",6826.0,"R$5,00","R$998.666,51","R$750.277,50","R$1.100.000,00",
641,06/01/2025,3,2,3,7,1,2,2,0.0,,"R$0,00",2.0,"R$16.445,96",56.0,"R$839,07",858.0,"R$54,76",7365.0,"R$5,00","R$1.119.273,64","R$799.455,00","R$1.200.000,00",
642,08/01/2025,5,3,1,5,4,6,7,0.0,,"R$0,00",1.0,"R$27.234,74",60.0,"R$648,44",867.0,"R$44,87",7287.0,"R$5,00","R$1.219.137,76","R$675.527,50","R$1.300.000,00",
643,10/01/2025,8,7,1,4,4,0,6,0.0,,"R$0,00",1.0,"R$27.782,86",36.0,"R$1.102,49",649.0,"R$61,15",5876.0,"R$5,00","R$1.321.010,79","R$671.337,50","R$1.400.000,00",
644,13/01/2025,4,6,0,4,9,3,6,0.0,,"R$0,00",2.0,"R$14.436,08",40.0,"R$1.031,14",682.0,"R$60,47",5974.0,"R$5,00","R$1.426.879,43","R$696.147,50","R$1.500.000,00",
645,15/01/2025,5,2,2,5,0,0,4,1.0,MARINGA/PR,"R$1.520.312,55",0.0,"R$0,00",35.0,"R$1.040,04",639.0,"R$56,96",5395.0,"R$5,00","R$25.481,00","R$615.782,50","R$100.000,00",
646,17/01/2025,0,8,7,1,5,9,6,0.0,,"R$0,00",0.0,"R$0,00",19.0,"R$1.205,71",396.0,"R$57,85",3568.0,"R$5,00","R$100.316,00","R$389.505,00","R$150.000,00",
647,20/01/2025,2,1,2,6,3,7,1,0.0,,"R$0,00",3.0,"R$5.052,47",32.0,"R$676,66",427.0,"R$50,71",3832.0,"R$5,00","R$155.893,55","R$373.410,00","R$200.000,00",
648,22/01/2025,9,7,4,5,5,8,0,0.0,,"R$0,00",0.0,"R$0,00",22.0,"R$919,08",376.0,"R$53,77",3197.0,"R$5,00","R$221.946,96","R$344.335,00","R$250.000,00",
649,24/01/2025,9,6,4,7,8,2,3,0.0,,"R$0,00",1.0,"R$15.559,72",25.0,"R$889,12",359.0,"R$61,91",3319.0,"R$5,00","R$279.001,16","R$376.302,50","R$300.000,00",
650,27/01/2025,0,7,6,1,6,9,8,0.0,,"R$0,00",1.0,"R$16.258,59",21.0,"R$1.106,02",367.0,"R$63,28",3441.0,"R$5,00","R$338.618,05","R$392.895,00","R$380.000,00",
651,29/01/2025,8,7,3,1,3,1,9,0.0,,"R$0,00",1.0,"R$14.762,20",24.0,"R$878,70",344.0,"R$61,30",3261.0,"R$5,00","R$392.747,32","R$358.295,00","R$500.000,00",
652,31/01/2025,0,9,2,1,8,8,0,0.0,,"R$0,00",3.0,"R$5.994,11",28.0,"R$917,46",396.0,"R$64,87",3771.0,"R$5,00","R$458.683,08","R$434.152,50","R$550.000,00",
653,03/02/2025,4,1,3,9,2,0,3,0.0,,"R$0,00",4.0,"R$4.645,44",27.0,"R$983,16",453.0,"R$58,59",3872.0,"R$5,00","R$526.819,14","R$448.342,50","R$600.000,00",
654,05/02/2025,0,8,2,3,7,5,0,0.0,,"R$0,00",0.0,"R$0,00",35.0,"R$700,93",590.0,"R$41,58",3740.0,"R$5,00","R$606.960,07","R$416.195,00","R$700.000,00",
655,07/02/2025,8,7,7,7,9,7,9,0.0,,"R$0,00",3.0,"R$6.242,20",49.0,"R$545,96",602.0,"R$44,43",4184.0,"R$5,00","R$675.628,27","R$455.055,00","R$800.000,00",
656,10/02/2025,5,9,3,9,7,2,6,0.0,,"R$0,00",2.0,"R$10.055,57",30.0,"R$957,67",480.0,"R$59,85",3985.0,"R$5,00","R$749.370,76","R$482.895,00","R$900.000,00",
657,12/02/2025,5,5,7,6,4,9,7,0.0,,"R$0,00",1.0,"R$17.629,15",27.0,"R$932,75",440.0,"R$57,23",3892.0,"R$5,00","R$814.013,42","R$427.852,50","R$950.000,00",
658,14/02/2025,0,9,7,2,7,5,4,0.0,,"R$0,00",1.0,"R$18.798,75",29.0,"R$926,04",417.0,"R$64,40",4197.0,"R$5,00","R$882.942,67","R$456.772,50","R$1.000.000,00",
659,17/02/2025,5,5,7,4,3,6,3,0.0,,"R$0,00",3.0,"R$6.758,58",38.0,"R$762,24",580.0,"R$49,94",4752.0,"R$5,00","R$957.287,34","R$495.232,50","R$1.100.000,00",
660,19/02/2025,4,3,5,1,2,8,9,0.0,,"R$0,00",3.0,"R$6.463,19",43.0,"R$644,17",531.0,"R$52,16",4779.0,"R$5,00","R$1.028.384,17","R$476.267,50","R$1.150.000,00",
661,21/02/2025,4,9,9,8,8,5,2,0.0,,"R$0,00",1.0,"R$20.914,09",32.0,"R$933,66",470.0,"R$63,56",4115.0,"R$5,00","R$1.105.072,13","R$501.842,50","R$1.200.000,00",
662,24/02/2025,1,4,4,5,7,8,9,0.0,,"R$0,00",8.0,"R$2.572,49",82.0,"R$358,53",881.0,"R$33,37",5513.0,"R$5,00","R$1.180.532,90","R$510.537,50","R$1.300.000,00",
663,26/02/2025,2,3,5,8,3,1,6,0.0,,"R$0,00",0.0,"R$0,00",51.0,"R$513,12",485.0,"R$53,95",4346.0,"R$5,00","R$1.266.022,90","R$448.032,50","R$1.400.000,00",
664,28/02/2025,5,8,9,1,5,4,1,0.0,,"R$0,00",1.0,"R$21.311,80",34.0,"R$895,45",486.0,"R$62,64",4519.0,"R$5,00","R$1.344.167,89","R$515.105,00","R$1.500.000,00",
665,05/03/2025,2,9,5,9,3,7,2,1.0,SAO PAULO/SP,"R$1.427.558,87",0.0,"R$0,00",31.0,"R$1.048,03",515.0,"R$63,08",4957.0,"R$5,00","R$22.742,40","R$551.220,00","R$100.000,00",
666,07/03/2025,2,4,6,3,4,6,1,0.0,,"R$0,00",0.0,"R$0,00",35.0,"R$599,90",419.0,"R$50,11",3529.0,"R$5,00","R$91.332,32","R$359.952,50","R$200.000,00",
667,10/03/2025,5,8,3,3,4,9,4,0.0,,"R$0,00",1.0,"R$16.067,06",22.0,"R$1.043,31",381.0,"R$60,24",3408.0,"R$5,00","R$150.245,97","R$388.352,50","R$250.000,00",
668,12/03/2025,5,5,9,9,6,7,3,0.0,,"R$0,00",0.0,"R$0,00",16.0,"R$1.258,07",338.0,"R$59,55",3060.0,"R$5,00","R$216.002,33","R$341.390,00","R$300.000,00",
669,14/03/2025,9,7,5,1,4,0,7,0.0,,"R$0,00",0.0,"R$0,00",16.0,"R$1.380,44",389.0,"R$56,77",3404.0,"R$5,00","R$288.155,99","R$375.125,00","R$400.000,00",
670,17/03/2025,9,8,4,0,9,1,5,0.0,,"R$0,00",1.0,"R$16.550,68",29.0,"R$815,30",325.0,"R$72,75",3180.0,"R$5,00","R$348.841,97","R$396.267,50","R$500.000,00",
671,19/03/2025,8,8,6,6,4,3,7,0.0,,"R$0,00",0.0,"R$0,00",25.0,"R$832,09",345.0,"R$60,29",3018.0,"R$5,00","R$416.797,67","R$351.157,50","R$550.000,00",
672,21/03/2025,5,2,1,6,7,6,9,0.0,,"R$0,00",0.0,"R$0,00",33.0,"R$701,36",440.0,"R$52,60",3960.0,"R$5,00","R$492.406,41","R$397.582,50","R$600.000,00",
673,24/03/2025,6,5,9,9,7,5,5,0.0,,"R$0,00",1.0,"R$16.589,98",25.0,"R$947,99",411.0,"R$57,66",3547.0,"R$5,00","R$553.237,65","R$401.312,50","R$650.000,00",
674,26/03/2025,4,4,1,7,0,2,6,0.0,,"R$0,00",0.0,"R$0,00",17.0,"R$1.281,16",333.0,"R$65,40",3160.0,"R$5,00","R$624.385,92","R$367.660,00","R$750.000,00",
675,28/03/2025,0,3,6,0,7,0,2,0.0,,"R$0,00",0.0,"R$0,00",27.0,"R$937,84",321.0,"R$78,88",3628.0,"R$5,00","R$707.104,49","R$426.927,50","R$800.000,00",
676,31/03/2025,3,9,7,8,7,9,1,0.0,,"R$0,00",3.0,"R$6.146,45",28.0,"R$940,78",355.0,"R$74,20",4115.0,"R$5,00","R$774.716,23","R$448.020,00","R$850.000,00",
677,02/04/2025,6,2,1,8,2,1,0,0.0,,"R$0,00",0.0,"R$0,00",37.0,"R$670,18",511.0,"R$48,52",3915.0,"R$5,00","R$855.722,02","R$422.215,00","R$950.000,00",
678,04/04/2025,2,3,1,5,9,0,7,0.0,,"R$0,00",1.0,"R$19.211,77",48.0,"R$571,77",538.0,"R$51,01",5043.0,"R$5,00","R$926.166,87","R$475.415,00","R$1.000.000,00",
679,07/04/2025,9,3,2,9,7,2,4,0.0,,"R$0,00",1.0,"R$25.624,36",25.0,"R$1.464,24",497.0,"R$73,65",5229.0,"R$5,00","R$1.020.124,52","R$617.005,00","R$1.100.000,00",
680,09/04/2025,8,5,4,5,0,2,5,0.0,,"R$0,00",1.0,"R$22.666,86",30.0,"R$1.079,37",512.0,"R$63,24",4610.0,"R$5,00","R$1.103.238,04","R$545.615,00","R$1.200.000,00",
681,11/04/2025,0,6,2,5,5,7,2,0.0,,"R$0,00",2.0,"R$13.768,54",50.0,"R$786,77",756.0,"R$52,03",6287.0,"R$5,00","R$1.204.210,31","R$670.685,00","R$1.300.000,00",
682,14/04/2025,1,4,1,2,7,1,2,0.0,,"R$0,00",2.0,"R$14.214,30",50.0,"R$812,24",813.0,"R$49,95",6753.0,"R$5,00","R$1.308.450,71","R$695.395,00","R$1.400.000,00",
683,16/04/2025,3,4,0,2,0,8,0,0.0,,"R$0,00",2.0,"R$11.347,45",31.0,"R$1.045,84",503.0,"R$64,45",4790.0,"R$5,00","R$1.391.667,52","R$548.280,00","R$1.500.000,00",
684,23/04/2025,6,7,7,1,6,7,7,1.0,BELO HORIZONTE/MG,"R$1.511.531,27",1.0,"R$32.688,92",60.0,"R$778,30",1039.0,"R$44,94",7201.0,"R$5,00","R$0,00","R$793.167,50","R$100.000,00",
685,25/04/2025,9,1,5,0,5,3,7,0.0,,"R$0,00",6.0,"R$2.543,13",51.0,"R$427,41",523.0,"R$41,67",3621.0,"R$5,00","R$55.952,38","R$373.205,00","R$150.000,00",
686,28/04/2025,0,2,3,9,6,0,0,0.0,,"R$0,00",1.0,"R$14.502,56",25.0,"R$828,71",367.0,"R$56,45",3280.0,"R$5,00","R$109.129,10","R$352.865,00","R$200.000,00",
687,30/04/2025,8,3,5,9,0,0,0,0.0,,"R$0,00",1.0,"R$14.036,27",32.0,"R$626,61",354.0,"R$56,64",2967.0,"R$5,00","R$160.596,52","R$339.150,00","R$250.000,00",
688,02/05/2025,0,2,2,6,7,8,6,0.0,,"R$0,00",3.0,"R$4.703,65",37.0,"R$544,82",419.0,"R$48,11",3613.0,"R$5,00","R$212.337,01","R$348.150,00","R$300.000,00",
689,05/05/2025,6,8,5,5,6,7,4,0.0,,"R$0,00",1.0,"R$16.826,44",26.0,"R$924,52",432.0,"R$55,64",3746.0,"R$5,00","R$274.035,02","R$408.727,50","R$350.000,00",
690,07/05/2025,8,3,5,8,7,2,5,0.0,,"R$0,00",0.0,"R$0,00",32.0,"R$695,79",403.0,"R$55,24",3457.0,"R$5,00","R$346.771,36","R$378.445,00","R$400.000,00",
691,09/05/2025,1,7,8,5,5,6,4,0.0,,"R$0,00",1.0,"R$16.583,77",35.0,"R$676,88",475.0,"R$49,87",4245.0,"R$5,00","R$407.580,74","R$409.147,50","R$450.000,00",
692,12/05/2025,6,0,4,8,0,5,5,0.0,,"R$0,00",1.0,"R$17.139,54",20.0,"R$1.224,25",358.0,"R$68,39",3406.0,"R$5,00","R$470.426,77","R$411.655,00","R$500.000,00",
693,14/05/2025,3,4,4,5,4,0,1,0.0,,"R$0,00",0.0,"R$0,00",23.0,"R$938,35",335.0,"R$64,42",3299.0,"R$5,00","R$540.929,89","R$366.240,00","R$600.000,00",
694,16/05/2025,4,1,1,1,1,8,7,0.0,,"R$0,00",0.0,"R$0,00",21.0,"R$1.150,61",479.0,"R$50,44",3796.0,"R$5,00","R$619.864,05","R$411.205,00","R$700.000,00",
695,19/05/2025,8,9,1,1,9,8,5,0.0,,"R$0,00",3.0,"R$5.787,79",31.0,"R$800,15",481.0,"R$51,56",4049.0,"R$5,00","R$683.533,02","R$423.865,00","R$750.000,00",
696,21/05/2025,0,8,5,7,6,0,4,0.0,,"R$0,00",0.0,"R$0,00",19.0,"R$1.170,47",324.0,"R$68,63",3082.0,"R$5,00","R$756.182,89","R$373.762,50","R$800.000,00",
697,23/05/2025,3,4,9,2,0,6,6,0.0,,"R$0,00",1.0,"R$18.658,20",25.0,"R$1.066,18",424.0,"R$62,86",3902.0,"R$5,00","R$824.597,72","R$450.347,50","R$900.000,00",
698,26/05/2025,9,1,6,9,7,2,6,0.0,,"R$0,00",3.0,"R$6.411,35",26.0,"R$1.056,81",412.0,"R$66,69",3809.0,"R$5,00","R$895.123,44","R$461.810,00","R$1.000.000,00",
699,28/05/2025,3,5,5,4,9,8,6,0.0,,"R$0,00",4.0,"R$4.379,92",32.0,"R$782,12",470.0,"R$53,25",3988.0,"R$5,00","R$959.362,78","R$426.567,50","R$1.100.000,00",
700,30/05/2025,3,0,6,6,5,8,2,0.0,,"R$0,00",2.0,"R$10.907,99",45.0,"R$692,57",579.0,"R$53,82",5097.0,"R$5,00","R$1.039.357,45","R$532.670,00","R$1.200.000,00",
701,02/06/2025,0,4,8,2,6,5,4,0.0,,"R$0,00",2.0,"R$11.249,20",48.0,"R$669,59",534.0,"R$60,18",4930.0,"R$5,00","R$1.121.854,84","R$545.605,00","R$1.300.000,00",
702,04/06/2025,6,8,0,5,3,0,2,0.0,,"R$0,00",1.0,"R$20.679,51",26.0,"R$1.136,23",449.0,"R$65,79",4164.0,"R$5,00","R$1.197.681,52","R$497.300,00","R$1.350.000,00",
703,06/06/2025,3,7,0,6,6,9,8,0.0,,"R$0,00",1.0,"R$22.399,11",29.0,"R$1.103,40",571.0,"R$56,03",4926.0,"R$5,00","R$1.279.815,61","R$543.400,00","R$1.400.000,00",
704,09/06/2025,2,1,3,5,1,7,1,0.0,,"R$0,00",2.0,"R$11.143,52",44.0,"R$723,60",703.0,"R$45,28",5668.0,"R$5,00","R$1.361.539,72","R$549.435,00","R$1.500.000,00",
705,11/06/2025,8,6,6,5,3,1,3,0.0,,"R$0,00",4.0,"R$5.379,91",48.0,"R$640,46",497.0,"R$61,85",4427.0,"R$5,00","R$1.440.447,31","R$518.575,00","R$1.600.000,00",
706,13/06/2025,3,8,9,2,8,0,6,0.0,,"R$0,00",2.0,"R$11.548,35",29.0,"R$1.137,76",476.0,"R$69,31",4433.0,"R$5,00","R$1.525.137,98","R$552.942,50","R$1.650.000,00",
707,16/06/2025,3,7,6,6,4,1,2,0.0,,"R$0,00",3.0,"R$8.872,51",61.0,"R$623,36",756.0,"R$50,29",6119.0,"R$5,00","R$1.622.739,71","R$648.767,50","R$1.700.000,00",
708,18/06/2025,0,8,9,4,9,5,4,0.0,,"R$0,00",1.0,"R$23.280,72",27.0,"R$1.231,78",546.0,"R$60,91",4925.0,"R$5,00","R$1.708.103,33","R$562.562,50","R$1.800.000,00",
709,20/06/2025,0,3,7,4,9,6,1,0.0,,"R$0,00",5.0,"R$4.891,42",48.0,"R$727,88",596.0,"R$58,62",5657.0,"R$5,00","R$1.797.780,42","R$596.505,00","R$1.900.000,00",
710,23/06/2025,2,0,5,0,0,6,5,0.0,,"R$0,00",3.0,"R$11.540,60",63.0,"R$785,07",789.0,"R$62,68",7546.0,"R$5,00","R$1.924.730,98","R$839.145,00","R$2.000.000,00",
711,25/06/2025,5,9,1,9,7,0,5,0.0,,"R$0,00",2.0,"R$14.990,31",39.0,"R$1.098,19",721.0,"R$59,40",6212.0,"R$5,00","R$2.034.661,36","R$722.972,50","R$2.100.000,00",
712,27/06/2025,8,2,2,5,6,5,9,0.0,,"R$0,00",0.0,"R$0,00",39.0,"R$1.092,95",712.0,"R$59,86",7216.0,"R$5,00","R$2.173.907,42","R$731.327,50","R$2.300.000,00",
713,30/06/2025,5,1,9,9,7,3,4,0.0,,"R$0,00",0.0,"R$0,00",49.0,"R$978,70",716.0,"R$66,97",6918.0,"R$5,00","R$2.330.570,00","R$809.090,00","R$2.400.000,00",
714,02/07/2025,0,5,8,4,5,8,8,0.0,,"R$0,00",2.0,"R$15.935,09",36.0,"R$1.264,68",782.0,"R$58,22",7121.0,"R$5,00","R$2.447.428,16","R$774.447,50","R$2.500.000,00",
715,04/07/2025,6,5,6,7,1,7,3,0.0,,"R$0,00",2.0,"R$18.629,38",71.0,"R$749,67",928.0,"R$57,35",8048.0,"R$5,00","R$2.584.048,03","R$902.227,50","R$2.700.000,00",
716,07/07/2025,9,0,0,7,9,4,1,0.0,,"R$0,00",2.0,"R$19.777,06",57.0,"R$991,33",930.0,"R$60,75",8153.0,"R$5,00","R$2.729.085,71","R$953.347,50","R$2.800.000,00",
717,09/07/2025,0,0,6,5,6,1,0,0.0,,"R$0,00",4.0,"R$7.835,78",45.0,"R$995,01",705.0,"R$63,51",6912.0,"R$5,00","R$2.844.011,57","R$760.597,50","R$3.000.000,00",
718,11/07/2025,8,3,5,1,0,1,4,0.0,,"R$0,00",2.0,"R$18.335,99",39.0,"R$1.343,29",819.0,"R$63,96",7547.0,"R$5,00","R$2.978.479,37","R$883.745,00","R$3.200.000,00",
719,14/07/2025,6,1,1,1,4,7,3,0.0,,"R$0,00",0.0,"R$0,00",91.0,"R$618,95",1161.0,"R$48,51",9351.0,"R$5,00","R$3.162.479,65","R$964.277,50","R$3.300.000,00",
720,16/07/2025,5,5,7,8,5,7,8,0.0,,"R$0,00",3.0,"R$11.974,26",45.0,"R$1.140,40",690.0,"R$74,37",7825.0,"R$5,00","R$3.294.198,75","R$870.625,00","R$3.400.000,00",
721,18/07/2025,9,5,6,2,4,1,1,0.0,,"R$0,00",1.0,"R$39.381,61",39.0,"R$1.442,54",920.0,"R$61,15",8364.0,"R$5,00","R$3.438.599,29","R$952.005,00","R$3.500.000,00",
722,21/07/2025,0,7,4,9,4,9,1,0.0,,"R$0,00",0.0,"R$0,00",63.0,"R$961,63",983.0,"R$61,63",9189.0,"R$5,00","R$3.636.505,24","R$1.027.250,00","R$3.700.000,00",
723,23/07/2025,0,1,4,9,7,9,6,0.0,,"R$0,00",4.0,"R$9.272,06",58.0,"R$913,50",1050.0,"R$50,46",8541.0,"R$5,00","R$3.772.495,66","R$904.147,50","R$3.900.000,00",
724,25/07/2025,7,2,1,7,0,8,7,0.0,,"R$0,00",4.0,"R$9.728,74",62.0,"R$896,65",952.0,"R$58,39",8910.0,"R$5,00","R$3.915.188,05","R$948.090,00","R$4.100.000,00",
725,28/07/2025,0,0,5,2,0,4,3,0.0,,"R$0,00",5.0,"R$8.490,03",91.0,"R$666,40",1079.0,"R$56,20",9454.0,"R$5,00","R$4.070.841,28","R$1.031.187,50","R$4.200.000,00",
726,30/07/2025,0,9,7,1,5,2,6,0.0,,"R$0,00",4.0,"R$9.483,79",50.0,"R$1.083,86",994.0,"R$54,52",8598.0,"R$5,00","R$4.209.936,89","R$923.217,50","R$4.400.000,00",
727,01/08/2025,8,9,0,5,5,2,6,0.0,,"R$0,00",0.0,"R$0,00",64.0,"R$935,69",1050.0,"R$57,03",8184.0,"R$5,00","R$4.405.563,26","R$1.005.142,50","R$4.600.000,00",
728,04/08/2025,5,0,2,3,9,8,1,0.0,,"R$0,00",3.0,"R$14.848,09",70.0,"R$909,06",961.0,"R$66,21",9514.0,"R$5,00","R$4.568.897,38","R$1.077.417,50","R$4.800.000,00",
729,06/08/2025,1,1,3,1,7,8,6,0.0,,"R$0,00",8.0,"R$5.438,70",99.0,"R$627,84",1224.0,"R$50,78",10726.0,"R$5,00","R$4.728.433,92","R$1.068.752,50","R$4.900.000,00",
730,08/08/2025,6,4,5,7,0,0,3,0.0,,"R$0,00",4.0,"R$13.422,28",69.0,"R$1.111,57",1359.0,"R$56,43",11693.0,"R$5,00","R$4.925.301,63","R$1.301.187,50","R$5.200.000,00",
731,11/08/2025,6,1,1,0,1,6,7,0.0,,"R$0,00",1.0,"R$59.679,27",101.0,"R$844,11",1472.0,"R$57,91",13189.0,"R$5,00","R$5.144.135,09","R$1.448.547,50","R$5.400.000,00",
732,13/08/2025,3,2,5,0,3,6,9,0.0,,"R$0,00",3.0,"R$17.736,07",81.0,"R$938,41",1486.0,"R$51,15",12814.0,"R$5,00","R$5.339.234,11","R$1.303.527,50","R$5.500.000,00",
733,15/08/2025,1,5,9,8,8,8,3,1.0,JARAGUA DO SUL/SC,"R$5.528.992,43",9.0,"R$5.750,18",89.0,"R$830,68",1262.0,"R$58,58",10798.0,"R$5,00","R$0,00","R$1.248.830,00","R$100.000,00",
734,18/08/2025,1,8,5,7,0,9,8,0.0,,"R$0,00",0.0,"R$0,00",40.0,"R$591,82",414.0,"R$57,18",4012.0,"R$5,00","R$77.332,60","R$406.212,50","R$150.000,00",
735,20/08/2025,7,3,0,3,2,2,8,0.0,,"R$0,00",3.0,"R$4.760,06",24.0,"R$850,01",320.0,"R$63,75",3036.0,"R$5,00","R$129.693,44","R$345.242,50","R$200.000,00",
736,22/08/2025,1,2,2,0,9,0,2,0.0,,"R$0,00",2.0,"R$7.067,13",24.0,"R$841,32",389.0,"R$51,90",3338.0,"R$5,00","R$181.521,11","R$345.517,50","R$250.000,00",
737,25/08/2025,8,4,2,0,5,6,2,0.0,,"R$0,00",0.0,"R$0,00",23.0,"R$931,39",325.0,"R$65,91",3218.0,"R$5,00","R$251.501,04","R$362.877,50","R$300.000,00",
738,27/08/2025,3,2,0,3,3,4,8,0.0,,"R$0,00",4.0,"R$4.549,30",32.0,"R$812,37",413.0,"R$62,94",3658.0,"R$5,00","R$318.225,43","R$437.535,00","R$350.000,00",
739,29/08/2025,2,3,7,3,5,9,6,0.0,,"R$0,00",0.0,"R$0,00",30.0,"R$1.038,19",507.0,"R$61,43",4305.0,"R$5,00","R$419.969,55","R$523.326,00","R$500.000,00",
740,01/09/2025,4,9,0,7,5,4,5,0.0,,"R$0,00",2.0,"R$12.136,79",16.0,"R$2.167,28",425.0,"R$81,59",4068.0,"R$5,00","R$508.973,35","R$574.371,00","R$550.000,00",
741,03/09/2025,6,3,8,8,8,8,5,0.0,,"R$0,00",1.0,"R$22.043,59",22.0,"R$1.431,40",451.0,"R$69,82",3544.0,"R$5,00","R$589.801,29","R$519.888,00","R$650.000,00",
742,05/09/2025,4,0,1,4,7,9,1,0.0,,"R$0,00",2.0,"R$11.632,70",25.0,"R$1.329,45",411.0,"R$80,86",4037.0,"R$6,00","R$675.109,75","R$561.309,00","R$750.000,00",
743,08/09/2025,1,4,2,4,8,1,1,0.0,,"R$0,00",2.0,"R$11.764,27",28.0,"R$1.200,43",489.0,"R$68,73",4561.0,"R$6,00","R$761.383,50","R$574.212,00","R$850.000,00",
744,10/09/2025,5,5,0,4,0,3,5,0.0,,"R$0,00",0.0,"R$0,00",37.0,"R$833,16",492.0,"R$62,65",4073.0,"R$6,00","R$862.088,27","R$525.126,00","R$950.000,00",
745,12/09/2025,3,5,1,5,2,7,4,0.0,,"R$0,00",6.0,"R$3.915,19",36.0,"R$932,18",570.0,"R$58,87",4842.0,"R$6,00","R$948.224,52","R$577.248,00","R$1.050.000,00",
746,15/09/2025,8,7,9,8,9,6,9,0.0,,"R$0,00",0.0,"R$0,00",29.0,"R$1.259,25",474.0,"R$77,04",4290.0,"R$6,00","R$1.067.519,65","R$614.745,00","R$1.150.000,00",
747,17/09/2025,1,1,6,9,9,7,8,0.0,,"R$0,00",3.0,"R$7.806,08",26.0,"R$1.286,71",554.0,"R$60,38",4860.0,"R$6,00","R$1.153.389,62","R$575.910,00","R$1.250.000,00",
748,19/09/2025,3,6,8,0,3,3,7,0.0,,"R$0,00",1.0,"R$25.231,22",33.0,"R$1.092,26",493.0,"R$73,11",4521.0,"R$6,00","R$1.245.905,07","R$610.695,00","R$1.350.000,00",
749,22/09/2025,3,4,9,0,4,3,7,0.0,,"R$0,00",1.0,"R$26.365,31",42.0,"R$896,77",585.0,"R$64,38",4585.0,"R$6,00","R$1.342.579,84","R$636.237,00","R$1.450.000,00",
750,24/09/2025,1,1,6,2,4,6,2,0.0,,"R$0,00",1.0,"R$23.601,34",36.0,"R$936,56",537.0,"R$62,78",4752.0,"R$6,00","R$1.429.120,42","R$578.412,00","R$1.500.000,00",
751,26/09/2025,1,5,7,3,2,4,5,0.0,,"R$0,00",1.0,"R$25.392,59",36.0,"R$1.007,64",607.0,"R$59,76",5274.0,"R$6,00","R$1.522.227,21","R$624.522,00","R$1.600.000,00",
752,,2,5,8,8,6,7,1,,,,,,,,,,,,,,,
753,,1,3,7,9,6,3,1,,,,,,,,,,,,,,,
754,,0,6,8,4,6,8,0,,,,,,,,,,,,,,,
755,,6,5,4,1,0,3,4,,,,,,,,,,,,,,,
756,,0,7,3,0,9,7,3,,,,,,,,,,,,,,,
757,,0,6,7,2,0,7,0,,,,,,,,,,,,,,,
758,,4,6,8,0,3,0,0,,,,,,,,,,,,,,,
759,,2,2,5,3,5,9,5,,,,,,,,,,,,,,,
760,,0,2,4,0,7,4,9,,,,,,,,,,,,,,,
761,,4,7,4,8,6,6,2,,,,,,,,,,,,,,,
762,,7,7,5,3,1,0,2,,,,,,,,,,,,,,,
763,,3,9,0,7,3,5,2,,,,,,,,,,,,,,,
764,,0,4,5,3,1,8,5,,,,,,,,,,,,,,,
765,,8,4,6,2,4,0,6,,,,,,,,,,,,,,,
766,,0,1,0,7,0,4,7,,,,,,,,,,,,,,,
767,,0,7,6,2,0,0,6,,,,,,,,,,,,,,,
768,,6,5,8,0,2,5,9,,,,,,,,,,,,,,,
769,,5,8,4,6,3,3,0,,,,,,,,,,,,,,,
770,,9,4,3,4,4,9,7,,,,,,,,,,,,,,,
771,,3,7,6,0,5,7,8,,,,,,,,,,,,,,,
772,,0,9,0,9,7,9,4,,,,,,,,,,,,,,,
773,,9,3,6,0,1,6,3,,,,,,,,,,,,,,,
774,,7,9,9,8,6,2,6,,,,,,,,,,,,,,,
775,,3,4,4,6,6,6,1,,,,,,,,,,,,,,,
776,,3,2,1,6,1,8,9,,,,,,,,,,,,,,,
777,,9,9,1,5,0,8,9,,,,,,,,,,,,,,,
778,,8,2,0,8,3,8,5,,,,,,,,,,,,,,,
779,,9,4,0,0,0,9,9,,,,,,,,,,,,,,,
780,,5,4,0,2,2,3,9,,,,,,,,,,,,,,,
781,,4,5,4,4,3,6,2,,,,,,,,,,,,,,,
782,,5,1,3,4,9,9,3,,,,,,,,,,,,,,,
783,,4,4,9,0,0,7,5,,,,,,,,,,,,,,,
784,,8,0,1,5,3,3,3,,,,,,,,,,,,,,,
785,,5,2,4,9,2,9,8,,,,,,,,,,,,,,,
786,,8,0,7,1,8,9,3,,,,,,,,,,,,,,,
787,,8,9,2,2,7,0,3,,,,,,,,,,,,,,,
788,,1,7,1,2,2,4,0,,,,,,,,,,,,,,,
789,,6,5,7,4,3,9,4,,,,,,,,,,,,,,,
790,,6,3,6,2,7,4,3,,,,,,,,,,,,,,,
791,,2,5,9,2,3,7,1,,,,,,,,,,,,,,,
792,,7,1,0,3,3,0,3,,,,,,,,,,,,,,,
793,,5,4,5,1,4,5,0,,,,,,,,,,,,,,,
794,,8,4,3,7,7,6,1,,,,,,,,,,,,,,,
795,,7,9,1,4,3,4,9,,,,,,,,,,,,,,,
796,,5,6,2,7,0,7,6,,,,,,,,,,,,,,,
797,,3,1,4,8,3,0,6,,,,,,,,,,,,,,,
798,,4,8,5,7,1,4,6,,,,,,,,,,,,,,,
799,,9,6,0,4,7,1,8,,,,,,,,,,,,,,,
800,,4,1,2,5,2,2,5,,,,,,,,,,,,,,,
801,,2,7,4,3,9,2,1,,,,,,,,,,,,,,,
802,,0,0,7,8,1,6,9,,,,,,,,,,,,,,,
803,,6,4,2,1,6,8,7,,,,,,,,,,,,,,,
804,,9,7,8,9,4,6,7,,,,,,,,,,,,,,,
805,,3,0,0,0,8,0,8,,,,,,,,,,,,,,,
806,,7,4,4,9,7,6,8,,,,,,,,,,,,,,,
807,,9,5,0,3,3,6,9,,,,,,,,,,,,,,,
808,,5,4,1,2,7,5,3,,,,,,,,,,,,,,,
809,,6,1,7,0,8,5,5,,,,,,,,,,,,,,,
810,,5,9,3,5,1,0,4,,,,,,,,,,,,,,,
811,,9,6,1,2,0,2,5,,,,,,,,,,,,,,,
812,,2,7,2,0,1,1,7,,,,,,,,,,,,,,,
